0 1 3
262144 3 3
786432 7 0
786440 23 0
786440 71 0
786440 4103 3
786440 1048583 0
786440 16777223 0
786440 1073741831 3
786440 68719476743 0
786432 67 5
1074528256 71 0
1074528256 195 4
1074528256 4163 3
1074528256 1048643 0
1074528256 16777283 4
1074528256 2147483715 4
1074528256 68719476803 0
786432 4099 4
17563648 4103 0
17563648 4163 2
17563648 12291 3
17563648 1052675 4
17563648 33558531 5
17563648 1073745923 4
17563648 68719480835 3
786432 1048579 4
17563648 1048583 0
17563648 1048643 5
17563648 1052675 4
17563648 3145731 2
17563648 34603011 2
17563648 1074790403 4
17563648 68720525315 2
786432 16777219 3
1835008 16777223 3
1835008 16777283 3
1835008 16781315 3
1835008 18874371 0
1835008 50331651 3
1835008 1090519043 3
1835008 68736253955 0
786432 1073741827 4
17563648 1073741831 0
17563648 1073741891 0
17563648 1073745923 4
17563648 1074790403 4
17563648 1107296259 2
17563648 3221225475 2
17563648 69793218563 1
786432 68719476739 4
17563648 68719476743 0
17563648 68719476803 3
17563648 68719480835 3
17563648 68720525315 2
17563648 68753031171 2
17563648 69793218563 3
17563648 206158430211 2
262144 65 3
786432 67 3
1835008 71 3
1835008 195 3
1835008 4163 3
1835008 2097219 0
1835008 16777283 3
1835008 1073741891 3
1835008 68719476803 0
786432 193 4
17563648 195 5
17563648 449 1
17563648 4289 0
17563648 1048769 5
17563648 33554625 5
17563648 1073742017 4
17563648 68719476929 5
786432 4161 0
68720263168 4163 0
68720263168 4289 0
68720263168 12353 4
68720263168 1052737 2
68720263168 16781377 3
68720263168 1073745985 6
68720263168 137438957633 3
786432 1048641 1
786560 1048643 0
786560 1048897 0
786560 1052737 2
786560 3145793 0
786560 17825857 4
786560 1074790465 0
786560 68720525377 6
786432 16777281 0
786432 16777283 4
786560 16777537 0
786560 16781377 2
786560 17825857 4
786560 50331713 3
786560 1090519105 0
786560 68736254017 6
786432 1073741889 0
1835008 1073741891 3
1835008 1073742017 0
1835008 1073745985 3
1835008 1075839041 1
1835008 1090519105 0
1835008 3221225537 3
1835008 69793218625 0
786432 68719476801 3
1835008 68719476803 4
1835008 68719476929 3
1835008 68719480897 3
1835008 68721573953 0
1835008 68736254017 3
1835008 69793218625 3
1835008 206158430273 3
262144 4097 3
786432 4099 4
17563648 4103 0
17563648 4163 4
17563648 12291 5
17563648 1052675 4
17563648 33558531 5
17563648 1073745923 4
17563648 68719480835 3
786432 4161 3
1835008 4163 3
1835008 4289 3
1835008 12353 3
1835008 2101313 5
1835008 16781377 3
1835008 1073745985 3
1835008 68719480897 3
786432 12289 2
802816 12291 3
802816 12353 3
802816 45057 3
802816 1060865 2
802816 16789505 3
802816 1073754113 3
802816 68719489025 3
786432 1052673 2
794624 1052675 0
794624 1052737 1
794624 1069057 0
794624 3149825 0
794624 17829889 4
794624 1074794497 3
794624 68720529409 2
786432 16781313 4
34340864 16781315 3
34340864 16781377 2
34340864 16789505 3
34340864 17829889 2
34340864 83890177 3
34340864 1090523137 3
34340864 68736258049 5
786432 1073745921 2
794624 1073745923 3
794624 1073745985 1
794624 1073762305 5
794624 1074794497 5
794624 1090523137 1
794624 3221229569 3
794624 69793222657 3
786432 68719480833 0
786432 68719480835 3
1835008 68719480897 3
1835008 68719489025 3
1835008 68721577985 0
1835008 68736258049 3
1835008 69793222657 3
1835008 206158434305 0
262144 524289 5
1074003968 524291 4
1090781184 524295 5
1090781184 524355 5
1090781184 528387 5
1090781184 1572867 5
1090781184 34078723 5
1090781184 2148007939 5
1090781184 68720001027 5
1074003968 524353 4
1090781184 524355 5
1090781184 524481 5
1090781184 528449 5
1090781184 1572929 5
1090781184 34078785 5
1090781184 2148008001 5
1090781184 68720001089 5
1074003968 528385 3
1075052544 528387 2
1075052544 528449 3
1075052544 536577 4
1075052544 2625537 2
1075052544 17305601 2
1075052544 2148012033 0
1075052544 68720005121 3
1074003968 1572865 0
1074003968 1572867 5
1090781184 1572929 5
1090781184 1576961 5
1090781184 3670017 5
1090781184 35127297 5
1090781184 2149056513 5
1090781184 68721049601 5
1074003968 17301505 3
1074003968 17301507 3
1075052544 17301569 3
1075052544 17305601 2
1075052544 19398657 4
1075052544 50855937 3
1075052544 2164785153 3
1075052544 68736778241 3
1074003968 2148007937 4
1090781184 2148007939 5
1090781184 2148008001 5
1090781184 2148012033 5
1090781184 2149056513 5
1090781184 2181562369 5
1090781184 6442975233 5
1090781184 70867484673 5
1074003968 68720001025 3
1075052544 68720001027 3
1075052544 68720001089 3
1075052544 68720005121 3
1075052544 68722098177 0
1075052544 68736778241 3
1075052544 70867484673 3
1075052544 206158954497 4
262144 16777217 3
786432 16777219 3
1835008 16777223 3
1835008 16777283 3
1835008 16781315 3
1835008 18874371 0
1835008 50331651 3
1835008 1090519043 3
1835008 68736253955 0
786432 16777281 0
786432 16777283 4
786560 16777537 0
786560 16781377 2
786560 17825857 4
786560 50331713 3
786560 1090519105 0
786560 68736254017 3
786432 16781313 4
34340864 16781315 3
34340864 16781377 2
34340864 16789505 3
34340864 17829889 2
34340864 83890177 3
34340864 1090523137 3
34340864 68736258049 3
786432 17825793 4
34340864 17825795 0
34340864 17825857 3
34340864 17829889 2
34340864 19922945 0
34340864 84934657 4
34340864 1091567617 4
34340864 68737302529 0
786432 50331649 3
1835008 50331651 3
1835008 50331713 3
1835008 50335745 3
1835008 52428801 4
1835008 117440513 3
1835008 1124073473 0
1835008 68769808385 3
786432 1090519041 0
1835008 1090519043 3
1835008 1090519105 0
1835008 1090523137 3
1835008 1092616193 0
1835008 1124073473 3
1835008 3238002689 3
1835008 69809995777 3
786432 68736253953 0
786432 68736253955 3
1835008 68736254017 3
1835008 68736258049 3
1835008 68738351105 0
1835008 68769808385 3
1835008 69809995777 3
1835008 206175207425 0
262144 1073741825 3
786432 1073741827 4
786432 1073741831 4
17563648 1073741891 0
17563648 1073745923 4
17563648 1074790403 4
17563648 1107296259 3
17563648 3221225475 2
17563648 69793218563 0
786432 1073741889 0
786432 1073741891 0
786432 1073741889 0
786432 1073745921 0
786432 1074790401 0
786432 1090519041 0
786432 3221225473 0
786432 69793218561 0
262144 4097 0
262144 4099 3
262144 65 3
262144 4097 3
262144 524289 5
262144 16777217 3
262144 1073741825 3
262144 68719476737 4
0 262144 3
524288 262145 3
524288 262208 2
524288 266240 4
524288 1310720 3
524288 17039360 2
524288 1074003968 4
524288 68719738880 3
0 16777216 1
64 16777217 5
64 16777344 4
64 16781312 1
64 17039360 5
64 50331648 4
64 1090519040 3
64 68736253952 4
0 1073741824 4
16777216 1073741825 1
16777216 1073741888 0
16777216 1073745920 4
16777216 1074003968 3
16777216 1107296256 4
16777216 3221225472 5
16777216 69793218560 4
0 68719476736 3
262144 68719476737 4
262144 68719476800 3
262144 68719480832 3
262144 68720001024 3
262144 68736253952 3
262144 69793218560 3
262144 206158430208 2
0 68719476736 3
262144 68719476737 2
266240 68719476739 4
266240 68719476801 3
266240 68719484929 4
266240 68720001025 4
266240 68736253953 2
266240 69793218561 2
266240 206158430209 4
262144 68719476800 3
786432 68719476801 3
786432 68719476928 3
786432 68719480896 0
786432 68720525376 1
786432 68736254016 3
786432 69793218624 5
786432 206158430272 0
262144 68719480832 3
786432 68719480833 0
786432 68719480896 2
786432 68719489024 3
786432 68720529408 2
786432 68736258048 4
786432 69793222656 0
786432 206158434304 2
262144 68720001024 1
262208 68720001025 3
262208 68720001152 2
262208 68720005120 0
262208 68721049600 0
262208 68736778240 2
262208 69793742848 2
262208 206158954496 2
262144 68736253952 3
786432 68736253953 6
786432 68736254016 4
786432 68736258048 4
786432 68737302528 4
786432 68769808384 3
786432 69809995776 0
786432 206175207424 3
262144 69793218560 3
786432 69793218561 3
786432 69793218624 6
786432 69793222656 5
786432 69794267136 5
786432 69809995776 5
786432 71940702208 2
786432 207232172032 0
262144 206158430208 2
266240 206158430209 4
266240 206158430272 3
266240 206158438400 4
266240 206158954496 4
266240 206175207424 3
266240 207232172032 1
266240 481036337152 6
0 64 2
4096 65 2
12288 67 2
28672 71 2
28672 195 2
28672 32835 4
28672 262211 2
28672 16777283 2
28672 1073741891 2
28672 68719476803 2
12288 193 1
12544 195 2
12544 705 3
12544 16577 1
12544 262337 2
12544 16777409 2
12544 1073742017 2
12544 68719476929 2
12288 16449 2
45056 16451 0
45056 16577 1
45056 81985 1
45056 278593 1
45056 16793665 5
45056 1073758273 1
45056 68719493185 1
12288 262209 2
28672 262211 2
28672 262337 2
28672 294977 3
28672 786497 2
28672 17039425 2
28672 1074004033 2
28672 68719738945 2
12288 16777281 6
68719489024 16777283 2
68719489024 16777409 1
68719489024 16793665 4
68719489024 17039425 2
68719489024 50331713 4
68719489024 1090519105 4
68719489024 137455730753 4
12288 1073741889 0
12290 1073741893 6
12290 1073742017 2
12290 1073758273 1
12290 1074004033 2
12290 1090519105 6
12290 3221225537 0
12290 69793218625 1
12288 68719476801 4
16789504 68719476803 2
16789504 68719476929 2
16789504 68719493185 4
16789504 68719738945 2
16789504 68753031233 2
16789504 69793218625 4
16789504 206158430273 3
4096 192 1
4352 193 6
68719481088 195 6
68719481088 705 1
68719481088 8385 6
68719481088 262337 2
68719481088 16777409 2
68719481088 1073742017 6
68719481088 137438953665 2
4352 704 2
12544 705 3
12544 1728 2
12544 17088 1
12544 262848 0
12544 16777920 2
12544 1073742528 2
12544 68719477440 3
4352 8384 2
20736 8385 0
20736 8896 2
20736 41152 5
20736 270528 3
20736 16785600 2
20736 1073750208 3
20736 68719485120 2
4352 262336 2
12544 262337 2
12544 262848 2
12544 278720 2
12544 786624 2
12544 17039552 3
12544 1074004160 2
12544 68719739072 2
4352 16777408 2
12544 16777409 2
12544 16777920 2
12544 16793792 1
12544 17039552 3
12544 50331840 4
12544 1090519232 2
12544 68736254144 2
4352 1073742016 4
16781568 1073742017 4
16781568 1073742528 2
16781568 1073750208 0
16781568 1074004160 3
16781568 1107296448 1
16781568 3221225664 1
16781568 69793218752 4
4352 68719476928 5
1073746176 68719476929 5
1073746176 68719477440 5
1073746176 68719485120 1
1073746176 68719739072 3
1073746176 68736254144 1
1073746176 70866960576 5
1073746176 206158430400 3
4096 8256 2
20480 8257 2
53248 8259 1
53248 8385 2
53248 73793 3
53248 270401 2
53248 16785473 4
53248 1073750081 2
53248 68719484993 2
20480 8384 2
53248 8385 0
53248 8640 1
53248 73920 5
53248 270528 3
53248 16785600 2
53248 1073750208 5
53248 68719485120 5
20480 41024 1
20608 41025 1
20608 41280 0
20608 106560 1
20608 303168 5
20608 16818240 4
20608 1073782848 5
20608 68719517760 1
20480 270400 3
544768 270401 3
544768 270528 3
544768 303168 3
544768 1318976 3
544768 17047616 3
544768 1074012224 3
544768 68719747136 3
20480 16785472 2
53248 16785473 2
53248 16785600 4
53248 16851008 4
53248 17047616 4
53248 50339904 2
53248 1090527296 6
53248 68736262208 2
20480 1073750080 3
282624 1073750081 3
282624 1073750208 3
282624 1073782848 1
282624 1074274368 2
282624 1090527296 4
282624 3221233728 2
282624 69793226816 1
20480 68719484992 2
53248 68719484993 2
53248 68719485120 5
53248 68719550528 3
53248 68719747136 5
53248 68736262208 4
53248 69793226816 2
53248 206158438464 3
4096 262208 3
528384 262209 3
1576960 262211 3
1576960 262337 4
1576960 270401 2
1576960 2359361 1
1576960 17039425 4
1576960 1074004033 0
1576960 68719738945 4
528384 262336 3
1576960 262337 3
1576960 262592 1
1576960 270528 3
1576960 2359488 0
1576960 17039552 1
1576960 1074004160 0
1576960 68719739072 1
528384 270400 3
1576960 270401 2
1576960 270528 2
1576960 286784 3
1576960 2367552 2
1576960 17047616 2
1576960 1074012224 2
1576960 68719747136 2
528384 1310784 2
536576 1310785 3
536576 1310912 2
536576 1327168 1
536576 3407936 2
536576 18088000 1
536576 1075052608 1
536576 68720787520 1
528384 17039424 3
1576960 17039425 2
1576960 17039552 4
1576960 17047616 2
1576960 19136576 2
1576960 50593856 3
1576960 1090781248 6
1576960 68736516160 5
528384 1074004032 2
536576 1074004033 4
536576 1074004160 3
536576 1074020416 1
536576 1075052608 1
536576 1090781248 6
536576 3221487680 2
536576 69793480768 4
528384 68719738944 3
1576960 68719738945 0
1576960 68719739072 4
1576960 68719747136 2
1576960 68721836096 5
1576960 68736516160 5
1576960 69793480768 4
1576960 206158692416 2
4096 16777280 2
12288 16777281 0
12290 16777285 4
12290 16777409 2
12290 16793665 1
12290 17039425 2
12290 50331713 2
12290 1090519105 1
12290 68736254017 5
12288 16777408 2
28672 16777409 2
28672 16777664 2
28672 16810176 4
28672 17039552 2
28672 50331840 2
28672 1090519232 2
28672 68736254144 2
12288 16793664 2
45056 16793665 5
45056 16793792 1
45056 16859200 6
45056 17055808 3
45056 50348096 4
45056 1090535488 6
45056 68736270400 5
12288 17039424 3
536576 17039425 1
536576 17039552 2
536576 17055808 1
536576 18088000 1
536576 50593856 4
536576 1090781248 6
536576 68736516160 5
12288 50331712 4
67121152 50331713 2
67121152 50331840 1
67121152 50348096 2
67121152 50593856 1
67121152 184549440 1
67121152 1124073536 6
67121152 68769808448 5
12288 1090519104 4
33566720 1090519105 3
33566720 1090519232 5
33566720 1090535488 6
33566720 1090781248 6
33566720 1157627968 1
33566720 3238002752 6
33566720 69809995840 3
12288 68736254016 4
33566720 68736254017 3
33566720 68736254144 2
33566720 68736270400 5
33566720 68736516160 5
33566720 68803362880 1
33566720 69809995840 3
33566720 206175207488 3
4096 1073741888 6
68719480832 1073741889 2
68719489024 1073741891 5
68719489024 1073742017 2
68719489024 1073758273 1
68719489024 1074004033 3
68719489024 1090519105 4
68719489024 3221225537 5
68719489024 138512695361 3
68719480832 1073742016 5
70866964480 1073742017 6
70866964480 1073742272 1
70866964480 1073750208 1
70866964480 1074004160 3
70866964480 1090519232 0
70866964480 5368709312 2
70866964480 138512695488 5
68719480832 1073750080 0
68719497216 1073750081 0
68719497216 1073750208 6
68719497216 1073782848 5
68719497216 1074012224 6
68719497216 1090527296 1
68719497216 3221233728 1
68719497216 138512703552 1
68719480832 1074004032 3
68720005120 1074004033 0
68720005120 1074004160 3
68720005120 1074012224 3
68720005120 1075052608 2
68720005120 1090781248 5
68720005120 3221487680 2
68720005120 138512957504 2
68719480832 1090519104 2
68719489024 1090519105 4
68719489024 1090519232 5
68719489024 1090535488 2
68719489024 1090781248 3
68719489024 1124073536 4
68719489024 3238002752 4
68719489024 138529472576 0
68719480832 3221225536 5
73014448128 3221225537 2
73014448128 3221225664 1
73014448128 3221233728 5
73014448128 3221487680 3
73014448128 3238002752 5
73014448128 11811160128 1
73014448128 140660179008 5
68719480832 138512695360 2
68719489024 138512695361 2
68719489024 138512695488 1
68719489024 138512711744 5
68719489024 138512957504 2
68719489024 138529472576 2
68719489024 140660179008 2
68719489024 413390602304 5
4096 68719476800 2
12288 68719476801 4
16789504 68719476803 2
16789504 68719476929 2
16789504 68719493185 4
16789504 68719738945 2
16789504 68753031233 2
16789504 69793218625 2
16789504 206158430273 3
12288 68719476928 2
28672 68719476929 2
28672 68719477184 2
28672 68719509696 1
28672 68719739072 2
28672 68736254144 2
28672 69793218752 2
28672 206158430400 2
12288 68719493184 2
45056 68719493185 1
45056 68719493312 1
45056 68719558720 1
45056 68719755328 3
45056 68736270400 5
45056 69793235008 4
45056 206158446656 3
12288 68719738944 3
536576 68719738945 1
536576 68719739072 2
536576 68719755328 1
536576 68720787520 1
536576 68736516160 5
536576 69793480768 4
536576 206158692416 2
12288 68736254016 2
28672 68736254017 2
28672 68736254144 2
28672 68736286784 4
28672 68736516160 2
28672 68769808448 2
28672 69809995840 2
28672 206175207488 2
12288 69793218624 3
274432 69793218625 2
274432 69793218752 2
274432 69793235008 3
274432 69793742912 2
274432 69809995840 3
274432 71940702272 2
274432 207232172096 2
12288 206158430272 2
28672 206158430273 2
28672 206158430400 2
28672 206158463040 4
28672 206158692416 2
28672 206175207488 2
28672 207232172096 2
28672 481036337216 2
0 4096 3
262144 4097 3
786432 4099 3
1835008 4103 3
1835008 4163 0
1835008 12291 4
1835008 2101251 0
1835008 16781315 3
1835008 1073745923 3
1835008 68719480835 3
786432 4161 0
1835008 4163 3
1835008 4289 3
1835008 12353 3
1835008 2101313 3
1835008 16781377 3
1835008 1073745985 3
1835008 68719480897 3
786432 12289 2
802816 12291 3
802816 12353 3
802816 45057 3
802816 1060865 2
802816 16789505 3
802816 1073754113 3
802816 68719489025 3
786432 1052673 2
794624 1052675 0
794624 1052737 6
794624 1069057 0
794624 3149825 0
794624 17829889 4
794624 1074794497 5
794624 68720529409 0
786432 16781313 2
794624 16781315 3
794624 16781377 1
794624 16797697 3
794624 17829889 4
794624 50335745 3
794624 1090523137 1
794624 68736258049 0
786432 1073745921 2
794624 1073745923 3
794624 1073745985 1
794624 1073762305 0
794624 1074794497 5
794624 1090523137 1
794624 3221229569 3
794624 69793222657 3
786432 68719480833 0
786432 68719480835 2
786434 68719480897 3
786434 68719489025 3
786434 68720529409 2
786434 68736258049 3
786434 69793222657 0
786434 206158434305 0
262144 4160 3
786432 4161 5
1074528256 4163 2
1074528256 4289 4
1074528256 12353 3
1074528256 1052737 2
1074528256 16781377 4
1074528256 2147487809 2
1074528256 68719480897 1
786432 4288 0
786432 4289 3
1835008 4544 3
1835008 12480 3
1835008 2101440 0
1835008 16781504 3
1835008 1073746112 0
1835008 68719481024 3
786432 12352 3
1835008 12353 3
1835008 12480 3
1835008 28736 3
1835008 2109504 2
1835008 16789568 3
1835008 1073754176 0
1835008 68719489088 3
786432 1052736 3
2883584 1052737 2
2883584 1052864 1
2883584 1060928 2
2883584 5247040 1
2883584 17829952 2
2883584 1074794560 1
2883584 68720529472 2
786432 16781376 4
34340864 16781377 2
34340864 16781504 3
34340864 16789568 3
34340864 17829952 2
34340864 83890240 2
34340864 1090523200 2
34340864 68736258112 5
786432 1073745984 2
794624 1073745985 4
794624 1073746112 3
794624 1073762368 3
794624 1074794560 1
794624 1090523200 0
794624 3221229632 3
794624 69793222720 0
786432 68719480896 0
1835008 68719480897 3
1835008 68719481024 3
1835008 68719489088 3
1835008 68721578048 0
1835008 68736258112 3
1835008 69793222720 0
1835008 206158434368 3
262144 12288 2
278528 12289 3
802816 12291 3
802816 12353 3
802816 45057 3
802816 1060865 2
802816 16789505 3
802816 1073754113 3
802816 68719489025 3
278528 12352 1
278656 12353 2
278656 12608 3
278656 45120 0
278656 536640 1
278656 16789568 2
278656 1073754176 0
278656 68719489088 0
278528 45056 3
802816 45057 3
802816 45120 3
802816 110592 3
802816 1093632 2
802816 16822272 3
802816 1073786880 3
802816 68719521792 3
278528 536576 3
1327104 536577 2
1327104 536640 3
1327104 569344 3
1327104 2633728 2
1327104 17313792 3
1327104 1074278400 3
1327104 68720013312 3
278528 16789504 4
33832960 16789505 3
33832960 16789568 2
33832960 16822272 4
33832960 17313792 3
33832960 83898368 3
33832960 1090531328 5
33832960 68736266240 3
278528 1073754112 3
802816 1073754113 3
802816 1073754176 3
802816 1073786880 3
802816 1074802688 3
802816 1090531328 0
802816 3221237760 3
802816 69793230848 3
278528 68719489024 3
802816 68719489025 3
802816 68719489088 3
802816 68719521792 3
802816 68720537600 6
802816 68736266240 2
802816 69793230848 3
802816 206158442496 3
262144 528384 3
1310720 528385 2
1318912 528387 0
1318912 528449 2
1318912 544769 3
1318912 2625537 0
1318912 17305601 2
1318912 1074270209 0
1318912 68720005121 0
1310720 528448 3
3407872 528449 2
3407872 528576 1
3407872 536640 3
3407872 4722752 2
3407872 17305664 2
3407872 1074270272 6
3407872 68720005184 3
1310720 536576 3
3407872 536577 6
3407872 536640 3
3407872 552960 2
3407872 4730880 0
3407872 17313792 3
3407872 1074278400 2
3407872 68720013312 3
1310720 2625536 2
1318912 2625537 2
1318912 2625600 5
1318912 2641920 3
1318912 6819840 2
1318912 19402752 2
1318912 1076367360 6
1318912 68722102272 2
1310720 17305600 3
3407872 17305601 3
3407872 17305664 2
3407872 17313792 3
3407872 21499904 4
3407872 50860032 3
3407872 1091047424 4
3407872 68736782336 4
1310720 1074270208 3
3407872 1074270209 2
3407872 1074270272 2
3407872 1074278400 2
3407872 1078464512 5
3407872 1091047424 4
3407872 3221753856 0
3407872 69793746944 0
1310720 68720005120 3
3407872 68720005121 0
3407872 68720005184 2
3407872 68720013312 3
3407872 68724199424 2
3407872 68736782336 4
3407872 69793746944 2
3407872 206158958592 3
262144 16781312 3
786432 16781313 4
34340864 16781315 3
34340864 16781377 2
34340864 16789505 3
34340864 17829889 2
34340864 83890177 3
34340864 1090523137 2
34340864 68736258049 5
786432 16781376 3
1835008 16781377 3
1835008 16781504 3
1835008 16789568 3
1835008 18878528 0
1835008 50335808 3
1835008 1090523200 3
1835008 68736258112 3
786432 16789504 3
1835008 16789505 3
1835008 16789568 3
1835008 16805888 3
1835008 18886656 2
1835008 50343936 3
1835008 1090531328 3
1835008 68736266240 3
786432 17829888 4
34340864 17829889 2
34340864 17829952 2
34340864 17838080 2
34340864 19927040 2
34340864 84938752 2
34340864 1091571712 4
34340864 68737306624 2
786432 50335744 3
1835008 50335745 3
1835008 50335808 3
1835008 50343936 3
1835008 52432896 4
1835008 117444608 3
1835008 1124077568 3
1835008 68769812480 3
786432 1090523136 3
1835008 1090523137 3
1835008 1090523200 3
1835008 1090531328 3
1835008 1092620288 0
1835008 1124077568 3
1835008 3238006784 3
1835008 69809999872 3
786432 68736258048 2
794624 68736258049 1
794624 68736258112 3
794624 68736274432 3
794624 68737306624 4
794624 68769812480 3
794624 69809999872 4
794624 206175211520 3
262144 1073745920 3
786432 1073745921 5
2148270080 1073745923 2
2148270080 1073745985 0
2148270080 1073754113 0
2148270080 1074794497 2
2148270080 1090523137 3
2148270080 5368713217 2
2148270080 69793222657 2
786432 1073745984 3
786432 1073745985 3
1835008 1073746112 0
1835008 1073754176 3
1835008 1075843136 0
1835008 1090523200 3
1835008 3221229632 4
1835008 69793222720 0
786432 1073754112 3
1835008 1073754113 3
1835008 1073754176 3
1835008 1073770496 3
1835008 1075851264 2
1835008 1090531328 3
1835008 3221237760 3
1835008 69793230848 3
786432 1074794496 3
2883584 1074794497 2
2883584 1074794560 2
2883584 1074802688 2
2883584 1078988800 2
2883584 1091571712 4
2883584 3222278144 5
2883584 69794271232 2
786432 1090523136 3
1835008 1090523137 3
1835008 1090523200 3
1835008 1090531328 3
1835008 1092620288 1
1835008 1124077568 3
1835008 3238006784 3
1835008 69809999872 3
786432 3221229568 5
4295753728 3221229569 3
4295753728 3221229632 3
4295753728 3221237760 3
4295753728 3222278144 3
4295753728 3238006784 2
4295753728 11811164160 0
4295753728 71940706304 2
786432 69793222656 0
2148270080 69793222657 3
2148270080 69793222720 2
2148270080 69793230848 3
2148270080 69794271232 2
2148270080 69809999872 4
2148270080 74088189952 3
2148270080 207232176128 2
262144 68719480832 3
786432 68719480833 0
786432 68719480835 3
794624 68719480897 0
794624 68719497217 0
794624 68720529409 0
794624 68736258049 1
794624 69793222657 3
794624 206158434305 3
786432 68719480896 2
794624 68719480897 3
794624 68719481024 3
794624 68719497280 0
794624 68720529472 2
794624 68736258112 3
794624 69793222720 0
794624 206158434368 0
786432 68719489024 3
1835008 68719489025 3
1835008 68719489088 3
1835008 68719505408 3
1835008 68721586176 2
1835008 68736266240 3
1835008 69793230848 3
1835008 206158442496 3
786432 68720529408 2
794624 68720529409 0
794624 68720529472 1
794624 68720545792 0
794624 68722626560 2
794624 68737306624 4
794624 69794271232 3
794624 206159482880 0
786432 68736258048 4
34340864 68736258049 5
34340864 68736258112 5
34340864 68736266240 3
34340864 68737306624 2
34340864 68803366912 3
34340864 69809999872 5
34340864 206175211520 3
786432 69793222656 5
2148270080 69793222657 3
2148270080 69793222720 3
2148270080 69793230848 3
2148270080 69794271232 2
2148270080 69809999872 4
2148270080 74088189952 3
2148270080 207232176128 3
786432 206158434304 3
1835008 206158434305 0
1835008 206158434368 3
1835008 206158442496 3
1835008 206160531456 2
1835008 206175211520 3
1835008 207232176128 3
1835008 481036341248 3
0 262144 3
524288 262145 3
1572864 262147 3
1572864 262151 3
3670016 262211 3
3670016 266243 3
3670016 4456451 0
3670016 17039363 0
3670016 1074003971 3
3670016 68719738883 3
1572864 262209 2
1576960 262211 3
1576960 262337 4
1576960 270401 0
1576960 2359361 1
1576960 17039425 3
1576960 1074004033 0
1576960 68719738945 0
1572864 266241 1
1572928 266243 2
1572928 266369 2
1572928 274433 3
1572928 2363393 2
1572928 17043457 5
1572928 1074008065 4
1572928 68719742977 0
1572864 2359297 2
1576960 2359299 0
1576960 2359361 1
1576960 2367489 2
1576960 6553601 0
1576960 19136513 2
1576960 1076101121 2
1576960 68721836033 4
1572864 17039361 5
1075314688 17039363 4
1075314688 17039425 2
1075314688 17043457 1
1075314688 19136513 5
1075314688 50593793 3
1075314688 2164523009 3
1075314688 68736516097 0
1572864 1074003969 2
1576960 1074003971 5
1576960 1074004033 3
1576960 1074012161 6
1576960 1076101121 5
1576960 1090781185 6
1576960 3221487617 3
1576960 69793480705 4
1572864 68719738881 3
3670016 68719738883 3
3670016 68719738945 3
3670016 68719742977 3
3670016 68723933185 0
3670016 68736516097 3
3670016 69793480705 3
3670016 206158692353 3
524288 262208 2
528384 262209 3
1576960 262211 0
1576960 262337 3
1576960 270401 2
1576960 2359361 1
1576960 17039425 3
1576960 1074004033 4
1576960 68719738945 5
528384 262336 3
1576960 262337 3
1576960 262592 1
1576960 270528 3
1576960 2359488 0
1576960 17039552 4
1576960 1074004160 0
1576960 68719739072 4
528384 270400 3
1576960 270401 2
1576960 270528 2
1576960 286784 3
1576960 2367552 2
1576960 17047616 3
1576960 1074012224 6
1576960 68719747136 3
528384 1310784 2
536576 1310785 2
536576 1310912 2
536576 1327168 1
536576 3407936 2
536576 18088000 1
536576 1075052608 1
536576 68720787520 1
528384 17039424 3
1576960 17039425 3
1576960 17039552 1
1576960 17047616 3
1576960 19136576 2
1576960 50593856 4
1576960 1090781248 6
1576960 68736516160 5
528384 1074004032 2
536576 1074004033 2
536576 1074004160 3
536576 1074020416 3
536576 1075052608 1
536576 1090781248 6
536576 3221487680 2
536576 69793480768 4
528384 68719738944 3
1576960 68719738945 6
1576960 68719739072 4
1576960 68719747136 5
1576960 68721836096 5
1576960 68736516160 5
1576960 69793480768 4
1576960 206158692416 2
524288 266240 1
524352 266241 2
532544 266243 3
532544 266369 3
532544 282625 3
532544 1314817 2
532544 17043457 5
532544 1074008065 4
532544 68719742977 1
524352 266368 1
524608 266369 4
524608 266880 3
524608 274560 2
524608 1314944 3
524608 17043584 5
524608 1074008192 4
524608 68719743104 4
524352 274432 3
1572928 274433 3
1572928 274560 2
1572928 290816 2
1572928 2371584 2
1572928 17051648 5
1572928 1074016256 4
1572928 68719751168 2
524352 1314816 3
2621504 1314817 5
2621504 1314944 1
2621504 1323008 2
2621504 5509120 1
2621504 18092032 5
2621504 1075056640 4
2621504 68720791552 1
524352 17043456 5
1074266176 17043457 2
1074266176 17043584 3
1074266176 17051648 3
1074266176 18092032 3
1074266176 50597888 3
1074266176 2164527104 3
1074266176 68736520192 4
524352 1074008064 4
17301568 1074008065 2
17301568 1074008192 0
17301568 1074016256 2
17301568 1075056640 3
17301568 1107562496 3
17301568 3221491712 3
17301568 69793484800 4
524352 68719742976 3
1572928 68719742977 0
1572928 68719743104 3
1572928 68719751168 2
1572928 68721840128 1
1572928 68736520192 5
1572928 69793484800 4
1572928 206158696448 0
524288 1310720 3
2621440 1310721 2
2625536 1310723 5
2625536 1310785 2
2625536 1318913 2
2625536 5505025 2
2625536 18087937 2
2625536 1075052545 3
2625536 68720787457 2
2621440 1310784 0
2621441 1310786 1
2621441 1310912 1
2621441 1314880 4
2621441 5505088 1
2621441 18088000 2
2621441 1075052608 6
2621441 68720787520 2
2621440 1314816 1
2621504 1314817 1
2621504 1314944 1
2621504 1323008 2
2621504 5509120 4
2621504 18092032 5
2621504 1075056640 4
2621504 68720791552 1
2621440 5505024 1
2621504 5505025 0
2621504 5505152 1
2621504 5509120 1
2621504 13893632 5
2621504 22282240 5
2621504 1079246848 4
2621504 68724981760 1
2621440 18087936 5
1076363264 18087937 5
1076363264 18088000 2
1076363264 18092032 1
1076363264 22282240 2
1076363264 51642368 4
1076363264 2165571584 5
1076363264 68737564672 5
2621440 1075052544 6
68722098176 1075052545 4
68722098176 1075052608 0
68722098176 1075056640 4
68722098176 1079246848 5
68722098176 1091829760 2
68722098176 3222536192 0
68722098176 138514006016 5
2621440 68720787456 5
1076363264 68720787457 2
1076363264 68720787520 2
1076363264 68720791552 1
1076363264 68724981760 2
1076363264 68737564672 4
1076363264 70868271104 5
1076363264 206159740928 6
524288 17039360 5
1074266112 17039361 3
1075314688 17039363 5
1075314688 17039425 2
1075314688 17043457 1
1075314688 19136513 2
1075314688 50593793 3
1075314688 2164523009 3
1075314688 68736516097 0
1074266112 17039424 2
1074270208 17039425 2
1074270208 17039552 3
1074270208 17047616 3
1074270208 18088000 3
1074270208 50593856 4
1074270208 2164523072 3
1074270208 68736516160 4
1074266112 17043456 1
1074266176 17043457 2
1074266176 17043584 4
1074266176 17051648 3
1074266176 18092032 3
1074266176 50597888 3
1074266176 2164527104 1
1074266176 68736520192 4
1074266112 18087936 3
1076363264 18087937 5
1076363264 18088000 2
1076363264 18092032 1
1076363264 22282240 5
1076363264 51642368 4
1076363264 2165571584 5
1076363264 68737564672 4
1074266112 50593792 3
1075314688 50593793 4
1075314688 50593856 2
1075314688 50597888 1
1075314688 52690944 1
1075314688 117702656 4
1075314688 2198077440 0
1075314688 68770070528 3
1074266112 2164523008 3
1075314688 2164523009 3
1075314688 2164523072 2
1075314688 2164527104 1
1075314688 2166620160 2
1075314688 2198077440 3
1075314688 6459490304 3
1075314688 70883999744 4
1074266112 68736516096 1
1074266176 68736516097 3
1074266176 68736516224 3
1074266176 68736520192 4
1074266176 68737564672 4
1074266176 68770070528 4
1074266176 70883999744 1
1074266176 206175469568 4
524288 1074003968 4
17301504 1074003969 3
18350080 1074003971 5
18350080 1074004033 2
18350080 1074008065 1
18350080 1076101121 0
18350080 1107558401 1
18350080 3221487617 3
18350080 69793480705 1
17301504 1074004032 4
50855936 1074004033 2
50855936 1074004160 4
50855936 1074008128 0
50855936 1075052608 5
50855936 1141112896 5
50855936 3221487680 3
50855936 69793480768 4
17301504 1074008064 0
18350080 1074008065 1
18350080 1074008128 0
18350080 1074016256 2
18350080 1076105216 4
18350080 1107562496 3
18350080 3221491712 0
18350080 69793484800 3
17301504 1075052544 4
50855936 1075052545 5
50855936 1075052608 5
50855936 1075056640 5
50855936 1077149696 4
50855936 1142161408 5
50855936 3222536192 4
50855936 69794529280 4
17301504 1107558400 3
18350080 1107558401 1
18350080 1107558464 3
18350080 1107562496 4
18350080 1109655552 4
18350080 1174667264 3
18350080 3255042048 3
18350080 69827035136 0
17301504 3221487616 3
18350080 3221487617 1
18350080 3221487680 0
18350080 3221491712 2
18350080 3223584768 6
18350080 3255042048 3
18350080 7516454912 5
18350080 71940964352 0
17301504 69793480704 3
18350080 69793480705 4
18350080 69793480768 0
18350080 69793484800 4
18350080 69795577856 5
18350080 69827035136 4
18350080 71940964352 3
18350080 207232434176 3
524288 68719738880 3
1572864 68719738881 3
3670016 68719738883 3
3670016 68719738945 3
3670016 68719742977 3
3670016 68723933185 0
3670016 68736516097 3
3670016 69793480705 3
3670016 206158692353 3
1572864 68719738944 4
18350080 68719738945 2
18350080 68719739072 3
18350080 68719743040 0
18350080 68721836096 2
18350080 68753293376 0
18350080 69793480768 2
18350080 206158692416 1
1572864 68719742976 1
1572928 68719742977 6
1572928 68719743104 3
1572928 68719751168 3
1572928 68721840128 4
1572928 68736520192 5
1572928 69793484800 4
1572928 206158696448 3
1572864 68721836032 4
18350080 68721836033 4
18350080 68721836096 2
18350080 68721840128 1
18350080 68726030336 0
18350080 68755390464 4
18350080 69795577856 5
18350080 206160789504 0
1572864 68736516096 5
1075314688 68736516097 0
1075314688 68736516160 2
1075314688 68736520192 1
1075314688 68738613248 4
1075314688 68770070528 3
1075314688 70883999744 4
1075314688 206175469568 4
1572864 69793480704 4
18350080 69793480705 0
18350080 69793480768 2
18350080 69793484800 2
18350080 69795577856 5
18350080 69827035136 3
18350080 71940964352 3
18350080 207232434176 3
1572864 206158692352 3
3670016 206158692353 3
3670016 206158692416 3
3670016 206158696448 4
3670016 206162886656 0
3670016 206175469568 3
3670016 207232434176 3
3670016 481036599296 3
0 16777216 3
262144 16777217 3
786432 16777219 4
34340864 16777223 0
34340864 16777283 0
34340864 16781315 0
34340864 17825795 0
34340864 83886083 0
34340864 1090519043 0
34340864 68736253955 3
786432 16777281 0
786432 16777283 4
786560 16777537 0
786560 16781377 2
786560 17825857 4
786560 50331713 3
786560 1090519105 0
786560 68736254017 3
786432 16781313 0
34340864 16781315 3
34340864 16781377 2
34340864 16789505 3
34340864 17829889 2
34340864 83890177 3
34340864 1090523137 2
34340864 68736258049 3
786432 17825793 4
34340864 17825795 4
34340864 17825857 3
34340864 17829889 2
34340864 19922945 0
34340864 84934657 4
34340864 1091567617 0
34340864 68737302529 4
786432 50331649 3
1835008 50331651 3
1835008 50331713 3
1835008 50335745 3
1835008 52428801 4
1835008 117440513 3
1835008 1124073473 0
1835008 68769808385 3
786432 1090519041 0
34340864 1090519043 3
34340864 1090519105 0
34340864 1090523137 3
34340864 1091567617 4
34340864 1157627905 5
34340864 3238002689 3
34340864 69809995777 3
786432 68736253953 0
786432 68736253955 3
1835008 68736254017 3
1835008 68736258049 3
1835008 68738351105 0
1835008 68769808385 3
1835008 69809995777 3
1835008 206175207425 0
262144 16777280 3
786432 16777281 3
1835008 16777283 3
1835008 16777409 3
1835008 16781377 3
1835008 18874433 4
1835008 50331713 3
1835008 1090519105 0
1835008 68736254017 3
786432 16777408 1
786688 16777409 4
786688 16777920 0
786688 16781504 4
786688 17825984 3
786688 50331840 3
786688 1090519232 4
786688 68736254144 3
786432 16781376 3
1835008 16781377 3
1835008 16781504 3
1835008 16789568 3
1835008 18878528 0
1835008 50335808 3
1835008 1090523200 3
1835008 68736258112 3
786432 17825856 1
786560 17825857 4
786560 17826112 4
786560 17829952 3
786560 19923008 4
786560 51380288 4
786560 1091567680 4
786560 68737302592 4
786432 50331712 3
1835008 50331713 3
1835008 50331840 3
1835008 50335808 3
1835008 52428864 4
1835008 117440576 3
1835008 1124073536 0
1835008 68769808448 3
786432 1090519104 0
1835008 1090519105 3
1835008 1090519232 3
1835008 1090523200 3
1835008 1092616256 0
1835008 1124073536 3
1835008 3238002752 0
1835008 69809995840 3
786432 68736254016 3
1835008 68736254017 3
1835008 68736254144 3
1835008 68736258112 3
1835008 68738351168 3
1835008 68769808448 3
1835008 69809995840 3
1835008 206175207488 3
262144 16781312 3
786432 16781313 4
34340864 16781315 3
34340864 16781377 2
34340864 16789505 3
34340864 17829889 2
34340864 83890177 3
34340864 1090523137 2
34340864 68736258049 5
786432 16781376 3
1835008 16781377 3
1835008 16781504 3
1835008 16789568 3
1835008 18878528 3
1835008 50335808 3
1835008 1090523200 3
1835008 68736258112 3
786432 16789504 3
1835008 16789505 3
1835008 16789568 3
1835008 16805888 3
1835008 18886656 2
1835008 50343936 3
1835008 1090531328 3
1835008 68736266240 3
786432 17829888 3
2883584 17829889 2
2883584 17829952 2
2883584 17838080 2
2883584 22024192 6
2883584 51384320 4
2883584 1091571712 4
2883584 68737306624 2
786432 50335744 3
1835008 50335745 3
1835008 50335808 3
1835008 50343936 3
1835008 52432896 4
1835008 117444608 3
1835008 1124077568 3
1835008 68769812480 3
786432 1090523136 2
794624 1090523137 0
794624 1090523200 4
794624 1090539520 4
794624 1091571712 4
794624 1124077568 3
794624 3238006784 3
794624 69809999872 4
786432 68736258048 0
786432 68736258049 0
786432 16781376 4
786432 16789504 3
786432 17829888 3
786432 50335744 3
786432 1090523136 2
786432 68736258048 3
0 262144 3
524288 262145 3
1572864 262147 3
1572864 262209 2
1572864 266241 1
1572864 2359297 2
1572864 17039361 5
1572864 1074003969 2
1572864 68719738881 3
524288 262208 2
528384 262209 3
528384 262336 3
528384 270400 3
528384 1310784 2
528384 17039424 0
528384 1074004032 2
528384 68719738944 2
524288 266240 1
524352 266241 3
524352 266368 1
524352 274432 3
524352 1314816 3
524352 17043456 5
524352 1074008064 4
524352 68719742976 3
524288 1310720 3
2621440 1310721 1
2621440 1310784 0
2621440 1314816 1
2621440 5505024 2
2621440 18087936 5
2621440 1075052544 4
2621440 68720787456 4
524288 17039360 5
1074266112 17039361 3
1074266112 17039424 2
1074266112 17043456 1
1074266112 18087936 3
1074266112 50593792 3
1074266112 2164523008 3
1074266112 68736516096 3
524288 1074003968 4
17301504 1074003969 3
17301504 1074004032 3
17301504 1074008064 3
17301504 1075052544 4
17301504 1107558400 3
17301504 3221487616 3
17301504 69793480704 3
524288 68719738880 4
17301504 68719738881 3
17301504 68719738944 3
17301504 68719742976 4
17301504 68720787456 4
17301504 68753293312 3
17301504 69793480704 3
17301504 206158692352 3
0 16777216 1
64 16777217 5
1073741888 16777219 4
1073741888 16777345 0
1073741888 16781313 2
1073741888 17039361 3
1073741888 50331649 4
1073741888 2164260865 5
1073741888 68736253953 4
64 16777344 4
33554496 16777345 4
33554496 16777600 4
33554496 16781440 4
33554496 17039488 5
33554496 83886208 4
33554496 1090519168 3
33554496 68736254080 5
64 16781312 1
192 16781313 4
192 16781568 2
192 16789504 1
192 17043456 5
192 50335744 4
192 1090523136 3
192 68736258048 0
64 17039360 5
1073741888 17039361 3
1073741888 17039488 4
1073741888 17043456 3
1073741888 17563648 3
1073741888 50593792 0
1073741888 2164523008 1
1073741888 68736516096 5
64 50331648 4
67108928 50331649 4
67108928 50331776 4
67108928 50335744 4
67108928 50593792 5
67108928 184549376 2
67108928 1124073472 3
67108928 68769808384 4
64 1090519040 3
262208 1090519041 3
262208 1090519168 4
262208 1090523136 3
262208 1091043328 3
262208 1124073472 4
262208 3238002688 3
262208 69809995776 3
64 68736253952 4
33554496 68736253953 4
33554496 68736254080 5
33554496 68736258048 4
33554496 68736516096 5
33554496 68803362816 3
33554496 69809995776 3
33554496 206175207424 4
0 1073741824 4
16777216 1073741825 1
16777280 1073741827 4
16777280 1073741953 4
16777280 1073745921 4
16777280 1074003969 3
16777280 1107296257 4
16777280 3221225473 1
16777280 69793218561 4
16777216 1073741888 0
16777217 1073741890 4
16777217 1073742016 1
16777217 1073745984 4
16777217 1074004032 3
16777217 1107296320 0
16777217 3221225536 1
16777217 69793218624 4
16777216 1073745920 4
50331648 1073745921 1
50331648 1073745984 0
50331648 1073754112 2
50331648 1074008064 3
50331648 1140854784 2
50331648 3221229568 4
50331648 69793222656 6
16777216 1074003968 3
17301504 1074003969 4
17301504 1074004032 3
17301504 1074008064 3
17301504 1075052544 4
17301504 1107558400 3
17301504 3221487616 3
17301504 69793480704 3
16777216 1107296256 4
83886080 1107296257 4
83886080 1107296320 4
83886080 1107300352 4
83886080 1107558400 3
83886080 1241513984 5
83886080 3254779904 4
83886080 69826772992 4
16777216 3221225472 5
4311744512 3221225473 3
4311744512 3221225536 5
4311744512 3221229568 4
4311744512 3221487616 4
4311744512 3254779904 4
4311744512 11811160064 4
4311744512 71940702208 1
16777216 69793218560 4
50331648 69793218561 4
50331648 69793218624 6
50331648 69793222656 0
50331648 69793480704 4
50331648 69860327424 4
50331648 71940702208 4
50331648 207232172032 4
0 68719476736 3
262144 68719476737 2
266240 68719476739 4
266240 68719476801 3
266240 68719484929 4
266240 68720001025 4
266240 68736253953 2
266240 69793218561 3
266240 206158430209 4
262144 68719476800 3
786432 68719476801 3
786432 68719476928 3
786432 68719480896 0
786432 68720525376 1
786432 68736254016 4
786432 69793218624 2
786432 206158430272 0
262144 68719480832 3
786432 68719480833 0
786432 68719480896 1
786432 68719489024 3
786432 68720529408 2
786432 68736258048 4
786432 69793222656 0
786432 206158434304 2
262144 68720001024 3
1310720 68720001025 4
1310720 68720001088 3
1310720 68720005120 3
1310720 68722098176 1
1310720 68736778240 4
1310720 69793742848 1
1310720 206158954496 4
262144 68736253952 3
786432 68736253953 0
786432 68736254016 3
786432 68736258048 2
786432 68737302528 4
786432 68769808384 3
786432 69809995776 5
786432 206175207424 3
262144 69793218560 3
786432 69793218561 3
786432 69793218624 4
786432 69793222656 3
786432 69794267136 5
786432 69809995776 3
786432 71940702208 3
786432 207232172032 0
262144 206158430208 2
266240 206158430209 4
266240 206158430272 3
266240 206158438400 4
266240 206158954496 1
266240 206175207424 2
266240 207232172032 1
266240 481036337152 6
0 1073741824 4
16777216 1073741825 1
16777280 1073741827 4
50331712 1073741831 0
50331712 1073741955 4
50331712 1073745923 4
50331712 1074003971 4
50331712 1140850691 4
50331712 3221225475 1
50331712 69793218563 0
16777280 1073741953 4
50331712 1073741955 3
50331712 1073742209 4
50331712 1073746049 2
50331712 1074004097 3
50331712 1140850817 5
50331712 3221225601 3
50331712 69793218689 4
16777280 1073745921 4
50331712 1073745923 6
50331712 1073746049 2
50331712 1073754113 4
50331712 1074008065 3
50331712 1140854785 2
50331712 3221229569 1
50331712 69793222657 0
16777280 1074003969 3
17301568 1074003971 4
17301568 1074004097 5
17301568 1074008065 2
17301568 1075052545 4
17301568 1107558401 3
17301568 3221487617 3
17301568 69793480705 3
16777280 1107296257 1
16777408 1107296259 1
16777408 1107296513 0
16777408 1107300353 1
16777408 1107558401 1
16777408 1174405121 0
16777408 3254779905 0
16777408 69826772993 0
16777280 3221225473 1
16777408 3221225475 4
16777408 3221225729 5
16777408 3221229569 1
16777408 3221487617 1
16777408 3254779905 1
16777408 7516192769 5
16777408 71940702209 3
16777280 69793218561 4
50331712 69793218563 3
50331712 69793218689 3
50331712 69793222657 1
50331712 69793480705 4
50331712 69860327425 5
50331712 71940702209 4
50331712 207232172033 4
16777216 1073741888 0
16777217 1073741890 4
50331649 1073741894 4
50331649 1073742018 5
50331649 1073745986 1
50331649 1074004034 4
50331649 1140850754 1
50331649 3221225538 4
50331649 69793218626 5
16777217 1073742016 5
2164260865 1073742018 4
2164260865 1073742272 1
2164260865 1073746112 4
2164260865 1074004160 3
2164260865 1107296448 0
2164260865 5368709312 4
2164260865 69793218752 5
16777217 1073745984 4
50331649 1073745986 5
50331649 1073746112 4
50331649 1073754176 2
50331649 1074008128 3
50331649 1140854848 2
50331649 3221229632 1
50331649 69793222720 2
16777217 1074004032 3
17301505 1074004034 4
17301505 1074004160 3
17301505 1074008128 1
17301505 1075052608 4
17301505 1107558464 3
17301505 3221487680 3
17301505 69793480768 0
16777217 1107296320 4
83886081 1107296322 0
83886081 1107296448 1
83886081 1107300416 1
83886081 1107558464 1
83886081 1241514048 1
83886081 3254779968 1
83886081 69826773056 0
16777217 3221225536 5
4311744513 3221225538 4
4311744513 3221225664 1
4311744513 3221229632 4
4311744513 3221487680 3
4311744513 3254779968 1
4311744513 11811160128 1
4311744513 71940702272 0
16777217 69793218624 4
50331649 69793218626 5
50331649 69793218752 0
50331649 69793222720 2
50331649 69793480768 3
50331649 69860327488 5
50331649 71940702272 4
50331649 207232172096 6
16777216 1073745920 4
50331648 1073745921 2
50339840 1073745923 3
50339840 1073745985 3
50339840 1073762305 5
50339840 1074008065 1
50339840 1140854785 1
50339840 3221229569 1
50339840 69793222657 3
50331648 1073745984 2
50339840 1073745985 3
50339840 1073746112 4
50339840 1073762368 0
50339840 1074008128 0
50339840 1140854848 0
50339840 3221229632 4
50339840 69793222720 4
50331648 1073754112 2
50348032 1073754113 4
50348032 1073754176 0
50348032 1073786880 4
50348032 1074016256 5
50348032 1140862976 4
50348032 3221237760 5
50348032 69793230848 4
50331648 1074008064 5
2197815296 1074008065 1
2197815296 1074008128 0
2197815296 1074016256 2
2197815296 1074532352 4
2197815296 1141116928 3
2197815296 5368975360 3
2197815296 69793484800 3
50331648 1140854784 4
184549376 1140854785 1
184549376 1140854848 0
184549376 1140862976 2
184549376 1141116928 3
184549376 1409290240 5
184549376 3288338432 5
184549376 69860331520 2
50331648 3221229568 4
117440512 3221229569 4
117440512 3221229632 4
117440512 3221237760 4
117440512 3221491712 4
117440512 3355447296 2
117440512 7516196864 4
117440512 71940706304 4
50331648 69793222656 5
2197815296 69793222657 4
2197815296 69793222720 4
2197815296 69793230848 4
2197815296 69793484800 3
2197815296 69860331520 5
2197815296 74088189952 6
2197815296 207232176128 4
16777216 1074003968 3
17301504 1074003969 3
18350080 1074003971 4
18350080 1074004033 2
18350080 1074008065 1
18350080 1076101121 1
18350080 1107558401 4
18350080 3221487617 2
18350080 69793480705 2
17301504 1074004032 3
18350080 1074004033 2
18350080 1074004160 0
18350080 1074008128 0
18350080 1076101184 2
18350080 1107558464 4
18350080 3221487680 0
18350080 69793480768 0
17301504 1074008064 3
18350080 1074008065 1
18350080 1074008128 0
18350080 1074016256 2
18350080 1076105216 4
18350080 1107562496 4
18350080 3221491712 2
18350080 69793484800 3
17301504 1075052544 4
50855936 1075052545 5
50855936 1075052608 5
50855936 1075056640 5
50855936 1077149696 4
50855936 1142161408 5
50855936 3222536192 4
50855936 69794529280 3
17301504 1107558400 3
18350080 1107558401 1
18350080 1107558464 0
18350080 1107562496 4
18350080 1109655552 4
18350080 1174667264 3
18350080 3255042048 4
18350080 69827035136 0
17301504 3221487616 3
18350080 3221487617 3
18350080 3221487680 3
18350080 3221491712 2
18350080 3223584768 6
18350080 3255042048 4
18350080 7516454912 5
18350080 71940964352 3
17301504 69793480704 3
18350080 69793480705 1
18350080 69793480768 3
18350080 69793484800 2
18350080 69795577856 5
18350080 69827035136 3
18350080 71940964352 3
18350080 207232434176 3
16777216 1107296256 4
83886080 1107296257 4
218103808 1107296259 4
218103808 1107296321 4
218103808 1107300353 2
218103808 1107558401 1
218103808 1375731713 1
218103808 3254779905 3
218103808 69826772993 1
83886080 1107296320 4
218103808 1107296321 4
218103808 1107296448 3
218103808 1107300416 2
218103808 1107558464 4
218103808 1375731776 3
218103808 3254779968 4
218103808 69826773056 4
83886080 1107300352 4
218103808 1107300353 2
218103808 1107300416 2
218103808 1107308544 0
218103808 1107562496 5
218103808 1375735808 2
218103808 3254784000 2
218103808 69826777088 2
83886080 1107558400 4
218103808 1107558401 1
218103808 1107558464 4
218103808 1107562496 4
218103808 1108082688 3
218103808 1375993856 3
218103808 3255042048 4
218103808 69827035136 3
83886080 1241513984 0
83886080 1241513985 0
83886080 1107296320 5
83886080 1107300352 4
83886080 1107558400 3
83886080 1241513984 5
83886080 3254779904 4
83886080 69826772992 4
16777216 3221225472 5
4311744512 3221225473 1
4311744512 3221225536 4
4311744512 3221229568 4
4311744512 3221487616 3
4311744512 3254779904 4
4311744512 11811160064 4
4311744512 71940702208 1
16777216 69793218560 4
50331648 69793218561 4
50331648 69793218624 5
50331648 69793222656 4
50331648 69793480704 4
50331648 69860327424 0
50331648 71940702208 4
50331648 207232172032 4
0 1073741824 4
16777216 1073741825 5
2164260864 1073741827 4
2164260864 1073741889 2
2164260864 1073745921 2
2164260864 1074003969 3
2164260864 1107296257 4
2164260864 5368709121 4
2164260864 69793218561 5
16777216 1073741888 0
16777217 1073741890 4
16777217 1073742016 5
16777217 1073745984 4
16777217 1074004032 3
16777217 1107296320 4
16777217 3221225536 1
16777217 69793218624 4
16777216 1073745920 4
50331648 1073745921 2
50331648 1073745984 2
50331648 1073754112 2
50331648 1074008064 3
50331648 1140854784 2
50331648 3221229568 4
50331648 69793222656 0
16777216 1074003968 3
17301504 1074003969 3
17301504 1074004032 3
17301504 1074008064 3
17301504 1075052544 4
17301504 1107558400 3
17301504 3221487616 3
17301504 69793480704 3
16777216 1107296256 4
83886080 1107296257 4
83886080 1107296320 4
83886080 1107300352 4
83886080 1107558400 4
83886080 1241513984 5
83886080 3254779904 4
83886080 69826772992 4
16777216 3221225472 5
4311744512 3221225473 0
4311744512 3221225536 1
4311744512 3221229568 4
4311744512 3221487616 3
4311744512 3254779904 4
4311744512 11811160064 4
4311744512 71940702208 5
16777216 69793218560 4
50331648 69793218561 2
50331648 69793218624 1
50331648 69793222656 5
50331648 69793480704 4
50331648 69860327424 4
50331648 71940702208 4
50331648 207232172032 4
0 68719476736 3
262144 68719476737 2
266240 68719476739 4
266240 68719476801 3
266240 68719484929 4
266240 68720001025 4
266240 68736253953 2
266240 69793218561 2
266240 206158430209 4
262144 68719476800 3
786432 68719476801 3
786432 68719476928 3
786432 68719480896 0
786432 68720525376 1
786432 68736254016 3
786432 69793218624 3
786432 206158430272 0
262144 68719480832 3
786432 68719480833 0
786432 68719480896 3
786432 68719489024 3
786432 68720529408 2
786432 68736258048 0
786432 69793222656 3
786432 206158434304 2
262144 68720001024 1
262208 68720001025 2
262208 68720001152 2
262208 68720005120 0
262208 68721049600 2
262208 68736778240 2
262208 69793742848 2
262208 206158954496 2
262144 68736253952 3
786432 68736253953 0
786432 68736254016 4
786432 68736258048 2
786432 68737302528 4
786432 68769808384 3
786432 69809995776 0
786432 206175207424 3
262144 69793218560 3
786432 69793218561 3
786432 69793218624 6
786432 69793222656 5
786432 69794267136 5
786432 69809995776 5
786432 71940702208 3
786432 207232172032 0
262144 206158430208 3
786432 206158430209 4
786432 206158430272 2
786432 206158434304 2
786432 206159478784 2
786432 206175207424 3
786432 207232172032 3
786432 481036337152 6
0 68719476736 5
1073741824 68719476737 5
3221225472 68719476739 5
7516192768 68719476743 5
7516192768 68719476803 5
7516192768 68719480835 5
7516192768 68719738883 5
7516192768 68736253955 5
7516192768 77309411331 3
7516192768 206158430211 5
3221225472 68719476801 3
3221487616 68719476803 4
3221487616 68719476929 4
3221487616 68719480897 5
3221487616 68720001089 2
3221487616 68736254017 3
3221487616 73014444097 3
3221487616 206158430273 0
3221225472 68719480833 3
3221487616 68719480835 2
3221487616 68719480897 5
3221487616 68719489025 2
3221487616 68720005121 3
3221487616 68736258049 3
3221487616 73014448129 3
3221487616 206158434305 3
3221225472 68719738881 3
3221749760 68719738883 3
3221749760 68719738945 2
3221749760 68719742977 1
3221749760 68720787457 3
3221749760 68736516097 3
3221749760 73014706177 2
3221749760 206158692353 3
3221225472 68736253953 3
3221487616 68736253955 5
3221487616 68736254017 5
3221487616 68736258049 3
3221487616 68736778241 5
3221487616 68769808385 5
3221487616 73031221249 5
3221487616 206175207425 3
3221225472 73014444033 2
3221229568 73014444035 0
3221229568 73014444097 2
3221229568 73014452225 6
3221229568 73014706177 3
3221229568 73031221249 5
3221229568 81604378625 6
3221229568 210453397505 2
3221225472 206158430209 5
7516192768 206158430211 5
7516192768 206158430273 5
7516192768 206158434305 5
7516192768 206158692353 5
7516192768 206175207425 5
7516192768 214748364801 3
7516192768 481036337153 5
1073741824 68719476800 2
1073745920 68719476801 5
3221229568 68719476803 5
3221229568 68719476929 3
3221229568 68719484993 5
3221229568 68719738945 3
3221229568 68736254017 5
3221229568 73014444097 0
3221229568 206158430273 3
1073745920 68719476928 5
3221229568 68719476929 3
3221229568 68719477184 1
3221229568 68719485120 5
3221229568 68719739072 3
3221229568 68736254144 5
3221229568 73014444224 6
3221229568 206158430400 2
1073745920 68719484992 5
3221229568 68719484993 6
3221229568 68719485120 6
3221229568 68719501376 5
3221229568 68719747136 6
3221229568 68736262208 5
3221229568 73014452288 6
3221229568 206158438464 5
1073745920 68719738944 3
1074270208 68719738945 3
1074270208 68719739072 3
1074270208 68719747136 3
1074270208 68720787520 2
1074270208 68736516160 4
1074270208 70867222592 1
1074270208 206158692416 2
1073745920 68736254016 2
1073754112 68736254017 6
1073754112 68736254144 4
1073754112 68736270400 4
1073754112 68736516160 4
1073754112 68769808448 2
1073754112 70883737664 1
1073754112 206175207488 2
1073745920 70866960448 2
1073754112 70866960449 2
1073754112 70866960576 2
1073754112 70866976832 1
1073754112 70867222592 3
1073754112 70883737664 2
1073754112 75161927744 4
1073754112 208305913920 3
1073745920 206158430272 2
1073754112 206158430273 3
1073754112 206158430400 5
1073754112 206158446656 5
1073754112 206158692416 2
1073754112 206175207488 5
1073754112 208305913920 2
1073754112 481036337216 6
1073741824 68719480832 1
1073741888 68719480833 2
1073750080 68719480835 2
1073750080 68719480961 2
1073750080 68719497217 5
1073750080 68719742977 1
1073750080 68736258049 4
1073750080 70866964481 1
1073750080 206158434305 2
1073741888 68719480960 5
3221225536 68719480961 6
3221225536 68719481216 6
3221225536 68719489152 1
3221225536 68719743104 3
3221225536 68736258176 0
3221225536 73014448256 6
3221225536 206158434432 2
1073741888 68719489024 2
1073758272 68719489025 2
1073758272 68719489152 2
1073758272 68719521792 4
1073758272 68719751168 1
1073758272 68736266240 4
1073758272 70866972672 2
1073758272 206158442496 2
1073741888 68719742976 3
1074266176 68719742977 2
1074266176 68719743104 5
1074266176 68719751168 2
1074266176 68720791552 2
1074266176 68736520192 4
1074266176 70867226624 0
1074266176 206158696448 2
1073741888 68736258048 2
1073750080 68736258049 4
1073750080 68736258176 4
1073750080 68736274432 4
1073750080 68736520192 4
1073750080 68769812480 4
1073750080 70883741696 2
1073750080 206175211520 4
1073741888 70866964480 0
1073742016 70866964481 0
1073742016 70866964736 0
1073742016 70866972672 1
1073742016 70867226624 0
1073742016 70883741696 1
1073742016 75161931776 1
1073742016 208305917952 1
1073741888 206158434304 2
1073750080 206158434305 2
1073750080 206158434432 2
1073750080 206158450688 5
1073750080 206158696448 3
1073750080 206175211520 4
1073750080 208305917952 2
1073750080 481036341248 6
1073741824 68719738880 3
1074266112 68719738881 3
1075314688 68719738883 3
1075314688 68719738945 2
1075314688 68719742977 1
1075314688 68721836033 5
1075314688 68736516097 3
1075314688 70867222529 3
1075314688 206158692353 0
1074266112 68719738944 2
1074270208 68719738945 3
1074270208 68719739072 3
1074270208 68719747136 3
1074270208 68720787520 2
1074270208 68736516160 3
1074270208 70867222592 1
1074270208 206158692416 2
1074266112 68719742976 1
1074266176 68719742977 1
1074266176 68719743104 2
1074266176 68719751168 2
1074266176 68720791552 2
1074266176 68736520192 4
1074266176 70867226624 3
1074266176 206158696448 1
1074266112 68720787456 3
1076363264 68720787457 3
1076363264 68720787520 0
1076363264 68720791552 1
1076363264 68724981760 2
1076363264 68737564672 6
1076363264 70868271104 5
1076363264 206159740928 6
1074266112 68736516096 5
3221749760 68736516097 4
3221749760 68736516160 2
3221749760 68736520192 1
3221749760 68737564672 4
3221749760 68770070528 3
3221749760 73031483392 4
3221749760 206175469568 4
1074266112 70867222528 3
1075314688 70867222529 3
1075314688 70867222592 3
1075314688 70867226624 3
1075314688 70869319680 2
1075314688 70883999744 4
1075314688 75162189824 5
1075314688 208306176000 3
1074266112 206158692352 3
1075314688 206158692353 3
1075314688 206158692416 2
1075314688 206158696448 1
1075314688 206160789504 2
1075314688 206175469568 3
1075314688 208306176000 3
1075314688 481036599296 6
1073741824 68736253952 4
1107296256 68736253953 4
1174405120 68736253955 1
1174405120 68736254017 0
1174405120 68736258049 4
1174405120 68736516097 5
1174405120 68870471681 3
1174405120 70883737601 5
1174405120 206175207425 4
1107296256 68736254016 4
1174405120 68736254017 0
1174405120 68736254144 1
1174405120 68736258112 3
1174405120 68736516160 2
1174405120 68870471744 3
1174405120 70883737664 4
1174405120 206175207488 4
1107296256 68736258048 5
3254779904 68736258049 5
3254779904 68736258112 3
3254779904 68736266240 5
3254779904 68736520192 1
3254779904 68803366912 5
3254779904 73031225344 1
3254779904 206175211520 2
1107296256 68736516096 5
3254779904 68736516097 4
3254779904 68736516160 2
3254779904 68736520192 1
3254779904 68737040384 0
3254779904 68803624960 5
3254779904 73031483392 3
3254779904 206175469568 1
1107296256 68803362816 5
3254779904 68803362817 5
3254779904 68803362880 5
3254779904 68803366912 5
3254779904 68803624960 5
3254779904 68937580544 5
3254779904 73098330112 2
3254779904 206242316288 5
1107296256 70883737600 4
1174405120 70883737601 5
1174405120 70883737664 4
1174405120 70883741696 1
1174405120 70883999744 4
1174405120 71017955328 5
1174405120 75178704896 4
1174405120 208322691072 0
1107296256 206175207424 4
1174405120 206175207425 4
1174405120 206175207488 4
1174405120 206175211520 0
1174405120 206175469568 4
1174405120 206309425152 3
1174405120 208322691072 5
1174405120 481053114368 6
1073741824 70866960384 5
5368709120 70866960385 2
5368713216 70866960387 5
5368713216 70866960449 2
5368713216 70866968577 5
5368713216 70867222529 3
5368713216 70883737601 2
5368713216 79456894977 2
5368713216 208305913857 3
5368709120 70866960448 2
5368713216 70866960449 2
5368713216 70866960576 1
5368713216 70866968640 5
5368713216 70867222592 3
5368713216 70883737664 2
5368713216 79456895040 2
5368713216 208305913920 2
5368709120 70866964480 1
5368709184 70866964481 5
5368709184 70866964608 1
5368709184 70866972672 5
5368709184 70867226624 0
5368709184 70883741696 5
5368709184 79456899072 1
5368709184 208305917952 0
5368709120 70867222528 4
5372903424 70867222529 3
5369233408 70867222592 2
5369233408 70867226624 4
5369233408 70868271104 0
5369233408 70883999744 2
5369233408 79457157120 3
5369233408 208306176000 3
5368709120 70883737600 2
5368713216 70883737601 0
5368713216 70883737664 2
5368713216 70883745792 5
5368713216 70883999744 3
5368713216 70917292032 4
5368713216 79473672192 2
5368713216 208322691072 2
5368709120 79456894976 2
5368713216 79456894977 2
5368713216 79456895040 2
5368713216 79456903168 3
5368713216 79457157120 3
5368713216 79473672192 2
5368713216 96636764160 3
5368713216 216895848448 3
5368709120 208305913856 2
5368713216 208305913857 5
5368713216 208305913920 5
5368713216 208305922048 2
5368713216 208306176000 4
5368713216 208322691072 5
5368713216 216895848448 3
5368713216 483183820800 6
1073741824 206158430208 3
1074003968 206158430209 4
1090781184 206158430211 5
1090781184 206158430273 5
1090781184 206158434305 3
1090781184 206158954497 5
1090781184 206191984641 5
1090781184 208305913857 5
1090781184 481036337153 5
1074003968 206158430272 3
1074528256 206158430273 0
1074528256 206158430400 4
1074528256 206158434368 2
1074528256 206159478848 0
1074528256 206175207488 3
1074528256 208305913920 2
1074528256 481036337216 6
1074003968 206158434304 2
1074012160 206158434305 3
1074012160 206158434368 3
1074012160 206158450688 3
1074012160 206158958592 0
1074012160 206175211520 4
1074012160 208305917952 3
1074012160 481036341248 6
1074003968 206158954496 2
1074008064 206158954497 5
1074008064 206158954560 5
1074008064 206158962688 5
1074008064 206160003072 5
1074008064 206175731712 3
1074008064 208306438144 5
1074008064 481036861440 5
1074003968 206175207424 3
1074528256 206175207425 3
1074528256 206175207488 3
1074528256 206175211520 4
1074528256 206176256000 3
1074528256 206208761856 4
1074528256 208322691072 3
1074528256 481053114368 6
1074003968 208305913856 3
1074528256 208305913857 2
1074528256 208305913920 2
1074528256 208305917952 3
1074528256 208306962432 2
1074528256 208322691072 3
1074528256 212600881152 2
1074528256 483183820800 6
1074003968 481036337152 6
550829817856 481036337153 2
550829817856 481036337216 3
550829817856 481036341248 3
550829817856 481036861440 0
550829817856 481053114368 0
550829817856 483183820800 3
550829817856 1580547964928 2
0 0 3
0 262145 0
1 786434 0
1 786496 1
1 790528 2
1 1835008 3
1 17563648 4
1 1074528256 5
1 68720263168 6
0 262208 1
64 262273 0
64 262528 1
64 266368 2
64 786560 3
64 17039488 4
64 1074004096 5
64 68719739008 6
0 266240 2
4096 1074003969 0
4096 1074004032 1
4096 1074012160 2
4096 1074528256 3
4096 1090781184 4
4096 3221487616 5
4096 69793480704 6
0 786432 3
524288 1310721 0
524288 1310784 1
524288 1314816 2
524288 3407872 3
524288 18087936 4
524288 1075052544 5
524288 68720787456 6
0 17039360 4
16777216 262209 0
16777216 262336 1
16777216 266304 2
16777216 786496 3
16777216 33816640 4
16777216 1074004032 5
16777216 68719738944 6
0 1074003968 5
1073741824 262209 0
1073741824 262336 1
1073741824 266304 2
1073741824 786496 3
1073741824 17039424 4
1073741824 2147745856 5
1073741824 68719738944 6
0 68719738880 6
68719476736 786433 0
68719476736 786496 1
68719476736 790528 2
68719476736 1835008 3
68719476736 17563648 4
68719476736 1074528256 5
68719476736 137439739904 6
262144 3 3
786432 7 0
786440 23 4
17563656 55 2
17567752 119 4
17567752 8247 4
17567752 1048631 4
17567752 33554487 4
17567752 1073741879 4
17567752 68719476791 4
17563656 87 5
1091305480 119 5
1091305480 215 5
1091305480 4183 5
1091305480 1048663 5
1091305480 33554519 5
1091305480 2147483735 5
1091305480 68719476823 5
17563656 4119 2
17571848 4151 4
17571848 4183 4
17571848 20503 4
17571848 1052695 4
17571848 33558551 2
17571848 1073745943 4
17571848 68719480855 4
17563656 1048599 2
17567752 1048631 4
17567752 1048663 4
17567752 1056791 4
17567752 3145751 4
17567752 34603031 4
17567752 1074790423 4
17567752 68720525335 4
17563656 33554455 5
1091305480 33554487 5
1091305480 33554519 5
1091305480 33558551 5
1091305480 34603031 5
1091305480 100663319 5
1091305480 2181038103 5
1091305480 68753031191 5
17563656 1073741847 2
17567752 1073741879 4
17567752 1073741911 2
17567752 1073750039 4
17567752 1074790423 4
17567752 1107296279 4
17567752 3221225495 4
17567752 69793218583 4
17563656 68719476759 2
17567752 68719476791 4
17567752 68719476823 4
17567752 68719484951 4
17567752 68720525335 4
17567752 68753031191 4
17567752 69793218583 4
17567752 206158430231 4
786440 71 0
786440 87 3
1835144 119 3
1835144 343 3
1835144 4183 3
1835144 2097239 1
1835144 16777303 3
1835144 1073741911 3
1835144 68719476823 3
786568 327 3
1835144 343 3
1835144 839 3
1835144 4423 3
1835144 2097479 4
1835144 16777543 3
1835144 1073742151 3
1835144 68719477063 3
786568 4167 1
786824 4183 3
786824 4679 3
786824 12359 1
786824 1052743 3
786824 16781383 3
786824 1073745991 3
786824 68719480903 3
786568 1048647 3
2883720 1048663 3
2883720 1048903 4
2883720 1052743 1
2883720 5242951 0
2883720 17825863 3
2883720 1074790471 5
2883720 68720525383 1
786568 16777287 1
786824 16777303 1
786824 16777799 4
786824 16781383 3
786824 17825863 1
786824 50331719 3
786824 1090519111 1
786824 68736254023 1
786568 1073741895 1
786824 1073741911 1
786824 1073742407 5
786824 1073745991 3
786824 1074790471 2
786824 1090519111 1
786824 3221225543 2
786824 69793218631 1
786568 68719476807 1
786824 68719476823 2
786824 68719477319 3
786824 68719480903 3
786824 68720525383 1
786824 68736254023 1
786824 69793218631 1
786824 206158430279 2
786440 4103 4
17563656 4119 2
17571848 4151 4
17571848 4183 4
17571848 20503 4
17571848 1052695 4
17571848 33558551 2
17571848 1073745943 4
17571848 68719480855 4
17563656 4167 2
17571848 4183 1
17571848 4295 3
17571848 20551 1
17571848 1052743 1
17571848 33558599 2
17571848 1073745991 4
17571848 68719480903 1
17563656 12295 2
17580040 12311 3
17580040 12359 3
17580040 45063 4
17580040 1060871 2
17580040 33566727 3
17580040 1073754119 3
17580040 68719489031 3
17563656 1052679 4
51118088 1052695 6
51118088 1052743 2
51118088 1060871 6
51118088 3149831 6
51118088 68161543 5
51118088 1074794503 2
51118088 68720529415 2
17563656 33558535 5
1091305480 33558551 5
1091305480 33558599 5
1091305480 33566727 5
1091305480 34607111 5
1091305480 100667399 5
1091305480 2181042183 5
1091305480 68753035271 3
17563656 1073745927 4
51118088 1073745943 2
51118088 1073745991 2
51118088 1073754119 4
51118088 1074794503 2
51118088 1140854791 2
51118088 3221229575 2
51118088 69793222663 5
17563656 68719480839 2
17571848 68719480855 4
17571848 68719480903 4
17571848 68719497223 4
17571848 68720529415 4
17571848 68753035271 2
17571848 69793222663 4
17571848 206158434311 4
786440 1048583 4
17563656 1048599 2
17567752 1048631 4
17567752 1048663 4
17567752 1056791 4
17567752 3145751 4
17567752 34603031 4
17567752 1074790423 4
17567752 68720525335 4
17563656 1048647 5
1091305480 1048663 5
1091305480 1048775 5
1091305480 1052743 5
1091305480 3145799 5
1091305480 34603079 5
1091305480 2148532295 5
1091305480 68720525383 5
17563656 1052679 4
51118088 1052695 5
51118088 1052743 2
51118088 1060871 6
51118088 3149831 5
51118088 68161543 5
51118088 1074794503 2
51118088 68720529415 2
17563656 3145735 2
17567752 3145751 4
17567752 3145799 4
17567752 3153927 4
17567752 7340039 4
17567752 36700167 4
17567752 1076887559 4
17567752 68722622471 4
17563656 34603015 5
1091305480 34603031 5
1091305480 34603079 5
1091305480 34607111 5
1091305480 36700167 5
1091305480 101711879 5
1091305480 2182086663 5
1091305480 68754079751 5
17563656 1074790407 4
51118088 1074790423 2
51118088 1074790471 4
51118088 1074794503 2
51118088 1076887559 2
51118088 1141899271 2
51118088 3222274055 2
51118088 69794267143 1
17563656 68720525319 2
17567752 68720525335 4
17567752 68720525383 4
17567752 68720533511 4
17567752 68722622471 4
17567752 68754079751 4
17567752 69794267143 4
17567752 206159478791 4
786440 16777223 4
34340872 16777239 3
35389448 16777271 3
35389448 16777303 3
35389448 16781335 3
35389448 18874391 4
35389448 83886103 3
35389448 1090519063 3
35389448 68736253975 3
34340872 16777287 3
35389448 16777303 3
35389448 16777415 3
35389448 16781383 3
35389448 18874439 4
35389448 83886151 3
35389448 1090519111 3
35389448 68736254023 3
34340872 16781319 2
34349064 16781335 1
34349064 16781383 4
34349064 16797703 1
34349064 17829895 1
34349064 83890183 1
34349064 1090523143 4
34349064 68736258055 1
34340872 17825799 0
34340888 17825831 1
34340888 17825863 3
34340888 17829895 2
34340888 19922951 4
34340888 84934663 4
34340888 1091567623 4
34340888 68737302535 6
34340872 83886087 4
168558600 83886103 4
168558600 83886151 3
168558600 83890183 2
168558600 84934663 1
168558600 352321543 5
168558600 1157627911 3
168558600 68803362823 6
34340872 1090519047 3
35389448 1090519063 3
35389448 1090519111 3
35389448 1090523143 3
35389448 1092616199 4
35389448 1157627911 3
35389448 3238002695 3
35389448 69809995783 3
34340872 68736253959 2
34344968 68736253975 2
34344968 68736254023 2
34344968 68736262151 3
34344968 68737302535 2
34344968 68803362823 2
34344968 69809995783 5
34344968 206175207431 2
786440 1073741831 4
17563656 1073741847 2
17567752 1073741879 4
17567752 1073741911 2
17567752 1073750039 4
17567752 1074790423 4
17567752 1107296279 4
17567752 3221225495 4
17567752 69793218583 4
17563656 1073741895 3
18612232 1073741911 3
18612232 1073742023 3
18612232 1073745991 3
18612232 1075839047 5
18612232 1107296327 3
18612232 3221225543 3
18612232 69793218631 3
17563656 1073745927 3
18612232 1073745943 3
18612232 1073745991 3
18612232 1073754119 3
18612232 1075843079 4
18612232 1107300359 3
18612232 3221229575 3
18612232 69793222663 3
17563656 1074790407 4
51118088 1074790423 1
51118088 1074790471 4
51118088 1074794503 2
51118088 1076887559 2
51118088 1141899271 2
51118088 3222274055 1
51118088 69794267143 5
17563656 1107296263 2
17567752 1107296279 4
17567752 1107296327 3
17567752 1107304455 4
17567752 1108344839 4
17567752 1174405127 4
17567752 3254779911 4
17567752 69826772999 4
17563656 3221225479 2
17567752 3221225495 4
17567752 3221225543 2
17567752 3221233671 4
17567752 3222274055 4
17567752 3254779911 4
17567752 7516192775 4
17567752 71940702215 4
17563656 69793218567 2
17567752 69793218583 4
17567752 69793218631 2
17567752 69793226759 4
17567752 69794267143 4
17567752 69826772999 4
17567752 71940702215 4
17567752 207232172039 4
786440 68719476743 4
17563656 68719476759 2
17567752 68719476791 4
17567752 68719476823 4
17567752 68719484951 4
17567752 68720525335 4
17567752 68753031191 4
17567752 69793218583 4
17567752 206158430231 4
17563656 68719476807 5
1091305480 68719476823 5
1091305480 68719476935 5
1091305480 68719480903 2
1091305480 68720525383 5
1091305480 68753031239 5
1091305480 70866960455 5
1091305480 206158430279 5
17563656 68719480839 2
17571848 68719480855 4
17571848 68719480903 1
17571848 68719497223 4
17571848 68720529415 4
17571848 68753035271 2
17571848 69793222663 4
17571848 206158434311 4
17563656 68720525319 2
17567752 68720525335 4
17567752 68720525383 4
17567752 68720533511 4
17567752 68722622471 4
17567752 68754079751 4
17567752 69794267143 4
17567752 206159478791 4
17563656 68753031175 2
17567752 68753031191 4
17567752 68753031239 4
17567752 68753039367 4
17567752 68754079751 4
17567752 68820140039 4
17567752 69826772999 4
17567752 206191984647 4
17563656 69793218567 2
17567752 69793218583 4
17567752 69793218631 2
17567752 69793226759 4
17567752 69794267143 4
17567752 69826772999 4
17567752 71940702215 4
17567752 207232172039 4
17563656 206158430215 2
17567752 206158430231 4
17567752 206158430279 4
17567752 206158438407 4
17567752 206159478791 4
17567752 206191984647 4
17567752 207232172039 4
17567752 481036337159 4
786432 67 5
1074528256 71 0
1074528264 87 4
1091305480 119 5
1091305480 215 5
1091305480 4183 5
1091305480 1048663 5
1091305480 33554519 5
1091305480 2147483735 5
1091305480 68719476823 5
1074528264 199 4
1091305480 215 5
1091305480 455 5
1091305480 4295 5
1091305480 1048775 5
1091305480 33554631 5
1091305480 2147483847 5
1091305480 68719476935 5
1074528264 4167 2
1074536456 4183 6
1074536456 4295 3
1074536456 20551 6
1074536456 1052743 6
1074536456 16781383 1
1074536456 2147487815 1
1074536456 68719480903 2
1074528264 1048647 4
1091305480 1048663 5
1091305480 1048775 5
1091305480 1052743 5
1091305480 3145799 5
1091305480 34603079 5
1091305480 2148532295 5
1091305480 68720525383 5
1074528264 16777287 3
1075576840 16777303 3
1075576840 16777415 3
1075576840 16781383 3
1075576840 18874439 4
1075576840 50331719 3
1075576840 2164260935 3
1075576840 68736254023 3
1074528264 2147483719 4
1091305480 2147483735 5
1091305480 2147483847 5
1091305480 2147487815 5
1091305480 2148532295 5
1091305480 2181038151 5
1091305480 6442451015 5
1091305480 70866960455 5
1074528264 68719476807 4
1091305480 68719476823 5
1091305480 68719476935 5
1091305480 68719480903 2
1091305480 68720525383 5
1091305480 68753031239 5
1091305480 70866960455 5
1091305480 206158430279 5
1074528256 195 4
1091305472 199 5
1091305472 451 5
1091305472 4291 5
1091305472 1048771 5
1091305472 33554627 5
1091305472 2147483843 5
1091305472 68719476931 5
1074528256 4163 4
1091305472 4167 5
1091305472 4291 5
1091305472 12355 5
1091305472 1052739 5
1091305472 33558595 5
1091305472 2147487811 5
1091305472 68719480899 3
1092354048 68719480903 3
1092354048 68719481027 3
1092354048 68719489091 3
1092354048 68721578051 4
1092354048 68753035331 3
1092354048 70866964547 3
1092354048 206158434371 3
1074528256 1048643 4
1091305472 1048647 5
1091305472 1048771 5
1091305472 1052739 5
1091305472 3145795 5
1091305472 34603075 5
1091305472 2148532291 5
1091305472 68720525379 5
1074528256 16777283 3
1075576832 16777287 3
1075576832 16777411 3
1075576832 16781379 3
1075576832 18874435 4
1109131264 18874439 0
1109131264 18874563 4
1109131264 18878531 2
1109131264 23068739 2
1109131264 85983299 5
1109131264 2166358083 4
1109131264 68738351171 5
1075576832 50331715 3
1075576832 2164260931 3
1075576832 68736254019 3
1074528256 2147483715 4
1091305472 2147483719 5
1091305472 2147483843 5
1091305472 2147487811 5
1091305472 2148532291 5
1091305472 2181038147 5
1091305472 6442451011 5
1091305472 70866960451 5
1074528256 68719476803 4
1091305472 68719476807 5
1091305472 68719476931 5
1091305472 68719480899 3
1092354048 68719480903 3
1092354048 68719481027 3
1092354048 68719489091 3
1092354048 68721578051 4
1092354048 68753035331 3
1092354048 70866964547 3
1092354048 206158434371 3
1091305472 68720525379 5
1091305472 68753031235 5
1091305472 70866960451 5
1091305472 206158430275 5
786432 4099 4
17563648 4103 0
17563656 4119 2
17571848 4151 4
17571848 4183 4
17571848 20503 4
17571848 1052695 4
17571848 33558551 2
17571848 1073745943 4
17571848 68719480855 4
17563656 4167 2
17571848 4183 4
17571848 4295 3
17571848 20551 1
17571848 1052743 1
17571848 33558599 2
17571848 1073745991 1
17571848 68719480903 4
17563656 12295 2
17580040 12311 3
17580040 12359 3
17580040 45063 4
17580040 1060871 2
17580040 33566727 3
17580040 1073754119 3
17580040 68719489031 3
17563656 1052679 4
51118088 1052695 5
51118088 1052743 2
51118088 1060871 6
51118088 3149831 5
51118088 68161543 5
51118088 1074794503 2
51118088 68720529415 2
17563656 33558535 5
1091305480 33558551 5
1091305480 33558599 5
1091305480 33566727 5
1091305480 34607111 5
1091305480 100667399 5
1091305480 2181042183 5
1091305480 68753035271 3
17563656 1073745927 3
18612232 1073745943 3
18612232 1073745991 3
18612232 1073754119 3
18612232 1075843079 4
18612232 1107300359 3
18612232 3221229575 3
18612232 69793222663 3
17563656 68719480839 2
17571848 68719480855 4
17571848 68719480903 4
17571848 68719497223 4
17571848 68720529415 4
17571848 68753035271 2
17571848 69793222663 4
17571848 206158434311 4
17563648 4163 4
51118080 4167 0
51118088 4183 2
51118088 4295 5
51118088 12359 4
51118088 1052743 2
51118088 67113031 2
51118088 1073745991 2
51118088 68719480903 2
51118080 4291 5
1124859904 4295 5
1124859904 4547 5
1124859904 12483 5
1124859904 1052867 5
1124859904 67113155 5
1124859904 2147487939 5
1124859904 68719481027 5
51118080 12355 3
52166656 12359 3
52166656 12483 3
52166656 28739 3
52166656 2109507 2
52166656 67121219 3
52166656 1073754179 3
52166656 68719489091 3
51118080 1052739 5
1124859904 1052743 5
1124859904 1052867 5
1124859904 1060931 5
1124859904 3149891 5
1124859904 68161603 5
1124859904 2148536387 5
1124859904 68720529475 5
51118080 67113027 6
68770594816 67113031 6
68770594816 67113155 6
68770594816 67121219 6
68770594816 68161603 6
68770594816 201330755 6
68770594816 1140854851 2
68770594816 137506066499 6
51118080 1073745987 2
51126272 1073745991 4
51126272 1073746115 4
51126272 1073762371 4
51126272 1074794563 4
51126272 1140854851 4
51126272 3221229635 4
51126272 69793222723 4
51118080 68719480899 1
51118208 68719480903 4
51118208 68719481155 4
51118208 68719489091 4
51118208 68720529475 4
51118208 68786589763 4
51118208 69793222723 4
51118208 206158434371 4
17563648 12291 5
1091305472 12295 5
1091305472 12355 5
1091305472 28675 5
1091305472 1060867 5
1091305472 33566723 5
1091305472 2147495939 5
1091305472 68719489027 3
1092354048 68719489031 3
1092354048 68719489091 3
1092354048 68719505411 3
1092354048 68721586179 4
1092354048 68753043459 3
1092354048 70866972675 3
1092354048 206158442499 3
17563648 1052675 4
51118080 1052679 0
51118088 1052695 6
51118088 1052743 2
51118088 1060871 6
51118088 3149831 6
51118088 68161543 2
51118088 1074794503 2
51118088 68720529415 2
51118080 1052739 5
1124859904 1052743 5
1124859904 1052867 5
1124859904 1060931 5
1124859904 3149891 5
1124859904 68161603 5
1124859904 2148536387 5
1124859904 68720529475 5
51118080 1060867 6
68770594816 1060871 6
68770594816 1060931 6
68770594816 1077251 6
68770594816 3158019 6
68770594816 68169731 6
68770594816 1074802691 5
68770594816 137440014339 6
51118080 3149827 5
1124859904 3149831 5
1124859904 3149891 5
1124859904 3158019 5
1124859904 7344131 5
1124859904 70258691 5
1124859904 2150633475 5
1124859904 68722626563 5
51118080 68161539 6
68770594816 68161543 6
68770594816 68161603 6
68770594816 68169731 6
68770594816 70258691 6
68770594816 202379267 6
68770594816 1141903363 5
68770594816 137507115011 6
51118080 1074794499 5
2198601728 1074794503 5
2198601728 1074794563 5
2198601728 1074802691 6
2198601728 1076891651 5
2198601728 1141903363 5
2198601728 5369761795 5
2198601728 69794271235 5
51118080 68720529411 2
51126272 68720529415 0
51126272 68720529475 4
51126272 68720545795 4
51126272 68722626563 4
51126272 68787638275 2
51126272 69794271235 4
51126272 206159482883 4
17563648 33558531 3
18612224 33558535 3
18612224 33558595 3
18612224 33566723 3
18612224 35655683 5
1092354048 35655687 5
1092354048 35655747 5
1092354048 35663875 5
1092354048 39849987 5
1092354048 102764547 5
1092354048 2183139331 5
1092354048 68755132419 4
18612224 100667395 3
18612224 1107300355 3
18612224 68753035267 3
17563648 1073745923 4
51118080 1073745927 0
51118088 1073745943 2
51118088 1073745991 2
51118088 1073754119 4
51118088 1074794503 2
51118088 1140854791 2
51118088 3221229575 2
51118088 69793222663 5
51118080 1073745987 2
51126272 1073745991 4
51126272 1073746115 4
51126272 1073762371 4
51126272 1074794563 4
51126272 1140854851 4
51126272 3221229635 4
51126272 69793222723 4
51118080 1073754115 3
52166656 1073754119 3
52166656 1073754179 3
52166656 1073770499 3
52166656 1075851267 4
52166656 1140862979 3
52166656 3221237763 3
52166656 69793230851 3
51118080 1074794499 5
2198601728 1074794503 5
2198601728 1074794563 5
2198601728 1074802691 6
2198601728 1076891651 5
2198601728 1141903363 5
2198601728 5369761795 5
2198601728 69794271235 5
51118080 1140854787 2
51126272 1140854791 4
51126272 1140854851 4
51126272 1140871171 4
51126272 1141903363 4
51126272 1275072515 4
51126272 3288338435 1
51126272 69860331523 4
51118080 3221229571 3
52166656 3221229575 3
52166656 3221229635 3
52166656 3221237763 3
52166656 3223326723 4
52166656 3288338435 3
52166656 7516196867 3
52166656 71940706307 3
51118080 69793222659 5
2198601728 69793222663 5
2198601728 69793222723 5
2198601728 69793230851 5
2198601728 69794271235 5
2198601728 69860331523 5
2198601728 74088189955 5
2198601728 207232176131 5
17563648 68719480835 3
18612224 68719480839 3
18612224 68719480899 3
18612224 68719489027 3
18612224 68721577987 4
52166656 68721577991 0
52166656 68721578051 2
52166656 68721586179 4
52166656 68725772291 2
52166656 68788686851 2
52166656 69795319811 5
52166656 206160531459 2
18612224 68753035267 3
18612224 69793222659 3
18612224 206158434307 3
786432 1048579 4
17563648 1048583 0
17563656 1048599 5
1091305480 1048631 5
1091305480 1048663 5
1091305480 1052695 5
1091305480 3145751 5
1091305480 34603031 5
1091305480 2148532247 5
1091305480 68720525335 5
17563656 1048647 5
1091305480 1048663 5
1091305480 1048775 5
1091305480 1052743 5
1091305480 3145799 5
1091305480 34603079 5
1091305480 2148532295 5
1091305480 68720525383 5
17563656 1052679 4
51118088 1052695 5
51118088 1052743 2
51118088 1060871 6
51118088 3149831 5
51118088 68161543 2
51118088 1074794503 2
51118088 68720529415 2
17563656 3145735 2
17567752 3145751 4
17567752 3145799 4
17567752 3153927 4
17567752 7340039 4
17567752 36700167 4
17567752 1076887559 4
17567752 68722622471 4
17563656 34603015 2
17567752 34603031 4
17567752 34603079 4
17567752 34611207 4
17567752 36700167 4
17567752 101711879 4
17567752 1108344839 4
17567752 68754079751 4
17563656 1074790407 4
51118088 1074790423 2
51118088 1074790471 4
51118088 1074794503 2
51118088 1076887559 1
51118088 1141899271 2
51118088 3222274055 1
51118088 69794267143 1
17563656 68720525319 2
17567752 68720525335 4
17567752 68720525383 4
17567752 68720533511 4
17567752 68722622471 4
17567752 68754079751 4
17567752 69794267143 4
17567752 206159478791 4
17563648 1048643 5
1091305472 1048647 5
1091305472 1048771 5
1091305472 1052739 5
1091305472 3145795 5
1091305472 34603075 5
1091305472 2148532291 5
1091305472 68720525379 5
17563648 1052675 4
51118080 1052679 0
51118088 1052695 2
51118088 1052743 2
51118088 1060871 6
51118088 3149831 6
51118088 68161543 6
51118088 1074794503 2
51118088 68720529415 2
51118080 1052739 2
51126272 1052743 4
51126272 1052867 5
51126272 1069123 4
51126272 3149891 4
51126272 68161603 4
51126272 1074794563 4
51126272 68720529475 4
51118080 1060867 6
68770594816 1060871 6
68770594816 1060931 6
68770594816 1077251 6
68770594816 3158019 6
68770594816 68169731 6
68770594816 1074802691 5
68770594816 137440014339 6
51118080 3149827 5
1124859904 3149831 5
1124859904 3149891 5
1124859904 3158019 5
1124859904 7344131 5
1124859904 70258691 5
1124859904 2150633475 5
1124859904 68722626563 5
51118080 68161539 6
68770594816 68161543 6
68770594816 68161603 6
68770594816 68169731 6
68770594816 70258691 6
68770594816 202379267 6
68770594816 1141903363 5
68770594816 137507115011 6
51118080 1074794499 5
2198601728 1074794503 5
2198601728 1074794563 5
2198601728 1074802691 6
2198601728 1076891651 5
2198601728 1141903363 5
2198601728 5369761795 5
2198601728 69794271235 5
51118080 68720529411 4
118226944 68720529415 4
118226944 68720529475 4
118226944 68720537603 4
118226944 68722626563 4
118226944 68854747139 2
118226944 69794271235 4
118226944 206159482883 4
17563648 3145731 2
17567744 3145735 4
17567744 3145795 4
17567744 3153923 4
17567744 7340035 4
17567744 36700163 4
17567744 1076887555 4
17567744 68722622467 4
17563648 34603011 5
1091305472 34603015 5
1091305472 34603075 5
1091305472 34607107 5
1091305472 36700163 5
1091305472 101711875 5
1091305472 2182086659 5
1091305472 68754079747 5
17563648 1074790403 4
51118080 1074790407 0
51118088 1074790423 2
51118088 1074790471 4
51118088 1074794503 2
51118088 1076887559 1
51118088 1141899271 2
51118088 3222274055 2
51118088 69794267143 1
51118080 1074790467 4
118226944 1074790471 4
118226944 1074790595 4
118226944 1074794563 4
118226944 1076887619 4
118226944 1209008195 5
118226944 3222274115 4
118226944 69794267203 4
51118080 1074794499 5
2198601728 1074794503 5
2198601728 1074794563 5
2198601728 1074802691 6
2198601728 1076891651 5
2198601728 1141903363 5
2198601728 5369761795 5
2198601728 69794271235 5
51118080 1076887555 1
51118144 1076887559 4
51118144 1076887683 4
51118144 1076891651 2
51118144 1081081859 4
51118144 1143996419 4
51118144 3224371203 4
51118144 69796364291 4
51118080 1141899267 2
51122176 1141899271 4
51122176 1141899331 2
51122176 1141907459 4
51122176 1143996419 4
51122176 1276116995 4
51122176 3289382915 4
51122176 69861376003 4
51118080 3222274051 4
118226944 3222274055 4
118226944 3222274115 4
118226944 3222278147 4
118226944 3224371203 4
118226944 3356491779 2
118226944 7517241347 4
118226944 71941750787 4
51118080 69794267139 1
51118144 69794267143 4
51118144 69794267267 4
51118144 69794271235 2
51118144 69796364291 4
51118144 69861376003 4
51118144 71941750787 4
51118144 207233220611 4
17563648 68720525315 2
17567744 68720525319 4
17567744 68720525379 4
17567744 68720533507 4
17567744 68722622467 4
17567744 68754079747 4
17567744 69794267139 4
17567744 206159478787 4
786432 16777219 3
1835008 16777223 3
1835008 16777283 3
1835008 16781315 3
1835008 18874371 4
35389440 18874375 0
35389448 18874391 4
35389448 18874439 4
35389448 18878471 2
35389448 23068679 4
35389448 85983239 0
35389448 1092616199 4
35389448 68738351111 4
35389440 18874435 4
102498304 18874439 0
102498304 18874563 4
102498304 18878531 2
102498304 23068739 0
102498304 153092163 5
102498304 1092616259 5
102498304 68738351171 6
35389440 18878467 2
35397632 18878471 0
35397632 18878531 4
35397632 18894851 5
35397632 23072771 0
35397632 85987331 1
35397632 1092620291 4
35397632 68738355203 4
35389440 23068675 4
102498304 23068679 0
102498304 23068739 4
102498304 23072771 4
102498304 31457283 5
102498304 157286403 2
102498304 1096810499 0
102498304 68742545411 6
35389440 85983235 3
39583744 85983239 0
39583744 85983299 1
39583744 85987331 2
39583744 94371843 0
39583744 220200963 0
39583744 1159725059 5
39583744 68805459971 6
35389440 1092616195 4
102498304 1092616199 0
102498304 1092616259 0
102498304 1092620291 4
102498304 1096810499 0
102498304 1226833923 5
102498304 3240099843 5
102498304 69812092931 5
35389440 68738351107 4
102498304 68738351111 0
102498304 68738351171 6
102498304 68738355203 4
102498304 68742545411 6
102498304 68872568835 6
102498304 69812092931 6
102498304 206177304579 5
1835008 50331651 3
1835008 1090519043 3
1835008 68736253955 3
786432 1073741827 4
17563648 1073741831 0
17563656 1073741847 2
17567752 1073741879 4
17567752 1073741911 2
17567752 1073750039 4
17567752 1074790423 4
17567752 1107296279 4
17567752 3221225495 4
17567752 69793218583 4
17563656 1073741895 5
2165047304 1073741911 4
2165047304 1073742023 3
2165047304 1073745991 2
2165047304 1074790471 5
2165047304 1107296327 3
2165047304 5368709191 3
2165047304 69793218631 4
17563656 1073745927 3
18612232 1073745943 3
18612232 1073745991 3
18612232 1073754119 3
18612232 1075843079 4
18612232 1107300359 3
18612232 3221229575 3
18612232 69793222663 3
17563656 1074790407 4
51118088 1074790423 2
51118088 1074790471 4
51118088 1074794503 2
51118088 1076887559 1
51118088 1141899271 2
51118088 3222274055 2
51118088 69794267143 2
17563656 1107296263 3
18612232 1107296279 3
18612232 1107296327 3
18612232 1107300359 3
18612232 1109393415 2
18612232 1174405127 3
18612232 3254779911 3
18612232 69826772999 3
17563656 3221225479 2
17567752 3221225495 4
17567752 3221225543 2
17567752 3221233671 4
17567752 3222274055 4
17567752 3254779911 4
17567752 7516192775 4
17567752 71940702215 4
17563656 69793218567 2
17567752 69793218583 4
17567752 69793218631 2
17567752 69793226759 4
17567752 69794267143 4
17567752 69826772999 4
17567752 71940702215 4
17567752 207232172039 4
17563648 1073741891 4
51118080 1073741895 0
51118088 1073741911 4
51118088 1073742023 3
51118088 1073745991 2
51118088 1074790471 4
51118088 1140850759 5
51118088 3221225543 4
51118088 69793218631 4
51118080 1073742019 3
52166656 1073742023 3
52166656 1073742275 3
52166656 1073746115 3
52166656 1075839171 4
52166656 1140850883 3
52166656 3221225667 3
52166656 69793218755 3
51118080 1073745987 2
51126272 1073745991 4
51126272 1073746115 4
51126272 1073762371 4
51126272 1074794563 4
51126272 1140854851 4
51126272 3221229635 4
51126272 69793222723 4
51118080 1074790467 4
118226944 1074790471 4
118226944 1074790595 4
118226944 1074794563 4
118226944 1076887619 4
118226944 1209008195 5
118226944 3222274115 4
118226944 69794267203 4
51118080 1140850755 3
52166656 1140850759 3
52166656 1140850883 3
52166656 1140854851 3
52166656 1142947907 5
52166656 1275068483 3
52166656 3288334403 3
52166656 69860327491 3
51118080 3221225539 4
118226944 3221225543 4
118226944 3221225667 4
118226944 3221229635 4
118226944 3222274115 4
118226944 3355443267 3
118226944 7516192835 4
118226944 71940702275 4
51118080 69793218627 4
118226944 69793218631 4
118226944 69793218755 4
118226944 69793222723 4
118226944 69794267203 4
118226944 69927436355 6
118226944 71940702275 4
118226944 207232172099 4
17563648 1073745923 4
51118080 1073745927 0
51118088 1073745943 2
51118088 1073745991 2
51118088 1073754119 3
51118088 1074794503 2
51118088 1140854791 2
51118088 3221229575 2
51118088 69793222663 5
51118080 1073745987 2
51126272 1073745991 4
51126272 1073746115 4
51126272 1073762371 4
51126272 1074794563 4
51126272 1140854851 4
51126272 3221229635 4
51126272 69793222723 4
51118080 1073754115 4
118226944 1073754119 4
118226944 1073754179 4
118226944 1073770499 4
118226944 1074802691 4
118226944 1207971843 3
118226944 3221237763 4
118226944 69793230851 4
51118080 1074794499 5
2198601728 1074794503 5
2198601728 1074794563 5
2198601728 1074802691 6
2198601728 1076891651 5
2198601728 1141903363 5
2198601728 5369761795 5
2198601728 69794271235 5
51118080 1140854787 2
51126272 1140854791 4
51126272 1140854851 4
51126272 1140871171 4
51126272 1141903363 4
51126272 1275072515 4
51126272 3288338435 1
51126272 69860331523 4
51118080 3221229571 4
118226944 3221229575 4
118226944 3221229635 4
118226944 3221237763 4
118226944 3222278147 4
118226944 3355447299 3
118226944 7516196867 4
118226944 71940706307 4
51118080 69793222659 5
2198601728 69793222663 5
2198601728 69793222723 5
2198601728 69793230851 5
2198601728 69794271235 5
2198601728 69860331523 5
2198601728 74088189955 5
2198601728 207232176131 5
17563648 1074790403 4
51118080 1074790407 0
51118088 1074790423 1
51118088 1074790471 4
51118088 1074794503 2
51118088 1076887559 2
51118088 1141899271 2
51118088 3222274055 1
51118088 69794267143 2
51118080 1074790467 4
118226944 1074790471 4
118226944 1074790595 4
118226944 1074794563 4
118226944 1076887619 4
118226944 1209008195 5
118226944 3222274115 4
118226944 69794267203 4
51118080 1074794499 5
2198601728 1074794503 5
2198601728 1074794563 5
2198601728 1074802691 6
2198601728 1076891651 5
2198601728 1141903363 5
2198601728 5369761795 5
2198601728 69794271235 5
51118080 1076887555 1
51118144 1076887559 4
51118144 1076887683 4
51118144 1076891651 2
51118144 1081081859 4
51118144 1143996419 4
51118144 3224371203 4
51118144 69796364291 4
51118080 1141899267 1
51118144 1141899271 4
51118144 1141899395 4
51118144 1141903363 2
51118144 1143996419 4
51118144 1276116995 4
51118144 3289382915 4
51118144 69861376003 4
51118080 3222274051 4
118226944 3222274055 4
118226944 3222274115 4
118226944 3222278147 4
118226944 3224371203 4
118226944 3356491779 2
118226944 7517241347 4
118226944 71941750787 4
51118080 69794267139 2
51122176 69794267143 4
51122176 69794267203 5
51122176 69794275331 4
51122176 69796364291 4
51122176 69861376003 4
51122176 71941750787 4
51122176 207233220611 4
17563648 1107296259 3
18612224 1107296263 3
18612224 1107296323 3
18612224 1107300355 3
18612224 1109393411 2
18616320 1109393415 4
18616320 1109393475 4
18616320 1109401603 4
18616320 1113587715 4
18616320 1176502275 4
18616320 3256877059 4
18616320 69828870147 4
18612224 1174405123 3
18612224 3254779907 3
18612224 69826772995 3
17563648 3221225475 2
17567744 3221225479 4
17567744 3221225539 4
51122176 3221225543 0
51122176 3221225667 3
51122176 3221233731 3
51122176 3222274115 2
51122176 3288334403 2
51122176 7516192835 5
51122176 71940702275 2
17567744 3221233667 4
17567744 3222274051 4
17567744 3254779907 4
17567744 7516192771 4
17567744 71940702211 4
17563648 69793218563 4
51118080 69793218567 0
51118088 69793218583 1
51118088 69793218631 4
51118088 69793222663 5
51118088 69794267143 2
51118088 69860327431 2
51118088 71940702215 2
51118088 207232172039 2
51118080 69793218627 3
52166656 69793218631 3
52166656 69793218755 3
52166656 69793222723 3
52166656 69795315779 4
52166656 69860327491 3
52166656 71940702275 3
52166656 207232172099 3
51118080 69793222659 5
2198601728 69793222663 5
2198601728 69793222723 5
2198601728 69793230851 5
2198601728 69794271235 5
2198601728 69860331523 5
2198601728 74088189955 5
2198601728 207232176131 5
51118080 69794267139 2
51122176 69794267143 4
51122176 69794267203 5
51122176 69794275331 4
51122176 69796364291 4
51122176 69861376003 0
51122176 71941750787 4
51122176 207233220611 4
51118080 69860327427 5
2198601728 69860327431 5
2198601728 69860327491 5
2198601728 69860331523 5
2198601728 69861376003 5
2198601728 69994545155 5
2198601728 74155294723 5
2198601728 207299280899 1
51118080 71940702211 2
51122176 71940702215 4
51122176 71940702275 3
51122176 71940710403 4
51122176 71941750787 4
51122176 72007811075 4
51122176 76235669507 4
51122176 209379655683 4
51118080 207232172035 1
51118144 207232172039 4
51118144 207232172163 4
51118144 207232176131 2
51118144 207233220611 4
51118144 207299280899 4
51118144 209379655683 4
51118144 482110078979 4
786432 68719476739 2
790528 68719476743 0
790536 68719476759 4
17567752 68719476791 4
17567752 68719476823 4
17567752 68719484951 4
17567752 68720525335 4
17567752 68753031191 4
17567752 69793218583 4
17567752 206158430231 4
790536 68719476807 4
17567752 68719476823 4
17567752 68719476935 4
17567752 68719484999 4
17567752 68720525383 4
17567752 68753031239 4
17567752 69793218631 2
17567752 206158430279 4
790536 68719484935 4
17567752 68719484951 4
17567752 68719484999 4
17567752 68719501319 4
17567752 68720533511 4
17567752 68753039367 4
17567752 69793226759 4
17567752 206158438407 4
790536 68720525319 4
17567752 68720525335 4
17567752 68720525383 4
17567752 68720533511 4
17567752 68722622471 4
17567752 68754079751 4
17567752 69794267143 4
17567752 206159478791 4
790536 68736253959 4
34344968 68736253975 2
34344968 68736254023 2
34344968 68736262151 3
34344968 68737302535 2
34344968 68803362823 2
34344968 69809995783 5
34344968 206175207431 2
790536 69793218567 2
798728 69793218583 1
798728 69793218631 4
798728 69793234951 1
798728 69794267143 1
798728 69809995783 4
798728 71940702215 4
798728 207232172039 4
790536 206158430215 4
17567752 206158430231 4
17567752 206158430279 4
17567752 206158438407 4
17567752 206159478791 4
17567752 206191984647 4
17567752 207232172039 4
17567752 481036337159 4
790528 68719476803 5
1074532352 68719476807 5
1074532352 68719476931 5
1074532352 68719484995 5
1074532352 68720525379 5
1074532352 68736254019 3
1075580928 68736254023 3
1075580928 68736254147 3
1075580928 68736262211 3
1075580928 68738351171 4
1075580928 68769808451 3
1075580928 70883737667 3
1075580928 206175207491 3
1074532352 70866960451 5
1074532352 206158430275 5
790528 68719484931 4
17567744 68719484935 4
17567744 68719484995 4
17567744 68719501315 4
17567744 68720533507 4
17567744 68753039363 4
17567744 69793226755 4
17567744 206158438403 4
790528 68720525315 4
17567744 68720525319 4
17567744 68720525379 4
17567744 68720533507 4
17567744 68722622467 4
17567744 68754079747 4
17567744 69794267139 4
17567744 206159478787 4
790528 68736253955 3
1839104 68736253959 0
1839104 68736253967 3
1839104 68736254019 3
1839104 68736262147 3
1839104 68738351107 4
1839104 68769808387 3
1839104 69809995779 3
1839104 206175207427 3
790528 68719476803 3
1839104 68719476807 3
1839104 68719476931 3
1839104 68719484995 3
1839104 68721573955 4
1839104 68736254019 3
1839104 69793218627 3
1839104 206158430275 3
790528 68719484931 4
17567744 68719484935 4
17567744 68719484995 4
17567744 68719501315 4
17567744 68720533507 4
17567744 68753039363 4
17567744 69793226755 4
17567744 206158438403 4
790528 68720525315 4
17567744 68720525319 4
17567744 68720525379 4
17567744 68720533507 4
17567744 68722622467 4
17567744 68754079747 4
17567744 69794267139 4
17567744 206159478787 4
790528 68736253955 3
1839104 68736253959 3
1839104 68736254019 3
1839104 68736262147 3
1839104 68738351107 4
1839104 68769808387 3
1839104 69809995779 3
1839104 206175207427 3
790528 69793218563 2
798720 69793218567 0
798720 69793218627 4
798720 69793234947 4
798720 69794267139 1
798720 69809995779 5
798720 71940702211 3
798720 207232172035 1
790528 206158430211 4
17567744 206158430215 4
17567744 206158430275 4
17567744 206158438403 4
17567744 206159478787 4
17567744 206191984643 4
17567744 207232172035 4
17567744 481036337155 4
786432 1073741827 4
17563648 1073741831 0
17563656 1073741847 2
17563656 1073741895 5
17563656 1073745927 4
17563656 1074790407 4
17563656 1107296263 3
17563656 3221225479 2
17563656 69793218567 2
17563648 1073741891 3
18612224 1073741895 3
18612224 1073742019 3
18612224 1073745987 3
18612224 1075839043 4
18612224 1107296323 3
18612224 3221225539 3
18612224 69793218627 3
17563648 1073745923 4
51118080 1073745927 0
51118080 1073745987 2
51118080 1073754115 4
51118080 1074794499 5
51118080 1140854787 2
51118080 3221229571 4
51118080 69793222659 5
17563648 1074790403 4
51118080 1074790407 0
51118080 1074790467 4
51118080 1074794499 5
51118080 1076887555 2
51118080 1141899267 2
51118080 3222274051 2
51118080 69794267139 2
17563648 1107296259 3
18612224 1107296263 3
18612224 1107296323 3
18612224 1107300355 3
18612224 1109393411 2
18612224 1174405123 3
18612224 3254779907 3
18612224 69826772995 3
17563648 3221225475 2
17567744 3221225479 4
17567744 3221225539 4
17567744 3221233667 4
17567744 3222274051 4
17567744 3254779907 4
17567744 7516192771 4
17567744 71940702211 4
17563648 69793218563 3
18612224 69793218567 3
18612224 69793218627 3
18612224 69793222659 3
18612224 69795315715 4
18612224 69826772995 3
18612224 71940702211 3
18612224 207232172035 3
786432 68719476739 3
1835008 68719476743 3
1835008 68719476803 0
1835008 68719476807 3
1835008 68719476803 3
1835008 68719480835 3
1835008 68721573891 0
1835008 68736253955 3
1835008 69793218563 3
1835008 206158430211 3
786432 4099 3
1835008 4103 3
1835008 4163 3
1835008 12291 3
1835008 2101251 3
1835008 16781315 3
1835008 1073745923 3
1835008 68719480835 3
786432 1048579 4
17563648 1048583 0
17563648 1048643 5
17563648 1052675 4
17563648 3145731 5
17563648 34603011 2
17563648 1074790403 4
17563648 68720525315 2
786432 16777219 3
1835008 16777223 3
1835008 16777283 3
1835008 16781315 3
1835008 18874371 4
1835008 50331651 3
1835008 1090519043 3
1835008 68736253955 3
786432 1073741827 4
17563648 1073741831 0
17563648 1073741891 4
17563648 1073745923 4
17563648 1074790403 4
17563648 1107296259 3
17563648 3221225475 2
17563648 69793218563 3
786432 68719476739 2
790528 68719476743 0
790528 68719476803 3
790528 68719484931 4
790528 68720525315 4
790528 68736253955 3
790528 69793218563 2
790528 206158430211 4
0 64 2
4096 65 2
12288 67 2
28672 71 2
28672 195 2
28672 32835 5
1073770496 32839 0
1073770496 32963 3
1073770496 98371 3
1073770496 294979 3
1073770496 16810051 4
1073770496 2147516483 1
1073770496 68719509571 0
28672 262211 2
28672 16777283 2
28672 1073741891 2
28672 68719476803 2
12288 193 1
12544 195 2
28928 199 2
28928 707 2
28928 32963 3
28928 262339 2
28928 16777411 2
28928 1073742019 2
28928 68719476931 2
12544 705 2
28928 707 2
28928 1729 2
28928 33473 3
28928 262849 2
28928 16777921 2
28928 1073742529 2
28928 68719477441 2
12544 16577 1
13056 16579 2
13056 17601 2
13056 49345 1
13056 278721 3
13056 16793793 1
13056 1073758401 2
13056 68719493313 1
12544 262337 3
536832 262339 5
536832 262849 2
536832 278721 1
536832 1310913 3
536832 17039553 2
536832 1074004161 2
536832 68719739073 2
12544 16777409 2
28928 16777411 2
28928 16777921 2
28928 16810177 3
28928 17039553 2
28928 50331841 2
28928 1090519233 2
28928 68736254145 2
12544 1073742017 2
28928 1073742019 2
28928 1073742529 2
28928 1073774785 4
28928 1074004161 2
28928 1090519233 2
28928 3221225665 2
28928 69793218753 2
12544 68719476929 2
28928 68719476931 2
28928 68719477441 2
28928 68719509697 3
28928 68719739073 2
28928 68736254145 2
28928 69793218753 2
28928 206158430401 2
12288 16449 2
45056 16451 0
45060 16459 6
45060 16579 1
45060 81987 0
45060 278595 3
45060 16793667 5
45060 1073758275 5
45060 68719493187 5
45056 16577 1
45312 16579 3
45312 17089 3
45312 82113 1
45312 278721 3
45312 16793793 3
45312 1073758401 3
45312 68719493313 1
45056 81985 1
45184 81987 3
45184 82241 0
45184 213057 1
45184 344129 3
45184 16859201 4
45184 1073823809 1
45184 68719558721 4
45056 278593 1
45184 278595 3
45184 278849 3
45184 344129 3
45184 802881 3
45184 17055809 3
45184 1074020417 3
45184 68719755329 3
45056 16793665 4
33599488 16793667 5
33599488 16793793 5
33599488 16859201 5
33599488 17055809 5
33599488 83902529 5
33599488 1090535489 6
33599488 68736270401 5
45056 1073758273 4
16822272 1073758275 4
16822272 1073758401 1
16822272 1073823809 4
16822272 1074020417 3
16822272 1107312705 4
16822272 3221241921 4
16822272 69793235009 4
45056 68719493185 3
307200 68719493187 5
307200 68719493313 5
307200 68719558721 5
307200 68720017473 5
307200 68736270401 4
307200 69793235009 3
307200 206158446657 5
12288 262209 2
28672 262211 2
28672 262337 2
28672 294977 3
552960 294979 3
552960 295105 3
552960 360513 1
552960 1343553 5
552960 17072193 1
552960 1074036801 4
552960 68719771713 1
28672 786497 2
28672 17039425 2
28672 1074004033 2
28672 68719738945 2
12288 16777281 1
12416 16777283 2
28800 16777287 2
28800 16777539 2
28800 16810051 1
28800 17039427 2
28800 50331715 2
28800 1090519107 2
28800 68736254019 2
12416 16777537 0
12418 16777541 5
12418 16778049 5
12418 16793921 1
12418 17039681 2
12418 50331969 2
12418 1090519361 2
12418 68736254273 2
12416 16793665 1
12672 16793667 2
12672 16794177 4
12672 16826433 6
12672 17055809 3
12672 50348097 1
12672 1090535489 2
12672 68736270401 5
12416 17039425 3
536704 17039427 3
536704 17039681 3
536704 17055809 3
536704 18088001 3
536704 50593857 3
536704 1090781249 3
536704 68736516161 3
12416 50331713 2
28800 50331715 2
28800 50331969 2
28800 50364481 1
28800 50593857 2
28800 117440577 2
28800 1124073537 2
28800 68769808449 2
12416 1090519105 2
28800 1090519107 2
28800 1090519361 2
28800 1090551873 1
28800 1090781249 2
28800 1124073537 2
28800 3238002753 2
28800 69809995841 2
12416 68736254017 2
28800 68736254019 2
28800 68736254273 2
28800 68736286785 1
28800 68736516161 2
28800 68769808449 2
28800 69809995841 2
28800 206175207489 2
12288 1073741889 1
12416 1073741891 2
28800 1073741895 2
28800 1073742147 2
28800 1073774659 1
28800 1074004035 2
28800 1090519107 2
28800 3221225539 2
28800 69793218627 2
12416 1073742145 5
2147496064 1073742147 2
2147496064 1073742657 2
2147496064 1073758529 4
2147496064 1074004289 2
2147496064 1090519361 5
2147496064 5368709441 0
2147496064 69793218881 4
12416 1073758273 1
12672 1073758275 1
12672 1073758785 0
12672 1073791041 1
12672 1074020417 3
12672 1090535489 4
12672 3221241921 1
12672 69793235009 0
12416 1074004033 2
28800 1074004035 2
28800 1074004289 2
28800 1074036801 3
28800 1074528321 2
28800 1090781249 2
28800 3221487681 2
28800 69793480769 2
12416 1090519105 2
28800 1090519107 2
28800 1090519361 2
28800 1090551873 1
28800 1090781249 2
28800 1124073537 2
28800 3238002753 2
28800 69809995841 2
12416 3221225537 2
28800 3221225539 2
28800 3221225793 2
28800 3221258305 1
28800 3221487681 2
28800 3238002753 2
28800 7516192833 2
28800 71940702273 2
12416 69793218625 2
28800 69793218627 2
28800 69793218881 2
28800 69793251393 1
28800 69793480769 2
28800 69809995841 2
28800 71940702273 2
28800 207232172097 2
12288 68719476801 4
16789504 68719476803 3
17051648 68719476807 4
17051648 68719476931 4
17051648 68719493187 4
17051648 68720001091 4
17051648 68753031235 4
17051648 69793218627 2
17051648 206158430275 4
16789504 68719476929 3
17051648 68719476931 4
17051648 68719477185 4
17051648 68719493313 4
17051648 68720001217 4
17051648 68753031361 4
17051648 69793218753 2
17051648 206158430401 4
16789504 68719493185 1
16789632 68719493187 3
16789632 68719493441 5
16789632 68719525953 3
16789632 68719755329 3
16789632 68753047617 0
16789632 69793235009 1
16789632 206158446657 5
16789504 68719738945 3
17313792 68719738947 2
17313792 68719739073 2
17313792 68719755329 1
17313792 68720787521 1
17313792 68753293377 0
17313792 69793480769 1
17313792 206158692417 1
16789504 68753031233 5
1090531328 68753031235 5
1090531328 68753031361 5
1090531328 68753047617 5
1090531328 68753293377 2
1090531328 68820140097 5
1090531328 70900514881 5
1090531328 206191984705 5
16789504 69793218625 4
50343936 69793218627 2
50343936 69793218753 4
50343936 69793235009 4
50343936 69793480769 3
50343936 69860327489 2
50343936 71940702273 2
50343936 207232172097 2
16789504 206158430273 5
1090531328 206158430275 5
1090531328 206158430401 5
1090531328 206158446657 5
1090531328 206158692417 2
1090531328 206191984705 5
1090531328 208305913921 5
1090531328 481036337217 5
4096 192 1
4352 193 5
1073746176 195 5
3221229824 199 0
3221229824 707 2
3221229824 8387 5
3221229824 262339 3
3221229824 16777411 5
3221229824 4294967491 2
3221229824 68719476931 3
1073746176 705 5
3221229824 707 3
3221229824 1729 6
3221229824 8897 2
3221229824 262849 3
3221229824 16777921 1
3221229824 4294968001 2
3221229824 68719477441 3
1073746176 8385 5
3221229824 8387 5
3221229824 8897 2
3221229824 24769 5
3221229824 270529 3
3221229824 16785601 4
3221229824 4294975681 2
3221229824 68719485121 4
1073746176 262337 3
1074270464 262339 3
1074270464 262849 3
1074270464 270529 3
1074270464 1310913 3
1074270464 17039553 3
1074270464 2147745985 1
1074270464 68719739073 3
1073746176 16777409 5
3221229824 16777411 2
3221229824 16777921 4
3221229824 16785601 4
3221229824 17039553 3
3221229824 50331841 4
3221229824 4311744705 2
3221229824 68736254145 5
1073746176 2147483841 5
5368713472 2147483843 3
5368713472 2147484353 5
5368713472 2147492033 5
5368713472 2147745985 5
5368713472 2164261057 5
5368713472 10737418433 3
5368713472 70866960577 1
1073746176 68719476929 5
3221229824 68719476931 3
3221229824 68719477441 3
3221229824 68719485121 5
3221229824 68719739073 3
3221229824 68736254145 4
3221229824 73014444225 5
3221229824 206158430401 5
4352 704 2
12544 705 2
28928 707 2
28928 1729 2
28928 33473 3
28928 262849 2
28928 16777921 2
28928 1073742529 2
28928 68719477441 2
12544 1728 3
274688 1729 5
274688 3776 5
274688 18112 3
274688 526016 2
274688 16778944 4
274688 1073743552 2
274688 68719478464 3
12544 17088 1
13568 17089 6
13568 19136 6
13568 49856 6
13568 279232 3
13568 16794304 6
13568 1073758912 2
13568 68719493824 4
12544 262848 2
28928 262849 2
28928 263872 2
28928 295616 6
28928 787136 2
28928 17040064 2
28928 1074004672 2
28928 68719739584 2
12544 16777920 2
28928 16777921 2
28928 16778944 2
28928 16810688 4
28928 17040064 2
28928 50332352 2
28928 1090519744 2
28928 68736254656 2
12544 1073742528 2
28928 1073742529 2
28928 1073743552 2
28928 1073775296 3
28928 1074004672 2
28928 1090519744 2
28928 3221226176 2
28928 69793219264 2
12544 68719477440 3
274688 68719477441 2
274688 68719478464 0
274688 68719493824 3
274688 68720001728 2
274688 68736254656 3
274688 69793219264 5
274688 206158430912 4
4352 8384 2
20736 8385 1
21248 8387 2
21248 9409 0
21248 41153 0
21248 270529 3
21248 16785601 4
21248 1073750209 6
21248 68719485121 0
20736 8896 5
1073762560 8897 5
1073762560 9920 5
1073762560 41664 2
1073762560 271040 3
1073762560 16786112 4
1073762560 2147492544 5
1073762560 68719485632 1
20736 41152 2
86272 41153 4
86272 41664 5
86272 172224 4
86272 303296 3
86272 16818368 4
86272 1073782976 4
86272 68719517888 5
20736 270528 3
545024 270529 2
545024 271040 3
545024 303296 4
545024 1319104 4
545024 17047744 2
545024 1074012352 2
545024 68719747264 3
20736 16785600 2
53504 16785601 6
53504 16786112 4
53504 16851136 1
53504 17047744 3
53504 50340032 1
53504 1090527424 2
53504 68736262336 5
20736 1073750208 4
16797952 1073750209 1
16797952 1073750720 4
16797952 1073782976 1
16797952 1074012352 3
16797952 1107304640 1
16797952 3221233856 1
16797952 69793226944 1
20736 68719485120 5
1073762560 68719485121 4
1073762560 68719485632 5
1073762560 68719517888 4
1073762560 68719747264 3
1073762560 68736262336 4
1073762560 70866968768 4
1073762560 206158438592 4
4352 262336 2
12544 262337 2
28928 262339 2
28928 262849 2
28928 295105 6
28928 786625 2
28928 17039553 2
28928 1074004161 2
28928 68719739073 2
12544 262848 3
536832 262849 2
536832 263872 2
536832 279232 6
536832 1311424 6
536832 17040064 2
536832 1074004672 3
536832 68719739584 2
12544 278720 2
45312 278721 3
45312 279232 3
45312 344256 1
45312 803008 1
45312 17055936 3
45312 1074020544 1
45312 68719755456 1
12544 786624 2
28928 786625 2
28928 787136 2
28928 819392 3
28928 1835200 2
28928 17563840 2
28928 1074528448 2
28928 68720263360 2
12544 17039552 3
536832 17039553 2
536832 17040064 2
536832 17055936 2
536832 18088128 3
536832 50593984 4
536832 1090781376 6
536832 68736516288 5
12544 1074004160 2
28928 1074004161 2
28928 1074004672 2
28928 1074036928 1
28928 1074528448 2
28928 1090781376 2
28928 3221487808 2
28928 69793480896 2
12544 68719739072 2
28928 68719739073 2
28928 68719739584 2
28928 68719771840 4
28928 68720263360 2
28928 68736516288 2
28928 69793480896 2
28928 206158692544 2
4352 16777408 2
12544 16777409 2
28928 16777411 2
28928 16777921 2
28928 16810177 3
28928 17039553 2
28928 50331841 2
28928 1090519233 2
28928 68736254145 2
12544 16777920 2
28928 16777921 2
28928 16778944 2
28928 16810688 4
28928 17040064 2
28928 50332352 2
28928 1090519744 2
28928 68736254656 2
12544 16793792 1
13056 16793793 2
13056 16794816 4
13056 16826560 1
13056 17055936 1
13056 50348224 4
13056 1090535616 1
13056 68736270528 5
12544 17039552 3
536832 17039553 2
536832 17040064 2
536832 17055936 2
536832 18088128 3
536832 50593984 4
536832 1090781376 6
536832 68736516288 5
12544 50331840 4
67121408 50331841 2
67121408 50332352 1
67121408 50348224 2
67121408 50593984 2
67121408 184549568 2
67121408 1124073664 2
67121408 68769808576 2
12544 1090519232 2
28928 1090519233 2
28928 1090519744 2
28928 1090552000 1
28928 1090781376 2
28928 1124073664 2
28928 3238002880 2
28928 69809995968 2
12544 68736254144 2
28928 68736254145 2
28928 68736254656 2
28928 68736286912 3
28928 68736516288 2
28928 68769808576 2
28928 69809995968 2
28928 206175207616 2
4352 1073742016 6
68719481088 1073742017 6
206158434560 1073742019 1
206158434560 1073742529 5
206158434560 1073750209 5
206158434560 1074004161 3
206158434560 1090519233 4
206158434560 3221225665 5
206158434560 275951648961 5
68719481088 1073742528 5
70866964736 1073742529 2
70866964736 1073743552 2
70866964736 1073750720 5
70866964736 1074004672 3
70866964736 1090519744 2
70866964736 5368709824 2
70866964736 138512696000 2
68719481088 1073750208 1
68719481600 1073750209 5
68719481600 1073751232 0
68719481600 1073766592 1
68719481600 1074012352 1
68719481600 1090527424 4
68719481600 3221233856 1
68719481600 138512703680 1
68719481088 1074004160 3
68720005376 1074004161 5
68720005376 1074004672 3
68720005376 1074012352 3
68720005376 1075052736 3
68720005376 1090781376 5
68720005376 3221487808 3
68720005376 138512957632 1
68719481088 1090519232 2
68719489280 1090519233 2
68719489280 1090519744 5
68719489280 1090535616 2
68719489280 1090781376 2
68719489280 1124073664 4
68719489280 3238002880 4
68719489280 138529472704 2
68719481088 3221225664 5
73014448384 3221225665 1
73014448384 3221226176 5
73014448384 3221233856 1
73014448384 3221487808 3
73014448384 3238002880 4
73014448384 11811160256 1
73014448384 140660179136 5
68719481088 138512695488 2
68719489280 138512695489 2
68719489280 138512696000 5
68719489280 138512711872 2
68719489280 138512957632 1
68719489280 138529472704 2
68719489280 140660179136 2
68719489280 413390602432 2
4352 68719476928 1
4864 68719476929 3
267008 68719476931 2
267008 68719477953 2
267008 68719485121 1
267008 68720001217 1
267008 68736254145 1
267008 69793218753 1
267008 206158430401 3
4864 68719477952 4
16782080 68719477953 3
16782080 68719480000 3
16782080 68719486144 4
16782080 68719740096 3
16782080 68753032384 3
16782080 69793219776 4
16782080 206158431424 3
4864 68719485120 5
1073746688 68719485121 1
1073746688 68719486144 5
1073746688 68719501504 2
1073746688 68719747264 1
1073746688 68736262336 1
1073746688 70866968768 5
1073746688 206158438592 2
4864 68719739072 3
529152 68719739073 1
529152 68719740096 4
529152 68719747264 3
529152 68720787648 1
529152 68736516288 5
529152 69793480896 4
529152 206158692544 2
4864 68736254144 5
1073746688 68736254145 1
1073746688 68736255168 4
1073746688 68736262336 4
1073746688 68736516288 3
1073746688 68769808576 4
1073746688 70883737792 2
1073746688 206175207616 2
4864 69793218752 3
267008 69793218753 1
267008 69793219776 3
267008 69793226944 1
267008 69793743040 1
267008 69809995968 4
267008 71940702400 5
267008 207232172224 5
4864 206158430400 1
5888 206158430401 1
5888 206158432448 3
5888 206158438592 1
5888 206158692544 1
5888 206175207616 1
5888 207232172224 1
5888 481036337344 1
4096 8256 2
20480 8257 2
53248 8259 2
118784 8263 2
118784 8387 2
118784 139331 1
118784 270403 2
118784 16785475 2
118784 1073750083 2
118784 68719484995 2
53248 8385 2
118784 8387 2
118784 8641 2
118784 139457 3
118784 270529 2
118784 16785601 2
118784 1073750209 2
118784 68719485121 2
53248 73793 1
53376 73795 3
53376 74049 1
53376 204865 3
53376 335937 3
53376 16851009 4
53376 1073815617 5
53376 68719550529 3
53248 270401 3
577536 270403 3
577536 270529 3
577536 335937 3
577536 1318977 3
577536 17047617 3
577536 1074012225 2
577536 68719747137 3
53248 16785473 4
33607680 16785475 2
33607680 16785601 3
33607680 16851009 3
33607680 17047617 5
33607680 83894337 2
33607680 1090527297 2
33607680 68736262209 6
53248 1073750081 5
2147536896 1073750083 3
2147536896 1073750209 6
2147536896 1073815617 3
2147536896 1074012225 1
2147536896 1090527297 5
2147536896 5368717377 5
2147536896 69793226817 2
53248 68719484993 3
315392 68719484995 3
315392 68719485121 3
315392 68719550529 3
315392 68720009281 2
315392 68736262209 3
315392 69793226817 5
315392 206158438465 5
20480 8384 2
53248 8385 2
118784 8387 2
118784 8641 2
118784 139457 3
118784 270529 2
118784 16785601 2
118784 1073750209 2
118784 68719485121 2
53248 8640 1
53760 8641 2
53760 9664 5
53760 74176 5
53760 270784 3
53760 16785856 4
53760 1073750464 2
53760 68719485376 5
53248 73920 5
1073795072 73921 3
1073795072 74176 1
1073795072 204992 5
1073795072 336064 3
1073795072 16851136 4
1073795072 2147557568 4
1073795072 68719550656 6
53248 270528 3
577536 270529 3
577536 270784 1
577536 336064 3
577536 1319104 3
577536 17047744 3
577536 1074012352 2
577536 68719747264 3
53248 16785600 2
118784 16785601 2
118784 16785856 2
118784 16916672 4
118784 17047744 2
118784 50340032 2
118784 1090527424 2
118784 68736262336 2
53248 1073750208 2
118784 1073750209 2
118784 1073750464 2
118784 1073881280 5
118784 1074012352 2
118784 1090527424 2
118784 3221233856 2
118784 69793226944 2
53248 68719485120 2
118784 68719485121 2
118784 68719485376 2
118784 68719616192 5
118784 68719747264 2
118784 68736262336 2
118784 69793226944 2
118784 206158438592 2
20480 41024 1
20608 41025 1
20864 41027 1
20864 41537 2
20864 106561 1
20864 303169 1
20864 16818241 1
20864 1073782849 1
20864 68719517761 1
20608 41280 3
282752 41281 3
282752 41792 3
282752 106816 3
282752 565568 0
282752 16818496 3
282752 1073783104 3
282752 68719518016 3
20608 106560 0
20609 106562 6
20609 106816 4
20609 237632 3
20609 368704 1
20609 16883776 4
20609 1073848384 3
20609 68719583296 3
20608 303168 0
20609 303170 1
20609 303424 3
20609 368704 1
20609 827456 1
20609 17080384 4
20609 1074044992 3
20609 68719779904 1
20608 16818240 4
33575040 16818241 1
33575040 16818496 0
33575040 16883776 0
33575040 17080384 1
33575040 83927104 4
33575040 1090560064 1
33575040 68736294976 5
20608 1073782848 1
20864 1073782849 1
20864 1073783360 3
20864 1073848384 1
20864 1074044992 1
20864 1090560064 1
20864 3221266496 1
20864 69793259584 1
20608 68719517760 3
282752 68719517761 3
282752 68719518016 3
282752 68719583296 0
282752 68720042048 3
282752 68736294976 1
282752 69793259584 1
282752 206158471232 1
20480 270400 2
53248 270401 2
118784 270403 2
118784 270529 2
118784 401473 3
118784 794689 2
118784 17047617 2
118784 1074012225 2
118784 68719747137 2
53248 270528 2
118784 270529 2
118784 270784 2
118784 401600 3
118784 794816 2
118784 17047744 2
118784 1074012352 2
118784 68719747264 2
53248 335936 3
577536 335937 3
577536 336064 3
577536 467008 3
577536 1384512 3
577536 17113152 3
577536 1074077760 3
577536 68719812672 3
53248 794688 3
1101824 794689 1
1101824 794816 3
1101824 860224 3
1101824 2891840 2
1101824 17571904 2
1101824 1074536512 1
1101824 68720271424 2
53248 17047616 4
33607680 17047617 3
33607680 17047744 5
33607680 17113152 5
33607680 17571904 2
33607680 84156480 4
33607680 1090789440 6
33607680 68736524352 5
53248 1074012224 3
577536 1074012225 3
577536 1074012352 2
577536 1074077760 3
577536 1075060800 2
577536 1090789440 6
577536 3221495872 2
577536 69793488960 4
53248 68719747136 5
1073795072 68719747137 1
1073795072 68719747264 2
1073795072 68719812672 3
1073795072 68720271424 2
1073795072 68736524352 4
1073795072 70867230784 1
1073795072 206158700608 6
20480 16785472 2
53248 16785473 2
118784 16785475 2
118784 16785601 2
118784 16916545 4
118784 17047617 2
118784 50339905 2
118784 1090527297 2
118784 68736262209 2
53248 16785600 4
33607680 16785601 3
33607680 16785856 1
33607680 16851136 3
33607680 17047744 3
33607680 83894464 4
33607680 1090527424 3
33607680 68736262336 5
53248 16851008 4
33607680 16851009 3
33607680 16851136 3
33607680 16982080 1
33607680 17113152 5
33607680 83959872 4
33607680 1090592832 3
33607680 68736327744 3
53248 17047616 1
53376 17047617 2
53376 17047872 3
53376 17113152 1
53376 17571904 2
53376 50602048 3
53376 1090789440 6
53376 68736524352 5
53248 50339904 3
315392 50339905 1
315392 50340032 3
315392 50405440 3
315392 50864192 1
315392 117448768 4
315392 1124081728 3
315392 68769816640 2
53248 1090527296 6
68719529984 1090527297 2
68719529984 1090527424 4
68719529984 1090592832 1
68719529984 1090789440 2
68719529984 1124081728 2
68719529984 3238010944 5
68719529984 138529480768 3
53248 68736262208 4
33607680 68736262209 2
33607680 68736262336 6
33607680 68736327744 6
33607680 68736524352 5
33607680 68803371072 2
33607680 69810004032 3
33607680 206175215680 2
20480 1073750080 2
53248 1073750081 2
118784 1073750083 2
118784 1073750209 2
118784 1073881153 5
118784 1074012225 2
118784 1090527297 2
118784 3221233729 2
118784 69793226817 2
53248 1073750208 5
2147536896 1073750209 2
2147536896 1073750464 1
2147536896 1073815744 3
2147536896 1074012352 3
2147536896 1090527424 3
2147536896 5368717504 1
2147536896 69793226944 2
53248 1073815616 3
315392 1073815617 3
315392 1073815744 3
315392 1073946688 5
315392 1074339904 1
315392 1090592832 3
315392 3221299264 5
315392 69793292352 5
53248 1074012224 3
577536 1074012225 3
577536 1074012352 2
577536 1074077760 3
577536 1075060800 3
577536 1090789440 6
577536 3221495872 2
577536 69793488960 4
53248 1090527296 4
33607680 1090527297 3
33607680 1090527424 2
33607680 1090592832 3
33607680 1090789440 6
33607680 1157636160 2
33607680 3238010944 3
33607680 69810004032 3
53248 3221233728 6
68719529984 3221233729 2
68719529984 3221233856 5
68719529984 3221299264 4
68719529984 3221495872 5
68719529984 3238010944 2
68719529984 7516201024 5
68719529984 140660187200 5
53248 69793226816 2
118784 69793226817 2
118784 69793226944 2
118784 69793357888 3
118784 69793488960 2
118784 69810004032 2
118784 71940710464 2
118784 207232180288 2
20480 68719484992 2
53248 68719484993 1
53376 68719484995 3
53376 68719485249 1
53376 68719550529 5
53376 68719747137 5
53376 68736262209 2
53376 69793226817 3
53376 206158438465 2
53248 68719485120 3
315392 68719485121 3
315392 68719485376 1
315392 68719550656 3
315392 68720009408 5
315392 68736262336 2
315392 69793226944 5
315392 206158438592 6
53248 68719550528 5
1073795072 68719550529 5
1073795072 68719550656 3
1073795072 68719681600 1
1073795072 68719812672 0
1073795072 68736327744 4
1073795072 70867034176 3
1073795072 206158504000 6
53248 68719747136 5
1073795072 68719747137 3
1073795072 68719747264 3
1073795072 68719812672 1
1073795072 68720271424 1
1073795072 68736524352 3
1073795072 70867230784 1
1073795072 206158700608 2
53248 68736262208 4
33607680 68736262209 3
33607680 68736262336 3
33607680 68736327744 3
33607680 68736524352 5
33607680 68803371072 2
33607680 69810004032 3
33607680 206175215680 2
53248 69793226816 2
118784 69793226817 2
118784 69793226944 2
118784 69793357888 3
118784 69793488960 2
118784 69810004032 2
118784 71940710464 2
118784 207232180288 2
53248 206158438464 2
118784 206158438465 2
118784 206158438592 2
118784 206158569536 3
118784 206158700608 2
118784 206175215680 2
118784 207232180288 2
118784 481036345408 2
4096 262208 3
528384 262209 3
1576960 262211 3
3674112 262215 3
3674112 262339 3
3674112 270403 3
3674112 4456515 4
3674112 17039427 3
3674112 1074004035 3
3674112 68719738947 3
1576960 262337 3
3674112 262339 3
3674112 262593 3
3674112 270529 3
3674112 4456641 0
3674112 17039553 3
3674112 1074004161 3
3674112 68719739073 3
1576960 270401 2
1593344 270403 2
1593344 270529 2
1593344 303169 4
1593344 2367553 2
1593344 17047617 3
1593344 1074012225 3
1593344 68719747137 2
1576960 2359361 1
1577088 2359363 1
1577088 2359617 2
1577088 2367553 2
1577088 6553665 2
1577088 19136577 2
1577088 1076101185 2
1577088 68721836097 2
1576960 17039425 3
3674112 17039427 3
3674112 17039553 3
3674112 17047617 3
3674112 21233729 4
3674112 50593857 3
3674112 1090781249 3
3674112 68736516161 3
1576960 1074004033 3
3674112 1074004035 3
3674112 1074004161 3
3674112 1074012225 3
3674112 1078198337 4
3674112 1090781249 3
3674112 3221487681 3
3674112 69793480769 3
1576960 68719738945 4
18354176 68719738947 3
18354176 68719739073 3
18354176 68719747137 3
18354176 68721836097 2
18354176 68753293377 4
18354176 69793480769 4
18354176 206158692417 2
528384 262336 3
1576960 262337 3
3674112 262339 3
3674112 262593 3
3674112 270529 3
3674112 4456641 6
3674112 17039553 3
3674112 1074004161 3
3674112 68719739073 3
1576960 262592 1
1577472 262593 3
1577472 263616 3
1577472 270784 2
1577472 2359744 4
1577472 17039808 3
1577472 1074004416 3
1577472 68719739328 4
1576960 270528 2
1593344 270529 2
1593344 270784 1
1593344 303296 3
1593344 2367680 2
1593344 17047744 3
1593344 1074012352 3
1593344 68719747264 2
1576960 2359488 0
1576961 2359490 1
1576961 2359744 1
1576961 2367680 2
1576961 6553792 4
1576961 19136704 1
1576961 1076101312 4
1576961 68721836224 4
1576960 17039552 4
35131392 17039553 4
35131392 17039808 1
35131392 17047744 4
35131392 19136704 4
35131392 84148416 3
35131392 1090781376 6
35131392 68736516288 5
1576960 1074004160 3
3674112 1074004161 3
3674112 1074004416 3
3674112 1074012352 3
3674112 1078198464 5
3674112 1090781376 3
3674112 3221487808 3
3674112 69793480896 3
1576960 68719739072 4
18354176 68719739073 4
18354176 68719739328 1
18354176 68719747264 2
18354176 68721836224 4
18354176 68753293504 3
18354176 69793480896 4
18354176 206158692544 3
528384 270400 3
1576960 270401 2
1593344 270403 2
1593344 270529 2
1593344 303169 3
1593344 2367553 2
1593344 17047617 3
1593344 1074012225 3
1593344 68719747137 2
1576960 270528 2
1593344 270529 2
1593344 270784 1
1593344 303296 4
1593344 2367680 2
1593344 17047744 3
1593344 1074012352 3
1593344 68719747264 2
1576960 286784 3
3674112 286785 3
3674112 286912 3
3674112 319552 3
3674112 4481088 2
3674112 17064000 3
3674112 1074028608 3
3674112 68719763520 3
1576960 2367552 2
1593344 2367553 2
1593344 2367680 2
1593344 2400320 4
1593344 6561856 2
1593344 19144768 2
1593344 1076109376 4
1593344 68721844288 2
1576960 17047616 2
1593344 17047617 3
1593344 17047744 3
1593344 17080384 3
1593344 19144768 2
1593344 50602048 4
1593344 1090789440 6
1593344 68736524352 5
1576960 1074012224 3
3674112 1074012225 3
3674112 1074012352 3
3674112 1074028608 3
3674112 1078206528 2
3674112 1090789440 3
3674112 3221495872 3
3674112 69793488960 3
1576960 68719747136 3
3674112 68719747137 3
3674112 68719747264 3
3674112 68719763520 3
3674112 68723941440 2
3674112 68736524352 3
3674112 69793488960 3
3674112 206158700608 3
528384 1310784 2
536576 1310785 1
536704 1310787 2
536704 1311041 3
536704 1327169 3
536704 3407937 3
536704 18088001 3
536704 1075052609 3
536704 68720787521 3
536576 1310912 2
552960 1310913 2
552960 1311168 2
552960 1343680 6
552960 3408064 2
552960 18088128 2
552960 1075052736 2
552960 68720787648 2
536576 1327168 1
536704 1327169 3
536704 1327424 5
536704 1359936 1
536704 3424320 6
536704 18104384 3
536704 1075068992 6
536704 68720803904 5
536576 3407936 2
552960 3407937 2
552960 3408064 2
552960 3440704 1
552960 7602240 2
552960 20185152 2
552960 1077149760 2
552960 68722884672 2
536576 18088000 1
536704 18088001 3
536704 18088256 3
536704 18104384 3
536704 20185152 3
536704 51642432 0
536704 1091829824 3
536704 68737564736 3
536576 1075052608 1
536704 1075052609 3
536704 1075052864 0
536704 1075068992 6
536704 1077149760 2
536704 1091829824 3
536704 3222536256 0
536704 69794529344 4
536576 68720787520 1
536704 68720787521 3
536704 68720787776 4
536704 68720803904 5
536704 68722884672 2
536704 68737564736 3
536704 69794529344 0
536704 206159740992 0
528384 17039424 0
528384 17039425 3
1585152 17039427 1
1585152 17039553 5
1585152 17055809 0
1585152 19136577 0
1585152 50593857 0
1585152 1090781249 0
1585152 68736516161 0
1576960 17039552 0
1576960 17039553 0
1576960 17039552 0
1576960 17047616 0
1576960 19136576 0
1576960 50593856 0
1576960 1090781248 0
1576960 68736516160 0
528384 270400 3
1576960 270401 2
1576960 270528 3
1576960 286784 3
1576960 2367552 2
1576960 17047616 3
1576960 1074012224 2
1576960 68719747136 3
528384 1310784 2
536576 1310785 3
536576 1310912 2
536576 1327168 1
536576 3407936 2
536576 18088000 1
536576 1075052608 1
536576 68720787520 1
528384 17039424 3
1576960 17039425 2
1576960 17039552 3
1576960 17047616 2
1576960 19136576 2
1576960 50593856 3
1576960 1090781248 6
1576960 68736516160 5
528384 1074004032 2
536576 1074004033 2
536576 1074004160 3
536576 1074020416 3
536576 1075052608 1
536576 1090781248 6
536576 3221487680 2
536576 69793480768 4
528384 68719738944 2
536576 68719738945 1
536576 68719739072 2
536576 68719755328 1
536576 68720787520 1
536576 68736516160 5
536576 69793480768 4
536576 206158692416 2
4096 1073741888 6
68719480832 1073741889 2
68719489024 1073741891 5
68719489024 1073742017 2
68719489024 1073758273 2
68719489024 1074004033 2
68719489024 1090519105 4
68719489024 3221225537 2
68719489024 138512695361 6
68719480832 1073742016 5
70866964480 1073742017 1
70866964480 1073742272 0
70866964480 1073750208 2
70866964480 1074004160 3
70866964480 1090519232 4
70866964480 5368709312 6
70866964480 138512695488 5
68719480832 1073750080 2
68719497216 1073750081 0
68719497216 1073750208 6
68719497216 1073782848 5
68719497216 1074012224 0
68719497216 1090527296 2
68719497216 3221233728 2
68719497216 138512703552 1
68719480832 1074004032 3
68720005120 1074004033 5
68720005120 1074004160 3
68720005120 1074012224 3
68720005120 1075052608 2
68720005120 1090781248 5
68720005120 3221487680 2
68720005120 138512957504 2
68719480832 1090519104 2
68719489024 1090519105 4
68719489024 1090519232 4
68719489024 1090535488 2
68719489024 1090781248 3
68719489024 1124073536 4
68719489024 3238002752 4
68719489024 138529472576 5
68719480832 3221225536 5
73014448128 3221225537 5
73014448128 3221225664 1
73014448128 3221233728 5
73014448128 3221487680 3
73014448128 3238002752 5
73014448128 11811160128 2
73014448128 140660179008 5
68719480832 138512695360 2
68719489024 138512695361 3
68719489024 138512695488 2
68719489024 138512711744 1
68719489024 138512957504 2
68719489024 138529472576 1
68719489024 140660179008 1
68719489024 413390602304 5
4096 68719476800 2
12288 68719476801 2
28672 68719476803 2
28672 68719476929 2
28672 68719509569 4
28672 68719738945 2
28672 68736254017 2
28672 69793218625 2
28672 206158430273 2
12288 68719476928 2
28672 68719476929 2
28672 68719477184 2
28672 68719509696 1
28672 68719739072 2
28672 68736254144 2
28672 69793218752 2
28672 206158430400 2
12288 68719493184 2
45056 68719493185 1
45056 68719493312 1
45056 68719558720 5
45056 68719755328 3
45056 68736270400 5
45056 69793235008 4
45056 206158446656 3
12288 68719738944 3
536576 68719738945 2
536576 68719739072 2
536576 68719755328 1
536576 68720787520 1
536576 68736516160 5
536576 69793480768 4
536576 206158692416 2
12288 68736254016 2
28672 68736254017 2
28672 68736254144 2
28672 68736286784 4
28672 68736516160 2
28672 68769808448 2
28672 69809995840 2
28672 206175207488 2
12288 69793218624 4
16789504 69793218625 4
16789504 69793218752 2
16789504 69793235008 4
16789504 69793480768 3
16789504 69826773056 4
16789504 71940702272 2
16789504 207232172096 4
12288 206158430272 4
16789504 206158430273 2
16789504 206158430400 3
16789504 206158446656 4
16789504 206158692416 2
16789504 206191984704 5
16789504 207232172096 4
16789504 481036337216 6
0 16777216 1
64 16777217 5
1073741888 16777219 4
1107296320 16777223 0
1107296320 16777347 5
1107296320 16781315 2
1107296320 17039363 3
1107296320 83886083 1
1107296320 2164260867 4
1107296320 68736253955 4
1073741888 16777345 5
3221225536 16777347 5
3221225536 16777601 5
3221225536 16781441 5
3221225536 17039489 3
3221225536 50331777 5
3221225536 4311744641 4
3221225536 68736254081 4
1073741888 16781313 2
1073750080 16781315 4
1073750080 16781441 2
1073750080 16797697 4
1073750080 17043457 4
1073750080 50335745 2
1073750080 2164264961 4
1073750080 68736258049 4
1073741888 17039361 3
1074266176 17039363 5
1074266176 17039489 5
1074266176 17043457 2
1074266176 18087937 3
1074266176 50593793 4
1074266176 2164523009 3
1074266176 68736516097 5
1073741888 50331649 4
1140850752 50331651 4
1140850752 50331777 4
1140850752 50335745 3
1140850752 50593793 3
1140850752 184549377 2
1140850752 2197815297 4
1140850752 68769808385 4
1073741888 2164260865 5
5368709184 2164260867 5
5368709184 2164260993 1
5368709184 2164264961 1
5368709184 2164523009 3
5368709184 2197815297 0
5368709184 10754195457 1
5368709184 70883737601 4
1073741888 68736253953 4
1107296320 68736253955 4
1107296320 68736254081 5
1107296320 68736258049 2
1107296320 68736516097 4
1107296320 68803362817 1
1107296320 70883737601 4
1107296320 206175207425 4
64 16777344 4
33554496 16777345 5
1107296320 16777347 4
1107296320 16777601 5
1107296320 16781441 4
1107296320 17039489 3
1107296320 83886209 5
1107296320 2164260993 4
1107296320 68736254081 5
33554496 16777600 4
100663360 16777601 4
100663360 16778112 1
100663360 16781696 4
100663360 17039744 5
100663360 150995328 5
100663360 1090519424 3
100663360 68736254336 5
33554496 16781440 4
100663360 16781441 4
100663360 16781696 4
100663360 16789632 4
100663360 17043584 5
100663360 150999168 1
100663360 1090523264 3
100663360 68736258176 4
33554496 17039488 5
1107296320 17039489 3
1107296320 17039744 3
1107296320 17043584 4
1107296320 17563776 3
1107296320 84148352 5
1107296320 2164523136 4
1107296320 68736516224 3
33554496 83886208 4
167772224 83886209 2
167772224 83886464 1
167772224 83890304 6
167772224 84148352 6
167772224 352321664 2
167772224 1157628032 3
167772224 68803362944 3
33554496 1090519168 3
33816640 1090519169 3
33816640 1090519424 3
33816640 1090523264 4
33816640 1091043456 3
33816640 1157628032 4
33816640 3238002816 4
33816640 69809995904 3
33554496 68736254080 4
100663360 68736254081 4
100663360 68736254336 4
100663360 68736258176 3
100663360 68736516224 5
100663360 68870471808 5
100663360 69809995904 3
100663360 206175207552 3
64 16781312 1
192 16781313 2
8384 16781315 4
8384 16781569 5
8384 16797697 1
8384 17043457 5
8384 50335745 1
8384 1090523137 3
8384 68736258049 1
192 16781568 1
704 16781569 4
704 16782592 2
704 16789760 2
704 17043712 5
704 50336000 4
704 1090523392 3
704 68736258304 2
192 16789504 1
448 16789505 1
448 16790016 2
448 16805888 1
448 17051648 1
448 50343936 1
448 1090531328 1
448 68736266240 1
192 17043456 5
1073742016 17043457 3
1073742016 17043712 3
1073742016 17051648 2
1073742016 17567744 3
1073742016 50597888 4
1073742016 2164527104 4
1073742016 68736520192 1
192 50335744 4
67109056 50335745 1
67109056 50336000 4
67109056 50343936 4
67109056 50597888 5
67109056 184553472 5
67109056 1124077568 3
67109056 68769812480 2
192 1090523136 3
262336 1090523137 1
262336 1090523392 3
262336 1090531328 1
262336 1091047424 3
262336 1124077568 4
262336 3238006784 1
262336 69809999872 1
192 68736258048 2
8384 68736258049 1
8384 68736258304 5
8384 68736274432 5
8384 68736520192 5
8384 68769812480 4
8384 69809999872 3
8384 206175211520 1
64 17039360 5
1073741888 17039361 3
1074266176 17039363 4
1074266176 17039489 3
1074266176 17043457 2
1074266176 18087937 3
1074266176 50593793 4
1074266176 2164523009 1
1074266176 68736516097 4
1073741888 17039488 4
1107296320 17039489 3
1107296320 17039744 3
1107296320 17043584 3
1107296320 17563776 3
1107296320 84148352 5
1107296320 2164523136 4
1107296320 68736516224 5
1073741888 17043456 3
1074266176 17043457 2
1074266176 17043584 3
1074266176 17051648 3
1074266176 18092032 3
1074266176 50597888 3
1074266176 2164527104 1
1074266176 68736520192 4
1073741888 17563648 3
1074790464 17563649 3
1074790464 17563776 3
1074790464 17567744 3
1074790464 19660800 3
1074790464 51118080 3
1074790464 2165047296 3
1074790464 68737040384 3
1073741888 50593792 4
1140850752 50593793 3
1140850752 50593920 4
1140850752 50597888 5
1140850752 51118080 3
1140850752 184811520 3
1140850752 2198077440 4
1140850752 68770070528 5
1073741888 2164523008 1
1073742016 2164523009 4
1073742016 2164523264 3
1073742016 2164527104 3
1073742016 2165047296 3
1073742016 2198077440 4
1073742016 6459490304 3
1073742016 70883999744 1
1073741888 68736516096 3
1074266176 68736516097 4
1074266176 68736516224 3
1074266176 68736520192 4
1074266176 68737564672 4
1074266176 68770070528 3
1074266176 70883999744 1
1074266176 206175469568 4
64 50331648 4
67108928 50331649 4
201326656 50331651 5
201326656 50331777 5
201326656 50335745 4
201326656 50593793 5
201326656 318767105 5
201326656 1124073473 3
201326656 68769808385 5
67108928 50331776 4
201326656 50331777 5
201326656 50332032 4
201326656 50335872 2
201326656 50593920 5
201326656 318767232 5
201326656 1124073600 3
201326656 68769808512 5
67108928 50335744 4
201326656 50335745 2
201326656 50335872 4
201326656 50343936 1
201326656 50597888 5
201326656 318771200 2
201326656 1124077568 3
201326656 68769812480 2
67108928 50593792 5
1140850752 50593793 5
1140850752 50593920 4
1140850752 50597888 1
1140850752 51118080 3
1140850752 184811520 3
1140850752 2198077440 4
1140850752 68770070528 3
67108928 184549376 5
1140850752 184549377 2
1140850752 184549504 1
1140850752 184553472 1
1140850752 184811520 3
1140850752 452984832 1
1140850752 2332033024 1
1140850752 68904026112 1
67108928 1124073472 3
67371072 1124073473 4
67371072 1124073600 4
67371072 1124077568 2
67371072 1124597760 3
67371072 1258291200 3
67371072 3271557120 3
67371072 69843550208 3
67108928 68769808384 4
201326656 68769808385 0
201326656 68769808512 4
201326656 68769812480 4
201326656 68770070528 5
201326656 69038243840 5
201326656 69843550208 3
201326656 206208761856 1
64 1090519040 3
262208 1090519041 3
786496 1090519043 3
786496 1090519169 4
786496 1090523137 2
786496 1091567617 4
786496 1124073473 3
786496 3238002689 5
786496 69809995777 1
262208 1090519168 5
2147745856 1090519169 3
2147745856 1090519424 3
2147745856 1090523264 4
2147745856 1091043456 3
2147745856 1124073600 4
2147745856 5385486464 3
2147745856 69809995904 3
262208 1090523136 5
2147745856 1090523137 3
2147745856 1090523264 3
2147745856 1090531328 2
2147745856 1091047424 3
2147745856 1124077568 4
2147745856 5385490432 3
2147745856 69809999872 3
262208 1091043328 3
1310784 1091043329 3
1310784 1091043456 3
1310784 1091047424 3
1310784 1093140480 6
1310784 1124597760 3
1310784 3238526976 2
1310784 69810520064 3
262208 1124073472 4
67371072 1124073473 3
67371072 1124073600 4
67371072 1124077568 2
67371072 1124597760 3
67371072 1258291200 3
67371072 3271557120 3
67371072 69843550208 3
262208 3238002688 3
786496 3238002689 3
786496 3238002816 0
786496 3238006784 3
786496 3239051264 1
786496 3271557120 3
786496 7532969984 5
786496 71957479424 3
262208 69809995776 3
786496 69809995777 1
786496 69809995904 4
786496 69809999872 2
786496 69811044352 4
786496 69843550208 2
786496 71957479424 2
786496 207248949248 0
64 68736253952 5
1073741888 68736253953 4
1107296320 68736253955 4
1107296320 68736254081 4
1107296320 68736258049 2
1107296320 68736516097 3
1107296320 68803362817 1
1107296320 70883737601 4
1107296320 206175207425 4
1073741888 68736254080 4
1107296320 68736254081 5
1107296320 68736254336 5
1107296320 68736258176 5
1107296320 68736516224 4
1107296320 68803362944 5
1107296320 70883737728 4
1107296320 206175207552 4
1073741888 68736258048 2
1073750080 68736258049 4
1073750080 68736258176 2
1073750080 68736274432 4
1073750080 68736520192 4
1073750080 68769812480 4
1073750080 70883741696 2
1073750080 206175211520 4
1073741888 68736516096 5
3221225536 68736516097 3
3221225536 68736516224 4
3221225536 68736520192 4
3221225536 68737040384 3
3221225536 68770070528 4
3221225536 73031483392 3
3221225536 206175469568 3
1073741888 68769808384 4
1140850752 68769808385 4
1140850752 68769808512 4
1140850752 68769812480 2
1140850752 68770070528 5
1140850752 68904026112 1
1140850752 70917292032 1
1140850752 206208761856 4
1073741888 70883737600 1
1073742016 70883737601 4
1073742016 70883737856 5
1073742016 70883741696 1
1073742016 70883999744 1
1073742016 70917292032 4
1073742016 75178704896 1
1073742016 208322691072 1
1073741888 206175207424 1
1073742016 206175207425 4
1073742016 206175207680 1
1073742016 206175211520 1
1073742016 206175469568 3
1073742016 206208761856 4
1073742016 208322691072 1
1073742016 481053114368 6
0 1073741824 4
16777216 1073741825 1
16777280 1073741827 4
50331712 1073741831 0
50331712 1073741955 3
50331712 1073745923 2
50331712 1074003971 4
50331712 1140850691 4
50331712 3221225475 1
50331712 69793218563 3
16777280 1073741953 4
50331712 1073741955 3
50331712 1073742209 2
50331712 1073746049 5
50331712 1074004097 3
50331712 1140850817 5
50331712 3221225601 3
50331712 69793218689 4
16777280 1073745921 4
50331712 1073745923 1
50331712 1073746049 4
50331712 1073754113 2
50331712 1074008065 2
50331712 1140854785 2
50331712 3221229569 4
50331712 69793222657 4
16777280 1074003969 3
17301568 1074003971 4
17301568 1074004097 5
17301568 1074008065 2
17301568 1075052545 4
17301568 1107558401 3
17301568 3221487617 3
17301568 69793480705 3
16777280 1107296257 4
83886144 1107296259 0
83886144 1107296385 4
83886144 1107300353 2
83886144 1107558401 4
83886144 1241513985 5
83886144 3254779905 4
83886144 69826772993 4
16777280 3221225473 1
16777408 3221225475 4
16777408 3221225729 0
16777408 3221229569 1
16777408 3221487617 3
16777408 3254779905 1
16777408 7516192769 5
16777408 71940702209 3
16777280 69793218561 0
16777282 69793218565 3
16777282 69793218689 4
16777282 69793222657 2
16777282 69793480705 3
16777282 69826772993 1
16777282 71940702209 5
16777282 207232172033 3
16777216 1073741888 0
16777217 1073741890 4
50331649 1073741894 6
50331649 1073742018 1
50331649 1073745986 6
50331649 1074004034 4
50331649 1140850754 4
50331649 3221225538 4
50331649 69793218626 1
16777217 1073742016 5
2164260865 1073742018 4
2164260865 1073742272 1
2164260865 1073746112 4
2164260865 1074004160 3
2164260865 1107296448 4
2164260865 5368709312 4
2164260865 69793218752 5
16777217 1073745984 4
50331649 1073745986 2
50331649 1073746112 4
50331649 1073754176 2
50331649 1074008128 3
50331649 1140854848 2
50331649 3221229632 4
50331649 69793222720 2
16777217 1074004032 3
17301505 1074004034 3
17301505 1074004160 3
17301505 1074008128 1
17301505 1075052608 4
17301505 1107558464 3
17301505 3221487680 3
17301505 69793480768 1
16777217 1107296320 4
83886081 1107296322 0
83886081 1107296448 4
83886081 1107300416 4
83886081 1107558464 6
83886081 1241514048 1
83886081 3254779968 1
83886081 69826773056 0
16777217 3221225536 5
4311744513 3221225538 4
4311744513 3221225664 1
4311744513 3221229632 5
4311744513 3221487680 3
4311744513 3254779968 5
4311744513 11811160128 1
4311744513 71940702272 1
16777217 69793218624 4
50331649 69793218626 6
50331649 69793218752 4
50331649 69793222720 2
50331649 69793480768 4
50331649 69860327488 1
50331649 71940702272 4
50331649 207232172096 5
16777216 1073745920 4
50331648 1073745921 4
117440512 1073745923 4
117440512 1073745985 4
117440512 1073754113 4
117440512 1074008065 4
117440512 1207963649 1
117440512 3221229569 4
117440512 69793222657 4
50331648 1073745984 2
50339840 1073745985 3
50339840 1073746112 5
50339840 1073762368 0
50339840 1074008128 0
50339840 1140854848 0
50339840 3221229632 4
50339840 69793222720 3
50331648 1073754112 2
50348032 1073754113 4
50348032 1073754176 0
50348032 1073786880 5
50348032 1074016256 3
50348032 1140862976 4
50348032 3221237760 5
50348032 69793230848 4
50331648 1074008064 5
2197815296 1074008065 1
2197815296 1074008128 0
2197815296 1074016256 2
2197815296 1074532352 4
2197815296 1141116928 3
2197815296 5368975360 3
2197815296 69793484800 3
50331648 1140854784 2
50339840 1140854785 1
50339840 1140854848 0
50339840 1140871168 0
50339840 1141116928 3
50339840 1275072512 1
50339840 3288338432 5
50339840 69860331520 4
50331648 3221229568 4
117440512 3221229569 4
117440512 3221229632 4
117440512 3221237760 4
117440512 3221491712 4
117440512 3355447296 2
117440512 7516196864 4
117440512 71940706304 4
50331648 69793222656 5
2197815296 69793222657 4
2197815296 69793222720 4
2197815296 69793230848 4
2197815296 69793484800 3
2197815296 69860331520 5
2197815296 74088189952 1
2197815296 207232176128 4
16777216 1074003968 3
17301504 1074003969 4
50855936 1074003971 4
50855936 1074004033 2
50855936 1074008065 1
50855936 1075052545 5
50855936 1141112833 5
50855936 3221487617 4
50855936 69793480705 4
17301504 1074004032 4
50855936 1074004033 2
50855936 1074004160 4
50855936 1074008128 0
50855936 1075052608 5
50855936 1141112896 3
50855936 3221487680 3
50855936 69793480768 4
17301504 1074008064 3
18350080 1074008065 1
18350080 1074008128 0
18350080 1074016256 3
18350080 1076105216 4
18350080 1107562496 4
18350080 3221491712 3
18350080 69793484800 3
17301504 1075052544 4
50855936 1075052545 5
50855936 1075052608 5
50855936 1075056640 5
50855936 1077149696 4
50855936 1142161408 5
50855936 3222536192 4
50855936 69794529280 4
17301504 1107558400 3
18350080 1107558401 4
18350080 1107558464 0
18350080 1107562496 3
18350080 1109655552 4
18350080 1174667264 3
18350080 3255042048 3
18350080 69827035136 3
17301504 3221487616 3
18350080 3221487617 2
18350080 3221487680 3
18350080 3221491712 3
18350080 3223584768 6
18350080 3255042048 3
18350080 7516454912 5
18350080 71940964352 3
17301504 69793480704 3
18350080 69793480705 5
18350080 69793480768 2
18350080 69793484800 4
18350080 69795577856 5
18350080 69827035136 3
18350080 71940964352 3
18350080 207232434176 3
16777216 1107296256 4
83886080 1107296257 4
218103808 1107296259 4
218103808 1107296321 3
218103808 1107300353 2
218103808 1107558401 1
218103808 1375731713 3
218103808 3254779905 3
218103808 69826772993 1
83886080 1107296320 3
84148224 1107296321 4
84148224 1107296448 1
84148224 1107300416 2
84148224 1107820608 4
84148224 1241514048 5
84148224 3254779968 3
84148224 69826773056 3
83886080 1107300352 4
218103808 1107300353 4
218103808 1107300416 0
218103808 1107308544 5
218103808 1107562496 1
218103808 1375735808 2
218103808 3254784000 2
218103808 69826777088 4
83886080 1107558400 5
2231369728 1107558401 1
2231369728 1107558464 3
2231369728 1107562496 4
2231369728 1108082688 3
2231369728 1241776128 6
2231369728 5402525696 1
2231369728 69827035136 4
83886080 1241513984 5
2231369728 1241513985 3
2231369728 1241514048 3
2231369728 1241518080 5
2231369728 1241776128 1
2231369728 1509949440 5
2231369728 5536481280 3
2231369728 69960990720 5
83886080 3254779904 4
218103808 3254779905 1
218103808 3254779968 1
218103808 3254784000 4
218103808 3255042048 3
218103808 3523215360 1
218103808 7549747200 5
218103808 71974256640 6
83886080 69826772992 4
218103808 69826772993 4
218103808 69826773056 4
218103808 69826777088 4
218103808 69827035136 4
218103808 70095208448 1
218103808 71974256640 6
218103808 207265726464 3
16777216 3221225472 5
4311744512 3221225473 0
4311744514 3221225477 4
4311744514 3221225537 2
4311744514 3221229569 1
4311744514 3221487617 3
4311744514 3254779905 4
4311744514 11811160065 1
4311744514 71940702209 2
4311744512 3221225536 2
4311748608 3221225537 2
4311748608 3221225664 5
4311748608 3221233728 5
4311748608 3221487680 3
4311748608 3254779968 4
4311748608 11811160128 2
4311748608 71940702272 4
4311744512 3221229568 4
4345298944 3221229569 4
4345298944 3221229632 4
4345298944 3221237760 2
4345298944 3221491712 3
4345298944 3288338432 4
4345298944 11811164160 4
4345298944 71940706304 4
4311744512 3221487616 4
4345298944 3221487617 4
4345298944 3221487680 4
4345298944 3221491712 3
4345298944 3222011904 4
4345298944 3288596480 4
4345298944 11811422208 0
4345298944 71940964352 0
4311744512 3254779904 4
4378853376 3254779905 2
4378853376 3254779968 1
4378853376 3254784000 4
4378853376 3255042048 3
4378853376 3388997632 1
4378853376 11844714496 4
4378853376 71974256640 5
4311744512 11811160064 4
4345298944 11811160065 4
4345298944 11811160128 4
4345298944 11811164160 4
4345298944 11811422208 0
4345298944 11878268928 4
4345298944 28991029248 3
4345298944 80530636800 4
4311744512 71940702208 4
4345298944 71940702209 4
4345298944 71940702272 4
4345298944 71940706304 4
4345298944 71940964352 5
4345298944 72007811072 5
4345298944 80530636800 3
4345298944 209379655680 4
16777216 69793218560 4
50331648 69793218561 4
117440512 69793218563 4
117440512 69793218625 4
117440512 69793222657 4
117440512 69793480705 4
117440512 69927436289 2
117440512 71940702209 4
117440512 207232172033 4
50331648 69793218624 0
50331649 69793218626 5
50331649 69793218752 1
50331649 69793222720 2
50331649 69793480768 3
50331649 69860327488 4
50331649 71940702272 4
50331649 207232172096 6
50331648 69793222656 0
50331649 69793222658 4
50331649 69793222720 2
50331649 69793230848 2
50331649 69793484800 3
50331649 69860331520 2
50331649 71940706304 5
50331649 207232176128 4
50331648 69793480704 4
117440512 69793480705 4
117440512 69793480768 4
117440512 69793484800 4
117440512 69794004992 4
117440512 69927698432 3
117440512 71940964352 4
117440512 207232434176 4
50331648 69860327424 4
184549376 69860327425 3
184549376 69860327488 5
184549376 69860331520 2
184549376 69860589568 5
184549376 70128762880 1
184549376 72007811072 5
184549376 207299280896 3
50331648 71940702208 4
117440512 71940702209 4
117440512 71940702272 4
117440512 71940706304 4
117440512 71940964352 4
117440512 72074919936 1
117440512 76235669504 4
117440512 209379655680 4
50331648 207232172032 4
117440512 207232172033 4
117440512 207232172096 4
117440512 207232176128 4
117440512 207232434176 4
117440512 207366389760 2
117440512 209379655680 4
117440512 482110078976 4
0 68719476736 5
1073741824 68719476737 1
1073741888 68719476739 5
3221225536 68719476743 0
3221225536 68719476867 5
3221225536 68719480835 2
3221225536 68719738883 1
3221225536 68736253955 5
3221225536 73014444035 0
3221225536 206158430211 5
1073741888 68719476865 1
1073742144 68719476867 1
1073742144 68719477377 5
1073742144 68719480961 1
1073742144 68719739009 3
1073742144 68736254081 5
1073742144 70866960513 5
1073742144 206158430337 1
1073741888 68719480833 2
1073750080 68719480835 2
1073750080 68719480961 2
1073750080 68719497217 0
1073750080 68719742977 1
1073750080 68736258049 4
1073750080 70866964481 1
1073750080 206158434305 2
1073741888 68719738881 3
1074266176 68719738883 3
1074266176 68719739009 1
1074266176 68719742977 1
1074266176 68720787457 3
1074266176 68736516097 3
1074266176 70867222529 5
1074266176 206158692353 3
1073741888 68736253953 4
1107296320 68736253955 4
1107296320 68736254081 5
1107296320 68736258049 2
1107296320 68736516097 5
1107296320 68803362817 1
1107296320 70883737601 4
1107296320 206175207425 4
1073741888 70866960385 5
5368709184 70866960387 5
5368709184 70866960513 1
5368709184 70866964481 1
5368709184 70867222529 3
5368709184 70883737601 4
5368709184 79456894977 1
5368709184 208305913857 5
1073741888 206158430209 6
275951648832 206158430211 0
275951648832 206158430337 1
275951648832 206158434305 2
275951648832 206158692353 3
275951648832 206175207425 4
275951648832 208305913857 1
275951648832 755914244097 1
1073741824 68719476800 2
1073745920 68719476801 5
3221229568 68719476803 4
3221229568 68719476929 3
3221229568 68719484993 6
3221229568 68719738945 1
3221229568 68736254017 5
3221229568 73014444097 0
3221229568 206158430273 3
1073745920 68719476928 5
3221229568 68719476929 3
3221229568 68719477184 1
3221229568 68719485120 6
3221229568 68719739072 5
3221229568 68736254144 5
3221229568 73014444224 6
3221229568 206158430400 2
1073745920 68719484992 2
1073762304 68719484993 2
1073762304 68719485120 2
1073762304 68719517760 4
1073762304 68719747136 2
1073762304 68736262208 1
1073762304 70866968640 2
1073762304 206158438464 3
1073745920 68719738944 3
1074270208 68719738945 3
1074270208 68719739072 3
1074270208 68719747136 3
1074270208 68720787520 5
1074270208 68736516160 4
1074270208 70867222592 1
1074270208 206158692416 2
1073745920 68736254016 2
1073754112 68736254017 1
1073754112 68736254144 4
1073754112 68736270400 4
1073754112 68736516160 3
1073754112 68769808448 4
1073754112 70883737664 5
1073754112 206175207488 4
1073745920 70866960448 5
5368713216 70866960449 2
5368713216 70866960576 1
5368713216 70866968640 5
5368713216 70867222592 3
5368713216 70883737664 2
5368713216 79456895040 2
5368713216 208305913920 1
1073745920 206158430272 2
1073754112 206158430273 3
1073754112 206158430400 5
1073754112 206158446656 5
1073754112 206158692416 2
1073754112 206175207488 4
1073754112 208305913920 3
1073754112 481036337216 6
1073741824 68719480832 1
1073741888 68719480833 2
1073750080 68719480835 2
1073750080 68719480961 2
1073750080 68719497217 2
1073750080 68719742977 3
1073750080 68736258049 4
1073750080 70866964481 1
1073750080 206158434305 2
1073741888 68719480960 5
3221225536 68719480961 1
3221225536 68719481216 6
3221225536 68719489152 1
3221225536 68719743104 5
3221225536 68736258176 5
3221225536 73014448256 2
3221225536 206158434432 5
1073741888 68719489024 2
1073758272 68719489025 2
1073758272 68719489152 2
1073758272 68719521792 4
1073758272 68719751168 3
1073758272 68736266240 1
1073758272 70866972672 2
1073758272 206158442496 2
1073741888 68719742976 3
1074266176 68719742977 2
1074266176 68719743104 5
1074266176 68719751168 2
1074266176 68720791552 2
1074266176 68736520192 4
1074266176 70867226624 3
1074266176 206158696448 3
1073741888 68736258048 2
1073750080 68736258049 4
1073750080 68736258176 2
1073750080 68736274432 4
1073750080 68736520192 4
1073750080 68769812480 2
1073750080 70883741696 1
1073750080 206175211520 4
1073741888 70866964480 5
5368709184 70866964481 0
5368709184 70866964608 1
5368709184 70866972672 5
5368709184 70867226624 3
5368709184 70883741696 1
5368709184 79456899072 1
5368709184 208305917952 1
1073741888 206158434304 2
1073750080 206158434305 2
1073750080 206158434432 2
1073750080 206158450688 1
1073750080 206158696448 3
1073750080 206175211520 4
1073750080 208305917952 2
1073750080 481036341248 6
1073741824 68719738880 3
1074266112 68719738881 3
1075314688 68719738883 3
1075314688 68719738945 2
1075314688 68719742977 1
1075314688 68721836033 5
1075314688 68736516097 3
1075314688 70867222529 3
1075314688 206158692353 2
1074266112 68719738944 2
1074270208 68719738945 3
1074270208 68719739072 3
1074270208 68719747136 3
1074270208 68720787520 5
1074270208 68736516160 4
1074270208 70867222592 1
1074270208 206158692416 2
1074266112 68719742976 1
1074266176 68719742977 3
1074266176 68719743104 3
1074266176 68719751168 2
1074266176 68720791552 2
1074266176 68736520192 4
1074266176 70867226624 3
1074266176 206158696448 2
1074266112 68720787456 3
1076363264 68720787457 2
1076363264 68720787520 2
1076363264 68720791552 1
1076363264 68724981760 2
1076363264 68737564672 6
1076363264 70868271104 5
1076363264 206159740928 6
1074266112 68736516096 3
1075314688 68736516097 6
1075314688 68736516160 2
1075314688 68736520192 1
1075314688 68738613248 5
1075314688 68770070528 3
1075314688 70883999744 4
1075314688 206175469568 4
1074266112 70867222528 3
1075314688 70867222529 3
1075314688 70867222592 3
1075314688 70867226624 1
1075314688 70869319680 2
1075314688 70883999744 4
1075314688 75162189824 3
1075314688 208306176000 3
1074266112 206158692352 3
1075314688 206158692353 2
1075314688 206158692416 3
1075314688 206158696448 1
1075314688 206160789504 2
1075314688 206175469568 4
1075314688 208306176000 3
1075314688 481036599296 6
1073741824 68736253952 4
1107296256 68736253953 4
1174405120 68736253955 4
1174405120 68736254017 4
1174405120 68736258049 2
1174405120 68736516097 2
1174405120 68870471681 3
1174405120 70883737601 5
1174405120 206175207425 4
1107296256 68736254016 3
1107558400 68736254017 3
1107558400 68736254144 3
1107558400 68736258112 3
1107558400 68736778304 3
1107558400 68803362880 3
1107558400 70883737664 5
1107558400 206175207488 4
1107296256 68736258048 1
1107296320 68736258049 2
1107296320 68736258176 2
1107296320 68736266240 4
1107296320 68736520192 2
1107296320 68803366912 2
1107296320 70883741696 4
1107296320 206175211520 2
1107296256 68736516096 3
1107820544 68736516097 4
1107820544 68736516160 2
1107820544 68736520192 1
1107820544 68737564672 1
1107820544 68803624960 5
1107820544 70883999744 3
1107820544 206175469568 3
1107296256 68803362816 5
3254779904 68803362817 5
3254779904 68803362880 5
3254779904 68803366912 5
3254779904 68803624960 4
3254779904 68937580544 5
3254779904 73098330112 6
3254779904 206242316288 5
1107296256 70883737600 4
1174405120 70883737601 5
1174405120 70883737664 4
1174405120 70883741696 3
1174405120 70883999744 1
1174405120 71017955328 1
1174405120 75178704896 4
1174405120 208322691072 4
1107296256 206175207424 4
1174405120 206175207425 4
1174405120 206175207488 4
1174405120 206175211520 2
1174405120 206175469568 4
1174405120 206309425152 3
1174405120 208322691072 4
1174405120 481053114368 6
1073741824 70866960384 5
5368709120 70866960385 2
5368713216 70866960387 5
5368713216 70866960449 2
5368713216 70866968577 5
5368713216 70867222529 3
5368713216 70883737601 4
5368713216 79456894977 2
5368713216 208305913857 5
5368709120 70866960448 2
5368713216 70866960449 2
5368713216 70866960576 1
5368713216 70866968640 5
5368713216 70867222592 3
5368713216 70883737664 2
5368713216 79456895040 2
5368713216 208305913920 1
5368709120 70866964480 1
5368709184 70866964481 2
5368709184 70866964608 1
5368709184 70866972672 5
5368709184 70867226624 3
5368709184 70883741696 5
5368709184 79456899072 1
5368709184 208305917952 1
5368709120 70867222528 3
5369233408 70867222529 3
5369233408 70867222592 2
5369233408 70867226624 1
5369233408 70868271104 3
5369233408 70883999744 2
5369233408 79457157120 3
5369233408 208306176000 3
5368709120 70883737600 2
5368713216 70883737601 4
5368713216 70883737664 5
5368713216 70883745792 5
5368713216 70883999744 3
5368713216 70917292032 4
5368713216 79473672192 2
5368713216 208322691072 2
5368709120 79456894976 2
5368713216 79456894977 2
5368713216 79456895040 2
5368713216 79456903168 3
5368713216 79457157120 3
5368713216 79473672192 2
5368713216 96636764160 3
5368713216 216895848448 3
5368709120 208305913856 2
5368713216 208305913857 5
5368713216 208305913920 5
5368713216 208305922048 2
5368713216 208306176000 3
5368713216 208322691072 2
5368713216 216895848448 3
5368713216 483183820800 6
1073741824 206158430208 3
1074003968 206158430209 5
3221487616 206158430211 3
3221487616 206158430273 2
3221487616 206158434305 5
3221487616 206158954497 3
3221487616 206175207425 3
3221487616 210453397505 5
3221487616 481036337153 6
1074003968 206158430272 3
1074528256 206158430273 2
1074528256 206158430400 4
1074528256 206158434368 2
1074528256 206159478848 5
1074528256 206175207488 3
1074528256 208305913920 2
1074528256 481036337216 6
1074003968 206158434304 3
1074528256 206158434305 3
1074528256 206158434368 3
1074528256 206158442496 3
1074528256 206159482880 2
1074528256 206175211520 4
1074528256 208305917952 3
1074528256 481036341248 6
1074003968 206158954496 2
1074008064 206158954497 5
1074008064 206158954560 5
1074008064 206158962688 5
1074008064 206160003072 5
1074008064 206175731712 3
1074008064 208306438144 5
1074008064 481036861440 5
1074003968 206175207424 3
1074528256 206175207425 3
1074528256 206175207488 3
1074528256 206175211520 4
1074528256 206176256000 3
1074528256 206208761856 4
1074528256 208322691072 5
1074528256 481053114368 6
1074003968 208305913856 2
1074008064 208305913857 5
1074008064 208305913920 5
1074008064 208305922048 5
1074008064 208306438144 5
1074008064 208322691072 3
1074008064 212600881152 5
1074008064 483183820800 5
1074003968 481036337152 6
550829817856 481036337153 2
550829817856 481036337216 3
550829817856 481036341248 3
550829817856 481036861440 3
550829817856 481053114368 4
550829817856 483183820800 3
550829817856 1580547964928 2
0 4096 4
16777216 4097 1
16777280 4099 4
50331712 4103 0
50331720 4119 5
50331720 4231 1
50331720 12295 4
50331720 266247 4
50331720 67112967 2
50331720 1073745927 2
50331720 68719480839 2
50331712 4227 1
50331968 4231 0
50331968 4739 2
50331968 12419 2
50331968 266371 4
50331968 67113091 2
50331968 1073746051 2
50331968 68719480963 2
50331712 12291 4
117440576 12295 4
117440576 12419 4
117440576 28675 4
117440576 274435 4
117440576 134230019 2
117440576 1073754115 4
117440576 68719489027 4
50331712 266243 1
50331840 266247 0
50331840 266499 3
50331840 274435 2
50331840 790531 3
50331840 67375107 2
50331840 1074008067 1
50331840 68719742979 4
50331712 67112963 2
50339904 67112967 0
50339904 67113091 2
50339904 67129347 5
50339904 67375107 1
50339904 201330691 5
50339904 1140854787 4
50339904 68786589699 1
50331712 1073745923 2
50339904 1073745927 0
50339904 1073746051 5
50339904 1073762307 2
50339904 1074008067 3
50339904 1140854787 4
50339904 3221229571 4
50339904 69793222659 3
50331712 68719480835 4
117440576 68719480839 4
117440576 68719480963 4
117440576 68719489027 4
117440576 68719742979 4
117440576 68853698563 2
117440576 69793222659 4
117440576 206158434307 4
16777280 4225 1
16777536 4227 2
16785728 4231 0
16785728 4739 3
16785728 20611 4
16785728 266371 3
16785728 33558659 2
16785728 1073746051 2
16785728 68719480963 4
16777536 4737 4
50331968 4739 2
50331968 5761 4
50331968 12929 2
50331968 266881 2
50331968 67113601 4
50331968 1073746561 4
50331968 68719481473 2
16777536 12417 2
16793920 12419 4
16793920 12929 4
16793920 45185 2
16793920 274561 3
16793920 33566849 1
16793920 1073754241 1
16793920 68719489153 4
16777536 266369 3
17301824 266371 3
17301824 266881 4
17301824 274561 2
17301824 1314945 3
17301824 33820801 1
17301824 1074008193 5
17301824 68719743105 4
16777536 33558657 1
16778048 33558659 5
16778048 33559681 0
16778048 33566849 1
16778048 33820801 1
16778048 100667521 1
16778048 1107300481 0
16778048 68753035393 5
16777536 1073746049 4
50331968 1073746051 2
50331968 1073746561 4
50331968 1073754241 4
50331968 1074008193 3
50331968 1140854913 4
50331968 3221229697 5
50331968 69793222785 2
16777536 68719480961 6
137455731008 68719480963 1
137455731008 68719481473 4
137455731008 68719489153 4
137455731008 68719743105 3
137455731008 68753035393 1
137455731008 69793222785 4
137455731008 343597387905 1
16777280 12289 2
16793664 12291 2
16826432 12295 0
16826432 12419 6
16826432 77827 4
16826432 274435 2
16826432 33566723 2
16826432 1073754115 2
16826432 68719489027 3
16793664 12417 4
50348096 12419 2
50348096 12673 4
50348096 45185 6
50348096 274561 2
50348096 67121281 1
50348096 1073754241 2
50348096 68719489153 1
16793664 45057 4
50348096 45059 6
50348096 45185 1
50348096 110593 6
50348096 307201 4
50348096 67153921 4
50348096 1073786881 4
50348096 68719521793 1
16793664 274433 3
17317952 274435 2
17317952 274561 3
17317952 307201 3
17317952 1323009 3
17317952 33828865 3
17317952 1074016257 3
17317952 68719751169 3
16793664 33566721 4
83902528 33566723 5
83902528 33566849 5
83902528 33599489 5
83902528 33828865 3
83902528 167784449 1
83902528 1107308545 2
83902528 68753043457 2
16793664 1073754113 2
16826432 1073754115 5
16826432 1073754241 4
16826432 1073819649 5
16826432 1074016257 3
16826432 1107308545 4
16826432 3221237761 2
16826432 69793230849 6
16793664 68719489025 2
16826432 68719489027 3
16826432 68719489153 2
16826432 68719554561 3
16826432 68719751169 2
16826432 68753043457 2
16826432 69793230849 6
16826432 206158442497 3
16777280 266241 1
16777408 266243 4
50331840 266247 0
50331840 266499 3
50331840 274435 4
50331840 790531 4
50331840 67375107 2
50331840 1074008067 1
50331840 68719742979 3
16777408 266497 3
17301696 266499 4
17301696 267009 2
17301696 274689 3
17301696 1315073 2
17301696 33820929 1
17301696 1074008321 2
17301696 68719743233 2
16777408 274433 2
16793792 274435 4
16793792 274689 4
16793792 307201 1
16793792 798721 1
16793792 33828865 2
16793792 1074016257 5
16793792 68719751169 4
16777408 790529 3
17825984 790531 4
17825984 790785 3
17825984 798721 4
17825984 2887681 1
17825984 34344961 2
17825984 1074532353 4
17825984 68720267265 1
16777408 33820673 4
83886272 33820675 4
83886272 33820929 4
83886272 33828865 2
83886272 34344961 3
83886272 168038401 1
83886272 1107562497 4
83886272 68753297409 4
16777408 1074008065 2
16785600 1074008067 1
16785600 1074008321 3
16785600 1074024449 3
16785600 1074532353 3
16785600 1107562497 1
16785600 3221491713 3
16785600 69793484801 3
16777408 68719742977 2
16785600 68719742979 1
16785600 68719743233 3
16785600 68719759361 3
16785600 68720267265 3
16785600 68753297409 2
16785600 69793484801 3
16785600 206158696449 3
16777280 33558529 4
83886144 33558531 4
218103872 33558535 0
218103872 33558659 1
218103872 33566723 4
218103872 33820675 2
218103872 301993987 5
218103872 1107300355 5
218103872 68753035267 5
83886144 33558657 1
83886400 33558659 2
83886400 33559169 4
83886400 33566849 4
83886400 33820801 2
83886400 167776385 2
83886400 1107300481 2
83886400 68753035393 0
83886144 33566721 2
83902528 33566723 6
83902528 33566849 4
83902528 33599489 5
83902528 33828865 3
83902528 167784449 5
83902528 1107308545 2
83902528 68753043457 2
83886144 33820673 4
218103872 33820675 2
218103872 33820801 2
218103872 33828865 4
218103872 34344961 4
218103872 302256129 2
218103872 1107562497 3
218103872 68753297409 3
83886144 167776257 1
83886272 167776259 1
83886272 167776513 2
83886272 167784449 2
83886272 168038401 1
83886272 436211713 6
83886272 1241518081 1
83886272 68887252993 4
83886144 1107300353 5
2231369792 1107300355 1
2231369792 1107300481 1
2231369792 1107308545 1
2231369792 1107562497 1
2231369792 1241518081 1
2231369792 5402267649 2
2231369792 69826777089 1
83886144 68753035265 1
83886272 68753035267 4
83886272 68753035521 1
83886272 68753043457 4
83886272 68753297409 4
83886272 68887252993 2
83886272 69826777089 6
83886272 206191988737 2
16777280 1073745921 4
50331712 1073745923 6
68769808448 1073745927 0
68769808448 1073746051 2
68769808448 1073754115 4
68769808448 1074008067 3
68769808448 1140854787 5
68769808448 3221229571 1
68769808448 138512699395 5
50331712 1073746049 1
50331968 1073746051 2
50331968 1073746561 5
50331968 1073754241 2
50331968 1074008193 4
50331968 1140854913 5
50331968 3221229697 5
50331968 69793222785 2
50331712 1073754113 2
50348096 1073754115 5
50348096 1073754241 5
50348096 1073786881 5
50348096 1074016257 4
50348096 1140862977 4
50348096 3221237761 4
50348096 69793230849 4
50331712 1074008065 3
50856000 1074008067 2
50856000 1074008193 5
50856000 1074016257 2
50856000 1075056641 2
50856000 1141116929 2
50856000 3221491713 1
50856000 69793484801 2
50331712 1140854785 2
50339904 1140854787 4
50339904 1140854913 2
50339904 1140871169 4
50339904 1141116929 3
50339904 1275072513 4
50339904 3288338433 1
50339904 69860331521 4
50331712 3221229569 2
50339904 3221229571 4
50339904 3221229697 4
50339904 3221245953 4
50339904 3221491713 4
50339904 3288338433 1
50339904 7516196865 5
50339904 71940706305 4
50331712 69793222657 0
50331714 69793222661 6
50331714 69793222785 4
50331714 69793230849 2
50331714 69793484801 4
50331714 69860331521 5
50331714 71940706305 1
50331714 207232176129 2
16777280 68719480833 4
50331712 68719480835 2
50339904 68719480839 0
50339904 68719480963 1
50339904 68719497219 4
50339904 68719742979 1
50339904 68786589699 1
50339904 69793222659 3
50339904 206158434307 5
50331712 68719480961 2
50339904 68719480963 1
50339904 68719481217 4
50339904 68719497345 1
50339904 68719743105 2
50339904 68786589825 2
50339904 69793222785 1
50339904 206158434433 1
50331712 68719489025 2
50348096 68719489027 4
50348096 68719489153 1
50348096 68719521793 1
50348096 68719751169 1
50348096 68786597889 6
50348096 69793230849 4
50348096 206158442497 4
50331712 68719742977 4
117440576 68719742979 4
117440576 68719743105 4
117440576 68719751169 4
117440576 68720267265 4
117440576 68853960705 1
117440576 69793484801 4
117440576 206158696449 4
50331712 68786589697 2
50339904 68786589699 1
50339904 68786589825 2
50339904 68786606081 5
50339904 68786851841 3
50339904 68920807425 2
50339904 69860331521 4
50339904 206225543169 1
50331712 69793222657 4
117440576 69793222659 4
117440576 69793222785 4
117440576 69793230849 4
117440576 69793484801 4
117440576 69927440385 1
117440576 71940706305 4
117440576 207232176129 4
50331712 206158434305 2
50339904 206158434307 5
50339904 206158434433 1
50339904 206158450689 2
50339904 206158696449 1
50339904 206225543169 1
50339904 207232176129 3
50339904 481036341249 6
16777216 4160 1
16777344 4161 3
17039488 4163 1
17039744 4167 0
17039744 4675 2
17039744 12355 5
17039744 528451 1
17039744 33558595 1
17039744 1073745987 4
17039744 68719480899 4
17039488 4417 3
17563776 4419 4
17563776 4929 2
17563776 12609 2
17563776 1052993 2
17563776 33558849 6
17563776 1073746241 2
17563776 68719481153 2
17039488 12353 2
17055872 12355 2
17055872 12609 5
17055872 45121 3
17055872 536641 5
17055872 33566785 2
17055872 1073754177 3
17055872 68719489089 2
17039488 528449 5
1090781312 528451 5
1090781312 528705 5
1090781312 536641 5
1090781312 1577025 5
1090781312 34082881 5
1090781312 2148012097 5
1090781312 68720005185 3
17039488 33558593 1
17039744 33558595 1
17039744 33559105 2
17039744 33566785 1
17039744 34082881 2
17039744 100667457 3
17039744 1107300417 1
17039744 68753035329 1
17039488 1073745985 3
17563776 1073745987 4
17563776 1073746241 2
17563776 1073754177 3
17563776 1074794561 2
17563776 1107300417 0
17563776 3221229633 2
17563776 69793222721 2
17039488 68719480897 3
17563776 68719480899 2
17563776 68719481153 2
17563776 68719489089 3
17563776 68720529473 2
17563776 68753035329 3
17563776 69793222721 2
17563776 206158434369 2
16777344 4416 0
16777345 4418 4
50331777 4422 0
50331777 4930 2
50331777 12610 2
50331777 266562 3
50331777 67113282 4
50331777 1073746242 5
50331777 68719481154 6
16777345 4928 2
16785537 4930 4
16785537 5952 2
16785537 21312 6
16785537 267072 3
16785537 33559360 0
16785537 1073746752 2
16785537 68719481664 4
16777345 12608 2
16793729 12610 4
16793729 13120 4
16793729 45376 1
16793729 274752 3
16793729 33567040 1
16793729 1073754432 1
16793729 68719489344 2
16777345 266560 3
17301633 266562 4
17301633 267072 2
17301633 274752 2
17301633 1315136 2
17301633 33820992 2
17301633 1074008384 2
17301633 68719743296 2
16777345 33558848 2
16785537 33558850 2
16785537 33559360 0
16785537 33575232 0
16785537 33820992 2
16785537 100667712 1
16785537 1107300672 2
16785537 68753035584 0
16777345 1073746240 5
2164260993 1073746242 2
2164260993 1073746752 4
2164260993 1073754432 2
2164260993 1074008384 4
2164260993 1107300672 2
2164260993 5368713536 5
2164260993 69793222976 4
16777345 68719481152 4
50331777 68719481154 5
50331777 68719481664 4
50331777 68719489344 2
50331777 68719743296 3
50331777 68786590016 2
50331777 69793222976 4
50331777 206158434624 2
16777344 12352 2
16793728 12353 3
17055872 12355 2
17055872 12609 5
17055872 45121 4
17055872 536641 5
17055872 33566785 2
17055872 1073754177 3
17055872 68719489089 2
16793728 12608 4
50348160 12609 3
50348160 13120 0
50348160 45376 0
50348160 274752 0
50348160 67121472 3
50348160 1073754432 0
50348160 68719489344 1
16793728 45120 4
50348160 45121 3
50348160 45376 0
50348160 110656 3
50348160 307264 0
50348160 67153984 4
50348160 1073786944 0
50348160 68719521856 0
16793728 274496 0
16793729 274498 1
16793729 274752 3
16793729 307264 3
16793729 798784 1
16793729 33828928 1
16793729 1074016320 1
16793729 68719751232 1
16793728 33566784 3
17055872 33566785 2
17055872 33567040 5
17055872 33599552 5
17055872 34091072 3
17055872 100675648 4
17055872 1107308608 3
17055872 68753043520 2
16793728 1073754176 0
16793729 1073754178 5
16793729 1073754432 5
16793729 1073786944 4
16793729 1074016320 1
16793729 1107308608 2
16793729 3221237824 4
16793729 69793230912 5
16793728 68719489088 0
16793729 68719489090 1
16793729 68719489344 4
16793729 68719521856 4
16793729 68719751232 2
16793729 68753043520 1
16793729 69793230912 5
16793729 206158442560 3
16777344 266304 0
16777345 266306 4
50331777 266310 2
50331777 266562 3
50331777 274498 2
50331777 790594 3
50331777 67375170 3
50331777 1074008130 3
50331777 68719743042 2
16777345 266560 3
17301633 266562 4
17301633 267072 2
17301633 274752 2
17301633 1315136 2
17301633 33820992 2
17301633 1074008384 2
17301633 68719743296 2
16777345 274496 2
16793729 274498 1
16793729 274752 3
16793729 307264 3
16793729 798784 1
16793729 33828928 1
16793729 1074016320 1
16793729 68719751232 2
16777345 790592 3
17825921 790594 3
17825921 790848 3
17825921 798784 3
17825921 2887744 3
17825921 34345024 3
17825921 1074532416 3
17825921 68720267328 4
16777345 33820736 1
16777601 33820738 4
16777601 33821248 4
16777601 33828928 1
16777601 34345024 1
16777601 100929600 1
16777601 1107562560 2
16777601 68753297472 0
16777345 1074008128 3
17301633 1074008130 4
17301633 1074008384 2
17301633 1074016320 2
17301633 1075056704 2
17301633 1107562560 2
17301633 3221491776 2
17301633 69793484864 2
16777345 68719743040 3
17301633 68719743042 2
17301633 68719743296 2
17301633 68719751232 2
17301633 68720791616 2
17301633 68753297472 2
17301633 69793484864 2
17301633 206158696512 2
16777344 33558592 1
16777600 33558593 3
17039744 33558595 1
17039744 33559105 4
17039744 33566785 1
17039744 34082881 2
17039744 100667457 3
17039744 1107300417 1
17039744 68753035329 3
16777600 33559104 4
83886464 33559105 3
83886464 33560128 4
83886464 33567296 4
83886464 33821248 0
83886464 167776832 2
83886464 1107300928 0
83886464 68753035840 3
16777600 33566784 1
16778112 33566785 1
16778112 33567808 2
16778112 33583168 1
16778112 33828928 1
16778112 100675648 1
16778112 1107308608 1
16778112 68753043520 1
16777600 33820736 0
16777601 33820738 4
16777601 33821248 4
16777601 33828928 1
16777601 34345024 1
16777601 100929600 0
16777601 1107562560 0
16777601 68753297472 1
16777600 100667456 1
16778112 100667457 1
16778112 100668480 0
16778112 100675648 1
16778112 100929600 1
16778112 234885184 1
16778112 1174409280 1
16778112 68820144192 1
16777600 1107300416 1
16778112 1107300417 1
16778112 1107301440 0
16778112 1107308608 1
16778112 1107562560 1
16778112 1174409280 1
16778112 3254784064 1
16778112 69826777152 1
16777600 68753035328 1
16778112 68753035329 1
16778112 68753036352 0
16778112 68753043520 1
16778112 68753297472 1
16778112 68820144192 1
16778112 69826777152 1
16778112 206191988800 1
16777344 1073745984 2
16785536 1073745985 3
17047680 1073745987 3
17047680 1073746241 3
17047680 1073762369 3
17047680 1074270273 3
17047680 1107300417 3
17047680 3221229633 3
17047680 69793222721 3
16785536 1073746240 0
16785537 1073746242 2
16785537 1073746752 2
16785537 1073762624 2
16785537 1074008384 3
16785537 1107300672 2
16785537 3221229888 2
16785537 69793222976 6
16785536 1073762368 4
50339968 1073762369 3
50339968 1073762624 0
50339968 1073795136 4
50339968 1074024512 4
50339968 1140871232 0
50339968 3221246016 4
50339968 69793239104 1
16785536 1074008128 0
16785537 1074008130 3
16785537 1074008384 3
16785537 1074024512 3
16785537 1074532416 2
16785537 1107562560 3
16785537 3221491776 3
16785537 69793484864 3
16785536 1107300416 0
16785537 1107300418 4
16785537 1107300672 5
16785537 1107316800 0
16785537 1107562560 3
16785537 1174409280 1
16785537 3254784064 1
16785537 69826777152 1
16785536 3221229632 1
16785792 3221229633 3
16785792 3221230144 2
16785792 3221246016 4
16785792 3221491776 0
16785792 3254784064 2
16785792 7516196928 5
16785792 71940706368 2
16785536 69793222720 1
16785792 69793222721 3
16785792 69793223232 2
16785792 69793239104 4
16785792 69793484864 0
16785792 69826777152 2
16785792 71940706368 2
16785792 207232176192 2
16777344 68719480896 2
16785536 68719480897 3
17047680 68719480899 3
17047680 68719481153 3
17047680 68719497281 3
17047680 68720005185 3
17047680 68753035329 3
17047680 69793222721 3
17047680 206158434369 3
16785536 68719481152 2
16801920 68719481153 3
16801920 68719481664 4
16801920 68719513920 0
16801920 68719743296 0
16801920 68753035584 2
16801920 69793222976 2
16801920 206158434624 3
16785536 68719497280 0
16785537 68719497282 4
16785537 68719497536 4
16785537 68719530048 1
16785537 68719759424 3
16785537 68753051712 0
16785537 69793239104 1
16785537 206158450752 1
16785536 68719743040 0
16785537 68719743042 4
16785537 68719743296 3
16785537 68719759424 3
16785537 68720267328 2
16785537 68753297472 3
16785537 69793484864 3
16785537 206158696512 3
16785536 68753035328 2
16801920 68753035329 3
16801920 68753035584 2
16801920 68753068096 0
16801920 68753297472 0
16801920 68820144192 1
16801920 69826777152 1
16801920 206191988800 1
16785536 69793222720 1
16785792 69793222721 3
16785792 69793223232 2
16785792 69793239104 0
16785792 69793484864 0
16785792 69826777152 2
16785792 71940706368 2
16785792 207232176192 2
16785536 206158434368 2
16801920 206158434369 3
16801920 206158434624 3
16801920 206158467136 1
16801920 206158696512 0
16801920 206191988800 1
16801920 207232176192 1
16801920 481036341312 6
16777216 12288 2
16793600 12289 1
16793664 12291 1
16793792 12295 0
16793792 12547 1
16793792 45059 4
16793792 274435 4
16793792 33566723 2
16793792 1073754115 2
16793792 68719489027 2
16793664 12417 1
16793920 12419 1
16793920 12929 4
16793920 45185 4
16793920 274561 3
16793920 33566849 1
16793920 1073754241 1
16793920 68719489153 6
16793664 45057 4
50348096 45059 2
50348096 45185 2
50348096 110593 6
50348096 307201 3
50348096 67153921 4
50348096 1073786881 4
50348096 68719521793 4
16793664 274433 3
17317952 274435 4
17317952 274561 3
17317952 307201 3
17317952 1323009 3
17317952 33828865 3
17317952 1074016257 2
17317952 68719751169 3
16793664 33566721 5
1090535488 33566723 4
1090535488 33566849 6
1090535488 33599489 5
1090535488 33828865 3
1090535488 100675585 6
1090535488 2181050369 5
1090535488 68753043457 5
16793664 1073754113 4
50348096 1073754115 1
50348096 1073754241 1
50348096 1073786881 5
50348096 1074016257 4
50348096 1140862977 4
50348096 3221237761 2
50348096 69793230849 4
16793664 68719489025 1
16793792 68719489027 2
16793792 68719489281 4
16793792 68719521793 4
16793792 68719751169 3
16793792 68753043457 2
16793792 69793230849 5
16793792 206158442497 2
16793600 12352 3
17055744 12353 6
68736532480 12355 6
68736532480 12481 6
68736532480 45121 6
68736532480 536641 6
68736532480 33566785 6
68736532480 1073754177 3
68736532480 137438965825 6
17055744 12480 4
50610176 12481 3
50610176 12736 1
50610176 45248 3
50610176 536768 5
50610176 67121344 3
50610176 1073754304 5
50610176 68719489216 3
17055744 45120 3
17580032 45121 3
17580032 45248 5
17580032 110656 5
17580032 1093696 4
17580032 33599552 3
17580032 1073786944 3
17580032 68719521856 3
17055744 536640 3
18104320 536641 5
18104320 536768 4
18104320 569408 1
18104320 2633792 5
18104320 34091072 1
18104320 1074278464 4
18104320 68720013376 4
17055744 33566784 1
17055872 33566785 2
17055872 33567040 3
17055872 33599552 3
17055872 34091072 3
17055872 100675648 4
17055872 1107308608 3
17055872 68753043520 2
17055744 1073754176 3
17580032 1073754177 3
17580032 1073754304 3
17580032 1073786944 3
17580032 1074802752 5
17580032 1107308608 3
17580032 3221237824 3
17580032 69793230912 3
17055744 68719489088 2
17088512 68719489089 2
17088512 68719489216 2
17088512 68719554624 6
17088512 68720013376 2
17088512 68753043520 1
17088512 69793230912 2
17088512 206158442560 2
16793600 45056 4
50348032 45057 3
50610176 45059 3
50610176 45121 5
50610176 110593 4
50610176 569345 4
50610176 67153921 3
50610176 1073786881 3
50610176 68719521793 6
50348032 45120 3
50610176 45121 2
50610176 45248 3
50610176 110656 3
50610176 569408 4
50610176 67153984 3
50610176 1073786944 3
50610176 68719521856 3
50348032 110592 3
50610176 110593 4
50610176 110656 3
50610176 241664 6
50610176 634880 6
50610176 67219456 3
50610176 1073852416 3
50610176 68719587328 3
50348032 307200 0
50348033 307202 3
50348033 307264 3
50348033 372736 3
50348033 831488 4
50348033 67416064 3
50348033 1074049024 5
50348033 68719783936 3
50348032 67153920 4
184565760 67153921 1
184565760 67153984 0
184565760 67219456 4
184565760 67416064 3
184565760 335589376 2
184565760 1140895744 0
184565760 68786630656 1
50348032 1073786880 4
117456896 1073786881 4
117456896 1073786944 4
117456896 1073852416 4
117456896 1074049024 4
117456896 1208004608 1
117456896 3221270528 4
117456896 69793263616 4
50348032 68719521792 6
137489301504 68719521793 3
137489301504 68719521856 3
137489301504 68719587328 3
137489301504 68719783936 4
137489301504 68786630656 1
137489301504 69793263616 5
137489301504 343597428736 3
16793600 274432 4
50348032 274433 1
50348096 274435 2
50348096 274561 2
50348096 307201 4
50348096 798721 3
50348096 67383297 3
50348096 1074016257 4
50348096 68719751169 2
50348032 274496 0
50348033 274498 1
50348033 274624 3
50348033 307264 1
50348033 798784 4
50348033 67383360 3
50348033 1074016320 5
50348033 68719751232 2
50348032 307200 4
117456896 307201 4
117456896 307264 4
117456896 372736 4
117456896 831488 4
117456896 134524928 1
117456896 1074049024 4
117456896 68719783936 4
50348032 798720 4
117456896 798721 4
117456896 798784 4
117456896 831488 4
117456896 1847296 4
117456896 135016448 1
117456896 1074540544 4
117456896 68720275456 4
50348032 67383296 3
50872320 67383297 1
50872320 67383360 0
50872320 67416064 0
50872320 68431872 4
50872320 201601024 3
50872320 1141125120 3
50872320 68786860032 6
50348032 1074016256 3
50872320 1074016257 1
50872320 1074016320 0
50872320 1074049024 4
50872320 1075064832 5
50872320 1141125120 3
50872320 3221499904 4
50872320 69793492992 4
50348032 68719751168 3
50872320 68719751169 1
50872320 68719751232 0
50872320 68719783936 4
50872320 68720799744 6
50872320 68786860032 3
50872320 69793492992 4
50872320 206158704640 4
16793600 33566720 2
16826368 33566721 3
17088512 33566723 3
17088512 33566785 3
17088512 33632257 6
17088512 34091009 4
17088512 100675585 2
17088512 1107308545 2
17088512 68753043457 3
16826368 33566784 2
16891904 33566785 2
16891904 33566912 2
16891904 33697856 3
16891904 33828928 2
16891904 100675648 2
16891904 1107308608 2
16891904 68753043520 2
16826368 33632256 3
17088512 33632257 6
17088512 33632320 5
17088512 33763328 6
17088512 34156544 3
17088512 100741120 4
17088512 1107374080 3
17088512 68753108992 3
16826368 33828864 2
16891904 33828865 2
16891904 33828928 2
16891904 33959936 3
16891904 34353152 2
16891904 100937728 2
16891904 1107570688 2
16891904 68753305600 2
16826368 100675584 2
16891904 100675585 2
16891904 100675648 2
16891904 100806656 4
16891904 100937728 2
16891904 234893312 2
16891904 1174417408 2
16891904 68820152320 2
16826368 1107308544 2
16891904 1107308545 2
16891904 1107308608 2
16891904 1107439616 0
16891904 1107570688 2
16891904 1174417408 2
16891904 3254792192 2
16891904 69826785280 2
16826368 68753043456 2
16891904 68753043457 2
16891904 68753043520 2
16891904 68753174528 3
16891904 68753305600 2
16891904 68820152320 2
16891904 69826785280 2
16891904 206191996928 2
16793600 1073754112 4
50348032 1073754113 4
117456896 1073754115 4
117456896 1073754177 4
117456896 1073786881 4
117456896 1074016257 4
117456896 1207971841 1
117456896 3221237761 4
117456896 69793230849 4
50348032 1073754176 0
50348033 1073754178 2
50348033 1073754304 5
50348033 1073786944 2
50348033 1074016320 5
50348033 1140863040 4
50348033 3221237824 5
50348033 69793230912 1
50348032 1073786880 0
50348033 1073786882 6
50348033 1073786944 2
50348033 1073852416 1
50348033 1074049024 3
50348033 1140895744 4
50348033 3221270528 5
50348033 69793263616 2
50348032 1074016256 3
50872320 1074016257 1
50872320 1074016320 0
50872320 1074049024 4
50872320 1075064832 5
50872320 1141125120 5
50872320 3221499904 4
50872320 69793492992 4
50348032 1140862976 4
184565760 1140862977 1
184565760 1140863040 0
184565760 1140895744 4
184565760 1141125120 3
184565760 1409298432 2
184565760 3288346624 5
184565760 69860339712 1
50348032 3221237760 5
4345315328 3221237761 4
4345315328 3221237824 4
4345315328 3221270528 4
4345315328 3221499904 4
4345315328 3288346624 4
4345315328 11811172352 5
4345315328 71940714496 4
50348032 69793230848 4
117456896 69793230849 4
117456896 69793230912 4
117456896 69793263616 4
117456896 69793492992 4
117456896 69927448576 1
117456896 71940714496 4
117456896 207232184320 4
16793600 68719489024 4
50348032 68719489025 3
50610176 68719489027 3
50610176 68719489089 6
50610176 68719521793 3
50610176 68720013313 4
50610176 68786597889 3
50610176 69793230849 5
50610176 206158442497 4
50348032 68719489088 3
50610176 68719489089 6
50610176 68719489216 3
50610176 68719521856 3
50610176 68720013376 3
50610176 68786597952 3
50610176 69793230912 5
50610176 206158442560 2
50348032 68719521792 1
50348096 68719521793 6
50348096 68719521920 4
50348096 68719587328 4
50348096 68719783936 4
50348096 68786630656 0
50348096 69793263616 4
50348096 206158475264 4
50348032 68719751168 3
50872320 68719751169 1
50872320 68719751232 0
50872320 68719783936 4
50872320 68720799744 6
50872320 68786860032 3
50872320 69793492992 4
50872320 206158704640 4
50348032 68786597888 4
184565760 68786597889 2
184565760 68786597952 0
184565760 68786630656 1
184565760 68786860032 3
184565760 69055033344 6
184565760 69860339712 1
184565760 206225551360 6
50348032 69793230848 4
117456896 69793230849 4
117456896 69793230912 4
117456896 69793263616 4
117456896 69793492992 4
117456896 69927448576 1
117456896 71940714496 4
117456896 207232184320 4
50348032 206158442496 6
274928254976 206158442497 3
274928254976 206158442560 2
274928254976 206158475264 0
274928254976 206158704640 2
274928254976 206225551360 4
274928254976 207232184320 4
274928254976 755914256384 4
16777216 266240 3
17301504 266241 1
17301568 266243 3
18350144 266247 0
18350144 266371 3
18350144 274435 3
18350144 2363395 4
18350144 33820675 3
18350144 1074008067 4
18350144 68719742979 2
17301568 266369 3
18350144 266371 3
18350144 266625 3
18350144 274561 3
18350144 2363521 4
18350144 33820801 3
18350144 1074008193 2
18350144 68719743105 2
17301568 274433 2
17317952 274435 4
17317952 274561 3
17317952 307201 3
17317952 1323009 2
17317952 33828865 3
17317952 1074016257 3
17317952 68719751169 3
17301568 1314817 4
50856000 1314819 1
50856000 1314945 4
50856000 1323009 2
50856000 3411969 4
50856000 68423681 2
50856000 1075056641 2
50856000 68720791553 3
17301568 33820673 3
18350144 33820675 4
18350144 33820801 3
18350144 33828865 3
18350144 35917825 3
18350144 100929537 4
18350144 1107562497 2
18350144 68753297409 0
17301568 1074008065 2
17309760 1074008067 4
17309760 1074008193 5
17309760 1074024449 1
17309760 1075056641 1
17309760 1107562497 3
17309760 3221491713 1
17309760 69793484801 1
17301568 68719742977 4
50856000 68719742979 4
50856000 68719743105 3
50856000 68719751169 4
50856000 68720791553 1
50856000 68786851841 2
50856000 69793484801 5
50856000 206158696449 1
17301504 266304 0
17301505 266306 3
18350081 266310 4
18350081 266434 4
18350081 274498 3
18350081 2363458 4
18350081 33820738 3
18350081 1074008130 2
18350081 68719743042 2
17301505 266432 3
18350081 266434 4
18350081 266688 1
18350081 274624 3
18350081 2363584 4
18350081 33820864 3
18350081 1074008256 5
18350081 68719743168 4
17301505 274496 2
17317889 274498 3
17317889 274624 3
17317889 307264 1
17317889 1323072 3
17317889 33828928 3
17317889 1074016320 3
17317889 68719751232 3
17301505 1314880 4
50855937 1314882 1
50855937 1315008 1
50855937 1323072 2
50855937 3412032 4
50855937 68423744 2
50855937 1075056704 2
50855937 68720791616 1
17301505 33820736 3
18350081 33820738 3
18350081 33820864 3
18350081 33828928 2
18350081 35917888 3
18350081 100929600 3
18350081 1107562560 3
18350081 68753297472 0
17301505 1074008128 1
17301633 1074008130 2
17301633 1074008384 2
17301633 1074016320 2
17301633 1075056704 2
17301633 1107562560 0
17301633 3221491776 2
17301633 69793484864 2
17301505 68719743040 1
17301633 68719743042 2
17301633 68719743296 2
17301633 68719751232 2
17301633 68720791616 2
17301633 68753297472 0
17301633 69793484864 2
17301633 206158696512 2
17301504 274432 2
17317888 274433 1
17317952 274435 3
17317952 274561 3
17317952 307201 3
17317952 1323009 3
17317952 33828865 3
17317952 1074016257 2
17317952 68719751169 3
17317888 274496 0
17317889 274498 3
17317889 274624 3
17317889 307264 1
17317889 1323072 4
17317889 33828928 3
17317889 1074016320 3
17317889 68719751232 3
17317888 307200 3
18366464 307201 1
18366464 307264 0
18366464 372736 1
18366464 2404352 1
18366464 33861632 4
18366464 1074049024 3
18366464 68719783936 3
17317888 1323008 4
50872320 1323009 1
50872320 1323072 0
50872320 1355776 0
50872320 3420160 3
50872320 68431872 4
50872320 1075064832 5
50872320 68720799744 6
17317888 33828864 3
18366464 33828865 1
18366464 33828928 0
18366464 33861632 4
18366464 35926016 4
18366464 100937728 2
18366464 1107570688 4
18366464 68753305600 4
17317888 1074016256 3
18366464 1074016257 1
18366464 1074016320 0
18366464 1074049024 3
18366464 1076113408 2
18366464 1107570688 4
18366464 3221499904 2
18366464 69793492992 3
17317888 68719751168 3
18366464 68719751169 1
18366464 68719751232 0
18366464 68719783936 3
18366464 68721848320 2
18366464 68753305600 4
18366464 69793492992 2
18366464 206158704640 4
17301504 1314816 4
50855936 1314817 1
50856000 1314819 1
50856000 1314945 3
50856000 1323009 2
50856000 3411969 4
50856000 68423681 2
50856000 1075056641 2
50856000 68720791553 1
50855936 1314880 0
50855937 1314882 1
50855937 1315008 1
50855937 1323072 2
50855937 3412032 4
50855937 68423744 2
50855937 1075056704 2
50855937 68720791616 4
50855936 1323008 2
50872320 1323009 1
50872320 1323072 0
50872320 1355776 0
50872320 3420160 3
50872320 68431872 4
50872320 1075064832 5
50872320 68720799744 6
50855936 3411968 2
50864128 3411969 1
50864128 3412032 4
50864128 3428352 0
50864128 7606272 4
50864128 70520832 0
50864128 1077153792 4
50864128 68722888704 4
50855936 68423680 2
50864128 68423681 1
50864128 68423744 4
50864128 68440064 0
50864128 70520832 0
50864128 202641408 0
50864128 1142165504 4
50864128 68787900416 0
50855936 1075056640 5
2198339584 1075056641 5
2198339584 1075056704 5
2198339584 1075064832 6
2198339584 1077153792 5
2198339584 1142165504 5
2198339584 5370023936 5
2198339584 69794533376 5
50855936 68720791552 2
50864128 68720791553 1
50864128 68720791616 4
50864128 68720807936 4
50864128 68722888704 0
50864128 68787900416 0
50864128 69794533376 4
50864128 206159745024 4
17301504 33820672 3
18350080 33820673 1
18350144 33820675 4
18350144 33820801 4
18350144 33828865 3
18350144 35917825 1
18350144 100929537 4
18350144 1107562497 3
18350144 68753297409 3
18350080 33820736 0
18350081 33820738 3
18350081 33820864 3
18350081 33828928 3
18350081 35917888 3
18350081 100929600 3
18350081 1107562560 1
18350081 68753297472 0
18350080 33828864 2
18366464 33828865 1
18366464 33828928 0
18366464 33861632 4
18366464 35926016 4
18366464 100937728 2
18366464 1107570688 4
18366464 68753305600 4
18350080 35917824 1
18350144 35917825 3
18350144 35917952 0
18350144 35926016 2
18350144 40112128 2
18350144 103026688 4
18350144 1109659648 2
18350144 68755394560 2
18350080 100929536 3
20447232 100929537 3
20447232 100929600 3
20447232 100937728 3
20447232 105123840 4
20447232 235147264 3
20447232 1174671360 3
20447232 68820406272 3
18350080 1107562496 4
85458944 1107562497 1
85458944 1107562560 0
85458944 1107570688 2
85458944 1109659648 4
85458944 1241780224 5
85458944 3255046144 3
85458944 69827039232 3
18350080 68753297408 2
18358272 68753297409 1
18358272 68753297472 0
18358272 68753313792 0
18358272 68755394560 2
18358272 68820406272 4
18358272 69827039232 2
18358272 206192250880 2
17301504 1074008064 3
18350080 1074008065 1
18350144 1074008067 2
18350144 1074008193 2
18350144 1074016257 3
18350144 1076105217 4
18350144 1107562497 2
18350144 3221491713 2
18350144 69793484801 2
18350080 1074008128 0
18350081 1074008130 2
18350081 1074008256 3
18350081 1074016320 3
18350081 1076105280 2
18350081 1107562560 1
18350081 3221491776 1
18350081 69793484864 1
18350080 1074016256 3
20447232 1074016257 3
20447232 1074016320 3
20447232 1074032640 3
20447232 1078210560 5
20447232 1107570688 3
20447232 3221499904 3
20447232 69793492992 3
18350080 1076105216 4
51904512 1076105217 1
51904512 1076105280 0
51904512 1076113408 4
51904512 1080299520 5
51904512 1143214080 5
51904512 3223588864 4
51904512 69795581952 5
18350080 1107562496 3
20447232 1107562497 3
20447232 1107562560 3
20447232 1107570688 3
20447232 1111756800 0
20447232 1174671360 3
20447232 3255046144 3
20447232 69827039232 3
18350080 3221491712 5
4313317376 3221491713 1
4313317376 3221491776 0
4313317376 3221499904 2
4313317376 3223588864 6
4313317376 3255046144 5
4313317376 11811426304 3
4313317376 71940968448 1
18350080 69793484800 4
51904512 69793484801 1
51904512 69793484864 0
51904512 69793492992 4
51904512 69795581952 5
51904512 69860593664 5
51904512 71940968448 1
51904512 207232438272 2
17301504 68719742976 4
50855936 68719742977 1
50856000 68719742979 4
50856000 68719743105 4
50856000 68719751169 4
50856000 68720791553 1
50856000 68786851841 3
50856000 69793484801 2
50856000 206158696449 4
50855936 68719743040 0
50855937 68719743042 1
50855937 68719743168 4
50855937 68719751232 3
50855937 68720791616 2
50855937 68786851904 4
50855937 69793484864 2
50855937 206158696512 2
50855936 68719751168 4
117964800 68719751169 4
117964800 68719751232 4
117964800 68719767552 4
117964800 68720799744 4
117964800 68853968896 3
117964800 69793492992 4
117964800 206158704640 4
50855936 68720791552 2
50864128 68720791553 1
50864128 68720791616 4
50864128 68720807936 4
50864128 68722888704 4
50864128 68787900416 0
50864128 69794533376 4
50864128 206159745024 0
50855936 68786851840 2
50864128 68786851841 1
50864128 68786851904 4
50864128 68786868224 3
50864128 68787900416 0
50864128 68921069568 3
50864128 69860593664 4
50864128 206225805312 3
50855936 69793484800 5
2198339584 69793484801 5
2198339584 69793484864 5
2198339584 69793492992 5
2198339584 69794533376 5
2198339584 69860593664 5
2198339584 74088452096 5
2198339584 207232438272 5
50855936 206158696448 4
117964800 206158696449 4
117964800 206158696512 4
117964800 206158704640 4
117964800 206159745024 4
117964800 206292914176 3
117964800 207232438272 4
117964800 481036603392 4
16777216 33558528 4
83886080 33558529 3
84148224 33558531 2
84156416 33558535 0
84156416 33558595 5
84156416 33574915 4
84156416 34082819 4
84156416 167776259 2
84156416 1107300355 4
84156416 68753035267 4
84148224 33558593 5
1157890048 33558595 5
1157890048 33558721 5
1157890048 33566785 5
1157890048 34082881 5
1157890048 167776321 5
1157890048 2181042241 5
1157890048 68753035329 3
84148224 33566721 4
218365952 33566723 3
218365952 33566785 2
218365952 33583105 2
218365952 34091009 6
218365952 302002177 2
218365952 1107308545 5
218365952 68753043457 3
84148224 34082817 6
68803624960 34082819 6
68803624960 34082881 6
68803624960 34091009 6
68803624960 35131393 6
68803624960 168300545 6
68803624960 1107824641 5
68803624960 137473036289 6
84148224 167776257 3
84672512 167776259 6
84672512 167776321 5
84672512 167784449 3
84672512 168824833 2
84672512 436211713 5
84672512 1241518081 3
84672512 68887252993 3
84148224 1107300353 2
84156416 1107300355 4
84156416 1107300417 4
84156416 1107316737 2
84156416 1107824641 3
84156416 1241518081 3
84156416 3254784001 4
84156416 69826777089 4
84148224 68753035265 3
84672512 68753035267 3
84672512 68753035329 4
84672512 68753043457 3
84672512 68754083841 2
84672512 68887252993 3
84672512 69826777089 3
84672512 206191988737 3
83886080 33558592 3
84148224 33558593 3
84672512 33558595 4
84672512 33558721 6
84672512 33566785 3
84672512 34607169 5
84672512 167776321 3
84672512 1107300417 3
84672512 68753035329 4
84148224 33558720 3
84672512 33558721 6
84672512 33558976 1
84672512 33566912 3
84672512 34607296 5
84672512 167776448 6
84672512 1107300544 3
84672512 68753035456 3
84148224 33566784 4
218365952 33566785 2
218365952 33566912 3
218365952 33583168 2
218365952 34091072 1
218365952 302002240 5
218365952 1107308608 1
218365952 68753043520 4
84148224 34082880 2
84156416 34082881 2
84156416 34083008 1
84156416 34099264 2
84156416 35131456 3
84156416 168300608 3
84156416 1107824704 3
84156416 68753559616 1
84148224 167776320 2
84156416 167776321 2
84156416 167776448 1
84156416 167792704 2
84156416 168300608 2
84156416 436211776 2
84156416 1241518144 1
84156416 68887253056 3
84148224 1107300416 2
84156416 1107300417 5
84156416 1107300544 1
84156416 1107316800 2
84156416 1107824704 3
84156416 1241518144 3
84156416 3254784064 4
84156416 69826777152 3
84148224 68753035328 3
84672512 68753035329 3
84672512 68753035456 3
84672512 68753043520 3
84672512 68754083904 4
84672512 68887253056 3
84672512 69826777152 3
84672512 206191988800 3
83886080 33566720 4
218103808 33566721 3
218365952 33566723 0
218365952 33566785 5
218365952 33583105 2
218365952 34091009 6
218365952 302002177 5
218365952 1107308545 6
218365952 68753043457 4
218103808 33566784 3
218365952 33566785 2
218365952 33566912 3
218365952 33583168 2
218365952 34091072 1
218365952 302002240 2
218365952 1107308608 5
218365952 68753043520 2
218103808 33583104 2
218136576 33583105 4
218136576 33583168 4
218136576 33648640 4
218136576 33845248 4
218136576 302018560 3
218136576 1107324928 5
218136576 68753059840 4
218103808 33828864 3
218628096 33828865 1
218628096 33828928 0
218628096 33845248 2
218628096 34877440 4
218628096 302264320 2
218628096 1107570688 4
218628096 68753305600 2
218103808 302002176 2
218120192 302002177 3
218120192 302002240 0
218120192 302034944 5
218120192 302264320 3
218120192 838873088 6
218120192 1375744000 2
218120192 69021478912 2
218103808 1107308544 5
2365587456 1107308545 4
2365587456 1107308608 4
2365587456 1107324928 2
2365587456 1107570688 4
2365587456 1375744000 5
2365587456 5402275840 3
2365587456 69826785280 1
218103808 68753043456 2
218120192 68753043457 4
218120192 68753043520 0
218120192 68753076224 5
218120192 68753305600 3
218120192 69021478912 2
218120192 69826785280 2
218120192 206191996928 1
83886080 33820672 3
84410368 33820673 1
84410432 33820675 3
84410432 33820801 3
84410432 33828865 2
84410432 34869249 3
84410432 168038401 6
84410432 1107562497 3
84410432 68753297409 4
84410368 33820736 0
84410369 33820738 3
84410369 33820864 3
84410369 33828928 2
84410369 34869312 3
84410369 168038464 4
84410369 1107562560 3
84410369 68753297472 4
84410368 33828864 2
84426752 33828865 1
84426752 33828928 0
84426752 33861632 3
84426752 34877440 4
84426752 168046592 3
84426752 1107570688 3
84426752 68753305600 3
84410368 34869248 3
86507520 34869249 1
86507520 34869312 0
86507520 34877440 4
86507520 39063552 1
86507520 169086976 1
86507520 1108611072 2
86507520 68754345984 4
84410368 168038400 1
84410432 168038401 6
84410432 168038528 6
84410432 168046592 2
84410432 169086976 3
84410432 436473856 1
84410432 1241780224 3
84410432 68887515136 1
84410368 1107562496 3
85458944 1107562497 1
85458944 1107562560 0
85458944 1107570688 2
85458944 1109659648 4
85458944 1241780224 5
85458944 3255046144 3
85458944 69827039232 3
84410368 68753297408 4
218628096 68753297409 1
218628096 68753297472 0
218628096 68753305600 2
218628096 68754345984 3
218628096 69021732864 3
218628096 69827039232 4
218628096 206192250880 3
83886080 167776256 2
83894272 167776257 2
83910656 167776259 2
83910656 167776321 3
83910656 167809025 5
83910656 168038401 1
83910656 436211713 2
83910656 1241518081 2
83910656 68887252993 2
83894272 167776320 2
83910656 167776321 3
83910656 167776448 2
83910656 167809088 5
83910656 168038464 0
83910656 436211776 3
83910656 1241518144 2
83910656 68887253056 2
83894272 167792640 2
83927040 167792641 3
83927040 167792704 1
83927040 167858176 3
83927040 168054784 0
83927040 436228096 2
83927040 1241534464 2
83927040 68887269376 3
83894272 168038400 2
83910656 168038401 1
83910656 168038464 0
83910656 168071168 5
83910656 168562688 3
83910656 436473856 1
83910656 1241780224 3
83910656 68887515136 2
83894272 436211712 2
83910656 436211713 2
83910656 436211776 3
83910656 436244480 5
83910656 436473856 1
83910656 973082624 6
83910656 1509953536 2
83910656 69155688448 2
83894272 1241518080 5
2231377920 1241518081 1
2231377920 1241518144 1
2231377920 1241534464 2
2231377920 1241780224 5
2231377920 1509953536 6
2231377920 5536485376 3
2231377920 69960994816 5
83894272 68887252992 2
83910656 68887252993 2
83910656 68887253056 2
83910656 68887285760 5
83910656 68887515136 2
83910656 69155688448 6
83910656 69960994816 2
83910656 206326206464 1
83886080 1107300352 4
218103808 1107300353 4
486539264 1107300355 4
486539264 1107300417 4
486539264 1107308545 4
486539264 1107562497 4
486539264 1644171265 2
486539264 3254784001 4
486539264 69826777089 4
218103808 1107300416 0
218103809 1107300418 5
218103809 1107300544 6
218103809 1107308608 4
218103809 1107562560 5
218103809 1375735872 0
218103809 3254784064 4
218103809 69826777152 2
218103808 1107308544 4
486539264 1107308545 4
486539264 1107308608 4
486539264 1107324928 4
486539264 1107570688 4
486539264 1644179456 5
486539264 3254792192 4
486539264 69826785280 4
218103808 1107562496 4
486539264 1107562497 4
486539264 1107562560 4
486539264 1107570688 4
486539264 1108086784 4
486539264 1644433408 5
486539264 3255046144 4
486539264 69827039232 4
218103808 1375735808 2
218112000 1375735809 5
218112000 1375735872 3
218112000 1375752192 2
218112000 1375997952 1
218112000 1912606720 3
218112000 3523219456 3
218112000 70095212544 3
218103808 3254784000 4
486539264 3254784001 4
486539264 3254784064 4
486539264 3254792192 4
486539264 3255046144 4
486539264 3791654912 2
486539264 7549751296 4
486539264 71974260736 4
218103808 69826777088 4
486539264 69826777089 4
486539264 69826777152 4
486539264 69826785280 4
486539264 69827039232 4
486539264 70363648000 2
486539264 71974260736 4
486539264 207265730560 4
83886080 68753035264 4
218103808 68753035265 4
486539264 68753035267 4
486539264 68753035329 4
486539264 68753043457 4
486539264 68753297409 4
486539264 69289906177 3
486539264 69826777089 4
486539264 206191988737 4
218103808 68753035328 3
218365952 68753035329 3
218365952 68753035456 3
218365952 68753043520 3
218365952 68753559616 2
218365952 69021470784 3
218365952 69826777152 4
218365952 206191988800 3
218103808 68753043456 4
486539264 68753043457 4
486539264 68753043520 4
486539264 68753059840 4
486539264 68753305600 4
486539264 69289914368 2
486539264 69826785280 4
486539264 206191996928 4
218103808 68753297408 4
486539264 68753297409 4
486539264 68753297472 4
486539264 68753305600 4
486539264 68753821696 4
486539264 69290168320 3
486539264 69827039232 4
486539264 206192250880 4
218103808 69021470720 5
1291845632 69021470721 2
1291845632 69021470784 5
1291845632 69021478912 2
1291845632 69021732864 3
1291845632 69558341632 5
1291845632 71168954368 2
1291845632 206460424192 5
218103808 69826777088 2
218112000 69826777089 0
218112000 69826777152 3
218112000 69826793472 4
218112000 69827039232 3
218112000 70095212544 3
218112000 71974260736 6
218112000 207265730560 3
218103808 206191988736 1
218103872 206191988737 2
218103872 206191988864 4
218103872 206191996928 2
218103872 206192250880 1
218103872 206460424192 2
218103872 207265730560 2
218103872 481069895680 6
16777216 1073745920 4
50331648 1073745921 1
50331712 1073745923 4
117440576 1073745927 4
117440576 1073746051 4
117440576 1073754115 4
117440576 1074008067 4
117440576 1207963651 4
117440576 3221229571 4
117440576 69793222659 4
50331712 1073746049 2
50339904 1073746051 5
50339904 1073746305 4
50339904 1073762433 4
50339904 1074008193 3
50339904 1140854913 5
50339904 3221229697 4
50339904 69793222785 5
50331712 1073754113 4
117440576 1073754115 4
117440576 1073754241 4
117440576 1073770497 4
117440576 1074016257 4
117440576 1207971841 2
117440576 3221237761 4
117440576 69793230849 4
50331712 1074008065 3
50856000 1074008067 2
50856000 1074008193 5
50856000 1074016257 2
50856000 1075056641 2
50856000 1141116929 2
50856000 3221491713 1
50856000 69793484801 5
50331712 1140854785 2
50339904 1140854787 4
50339904 1140854913 5
50339904 1140871169 4
50339904 1141116929 3
50339904 1275072513 0
50339904 3288338433 1
50339904 69860331521 4
50331712 3221229569 2
50339904 3221229571 4
50339904 3221229697 4
50339904 3221245953 4
50339904 3221491713 4
50339904 3288338433 1
50339904 7516196865 5
50339904 71940706305 4
50331712 69793222657 2
50339904 69793222659 3
50339904 69793222785 1
50339904 69793239041 6
50339904 69793484801 3
50339904 69860331521 4
50339904 71940706305 4
50339904 207232176129 3
50331648 1073745984 4
117440512 1073745985 4
117440512 1073746112 4
117440512 1073754176 4
117440512 1074008128 4
117440512 1207963712 2
117448704 1207963713 3
117448704 1207963840 5
117448704 1207980096 0
117448704 1208225856 0
117448704 1476399168 2
117448704 3355447360 1
117448704 69927440448 2
117440512 3221229632 4
117440512 69793222720 4
50331648 1073754112 2
50348032 1073754113 1
50348096 1073754115 4
50348096 1073754241 5
50348096 1073786881 4
50348096 1074016257 4
50348096 1140862977 4
50348096 3221237761 2
50348096 69793230849 4
50348032 1073754176 0
50348033 1073754178 1
50348033 1073754304 5
50348033 1073786944 1
50348033 1074016320 3
50348033 1140863040 4
50348033 3221237824 5
50348033 69793230912 5
50348032 1073786880 4
117456896 1073786881 4
117456896 1073786944 4
117456896 1073852416 4
117456896 1074049024 4
117456896 1208004608 1
117456896 3221270528 4
117456896 69793263616 4
50348032 1074016256 3
50872320 1074016257 1
50872320 1074016320 0
50872320 1074049024 4
50872320 1075064832 5
50872320 1141125120 3
50872320 3221499904 4
50872320 69793492992 4
50348032 1140862976 4
184565760 1140862977 1
184565760 1140863040 0
184565760 1140895744 4
184565760 1141125120 3
184565760 1409298432 2
184565760 3288346624 2
184565760 69860339712 4
50348032 3221237760 5
4345315328 3221237761 4
4345315328 3221237824 4
4345315328 3221270528 4
4345315328 3221499904 4
4345315328 3288346624 4
4345315328 11811172352 5
4345315328 71940714496 4
50348032 69793230848 4
117456896 69793230849 4
117456896 69793230912 4
117456896 69793263616 4
117456896 69793492992 4
117456896 69927448576 1
117456896 71940714496 4
117456896 207232184320 4
50331648 1074008064 5
2197815296 1074008065 1
2197815360 1074008067 4
2197815360 1074008193 4
2197815360 1074016257 4
2197815360 1074532353 4
2197815360 1141116929 3
2197815360 5368975361 3
2197815360 69793484801 3
2197815296 1074008128 0
2197815297 1074008130 3
2197815297 1074008256 3
2197815297 1074016320 2
2197815297 1074532416 4
2197815297 1141116992 3
2197815297 5368975424 3
2197815297 69793484864 3
2197815296 1074016256 2
2197831680 1074016257 1
2197831680 1074016320 0
2197831680 1074049024 4
2197831680 1074540544 4
2197831680 1141125120 3
2197831680 5368983552 3
2197831680 69793492992 4
2197815296 1074532352 4
2264924160 1074532353 4
2264924160 1074532416 4
2264924160 1074540544 4
2264924160 1075580928 4
2264924160 1208750080 3
2264924160 5369499648 4
2264924160 69794009088 4
2197815296 1141116928 3
2198339584 1141116929 5
2198339584 1141116992 5
2198339584 1141125120 2
2198339584 1142165504 5
2198339584 1275334656 5
2198339584 5436084224 5
2198339584 69860593664 5
2197815296 5368975360 3
2198339584 5368975361 5
2198339584 5368975424 5
2198339584 5368983552 2
2198339584 5370023936 5
2198339584 5436084224 5
2198339584 13958909952 5
2198339584 74088452096 5
2197815296 69793484800 3
2198339584 69793484801 5
2198339584 69793484864 5
2198339584 69793492992 5
2198339584 69794533376 5
2198339584 69860593664 5
2198339584 74088452096 5
2198339584 207232438272 5
50331648 1140854784 4
184549376 1140854785 1
184549440 1140854787 2
184549440 1140854913 5
184549440 1140862977 2
184549440 1141116929 2
184549440 1409290241 2
184549440 3288338433 1
184549440 69860331521 2
184549376 1140854848 0
184549377 1140854850 2
184549377 1140854976 1
184549377 1140863040 2
184549377 1141116992 3
184549377 1409290304 1
184549377 3288338496 5
184549377 69860331584 2
184549376 1140862976 2
184565760 1140862977 1
184565760 1140863040 0
184565760 1140895744 4
184565760 1141125120 3
184565760 1409298432 2
184565760 3288346624 2
184565760 69860339712 4
184549376 1141116928 3
185073664 1141116929 1
185073664 1141116992 0
185073664 1141125120 2
185073664 1142165504 5
185073664 1409552384 2
185073664 3288600576 5
185073664 69860593664 5
184549376 1409290240 0
184549377 1409290242 5
184549377 1409290304 2
184549377 1409298432 2
184549377 1409552384 3
184549377 1946161152 0
184549377 3556773888 5
184549377 70128766976 0
184549376 3288338432 5
4479516672 3288338433 5
4479516672 3288338496 3
4479516672 3288346624 2
4479516672 3288600576 3
4479516672 3556773888 0
4479516672 11878273024 0
4479516672 72007815168 5
184549376 69860331520 1
184549440 69860331521 2
184549440 69860331648 2
184549440 69860339712 2
184549440 69860593664 2
184549440 70128766976 2
184549440 72007815168 2
184549440 207299284992 2
50331648 3221229568 4
117440512 3221229569 4
117440512 3221229632 4
117440512 3221237760 4
117440512 3221491712 4
117440512 3355447296 2
117448704 3355447297 1
117448704 3355447360 0
117448704 3355463680 0
117448704 3355709440 3
117448704 3623882752 5
117448704 7650414592 5
117448704 72074924032 2
117440512 7516196864 4
117440512 71940706304 4
50331648 69793222656 6
137489285120 69793222657 2
137489293312 69793222659 3
137489293312 69793222721 3
137489293312 69793239041 4
137489293312 69793484801 1
137489293312 69860331521 1
137489293312 71940706305 1
137489293312 344671129601 2
137489285120 69793222720 5
139636768768 69793222721 3
139636768768 69793222848 4
139636768768 69793230912 4
139636768768 69793484864 6
139636768768 69860331584 5
139636768768 74088190016 0
139636768768 344671129664 5
137489285120 69793230848 5
139636768768 69793230849 4
139636768768 69793230912 4
139636768768 69793247232 2
139636768768 69793492992 6
139636768768 69860339712 5
139636768768 74088198144 2
139636768768 344671137792 6
137489285120 69793484800 3
137489809408 69793484801 6
137489809408 69793484864 6
137489809408 69793492992 6
137489809408 69794533376 6
137489809408 69860593664 6
137489809408 71940968448 4
137489809408 344671391744 6
137489285120 69860331520 5
139636768768 69860331521 5
139636768768 69860331584 5
139636768768 69860339712 5
139636768768 69860593664 6
139636768768 69994549248 5
139636768768 74155298816 2
139636768768 344738238464 5
137489285120 71940706304 4
137556393984 71940706305 4
137556393984 71940706368 4
137556393984 71940714496 4
137556393984 71940968448 4
137556393984 72074924032 2
137556393984 76235673600 4
137556393984 346818613248 4
137489285120 344671129600 2
137489293312 344671129601 2
137489293312 344671129664 4
137489293312 344671145984 4
137489293312 344671391744 3
137489293312 344738238464 2
137489293312 346818613248 1
137489293312 894426943488 1
16777216 68719480832 4
50331648 68719480833 3
50593792 68719480835 4
117702656 68719480839 4
117702656 68719480899 4
117702656 68719489027 4
117702656 68720005123 4
117702656 68853698563 3
117702656 69793222659 4
117702656 206158434307 4
50593792 68719480897 4
117702656 68719480899 4
117702656 68719481025 4
117702656 68719489089 4
117702656 68720005185 4
117702656 68853698625 3
117702656 69793222721 4
117702656 206158434369 4
50593792 68719489025 2
50610176 68719489027 3
50610176 68719489089 3
50610176 68719521793 6
50610176 68720013313 4
50610176 68786597889 3
50610176 69793230849 5
50610176 206158442497 4
50593792 68720005121 4
117702656 68720005123 4
117702656 68720005185 4
117702656 68720013313 4
117702656 68721053697 4
117702656 68854222849 3
117702656 69793746945 4
117702656 206158958593 4
50593792 68786589697 3
51118080 68786589699 3
51118080 68786589761 3
51118080 68786597889 3
51118080 68787638273 2
51118080 68920807425 3
51118080 69860331521 5
51118080 206225543169 3
50593792 69793222657 4
117702656 69793222659 4
117702656 69793222721 4
117702656 69793230849 4
117702656 69793746945 4
117702656 69927440385 3
117702656 71940706305 4
117702656 207232176129 4
50593792 206158434305 3
51118080 206158434307 3
51118080 206158434369 1
51118080 206158442497 0
51118080 206159482881 0
51118080 206225543169 0
51118080 207232176129 0
51118080 481036341249 0
50331648 68719480896 0
50331648 68719480897 0
50331648 68719480897 2
50331648 68719480896 2
50331648 68719489024 2
50331648 68719742976 3
50331648 68786589696 2
50331648 69793222656 4
50331648 206158434304 2
16777216 4160 1
16777344 4161 3
16777344 4416 0
16777344 12352 2
16777344 266304 0
16777344 33558592 1
16777344 1073745984 0
16777344 68719480896 2
16777216 12288 2
16793600 12289 1
16793600 12352 3
16793600 45056 4
16793600 274432 3
16793600 33566720 2
16793600 1073754112 4
16793600 68719489024 4
16777216 266240 3
17301504 266241 1
17301504 266304 0
17301504 274432 2
17301504 1314816 4
17301504 33820672 3
17301504 1074008064 3
17301504 68719742976 4
16777216 33558528 4
83886080 33558529 4
83886080 33558592 3
83886080 33566720 4
83886080 33820672 3
83886080 167776256 2
83886080 1107300352 4
83886080 68753035264 4
16777216 1073745920 4
50331648 1073745921 2
50331648 1073745984 0
50331648 1073754112 2
50331648 1074008064 3
50331648 1140854784 2
50331648 3221229568 4
50331648 69793222656 5
16777216 68719480832 4
50331648 68719480833 3
50331648 68719480896 2
50331648 68719489024 2
50331648 68719742976 3
50331648 68786589696 2
50331648 69793222656 4
50331648 206158434304 2
0 4096 2
8192 4097 3
270336 4099 2
270336 4161 3
270336 20481 3
270336 528385 3
270336 16781313 3
270336 1073745921 2
270336 68719480833 3
8192 4160 4
16785408 4161 3
16785408 4288 1
16785408 20544 4
16785408 266304 0
16785408 33558592 4
16785408 1073745984 4
16785408 68719480896 4
8192 20480 3
270336 20481 3
270336 20544 3
270336 53248 3
270336 544768 3
270336 16797696 3
270336 1073762304 3
270336 68719497216 3
8192 266240 4
16785408 266241 1
16785408 266304 0
16785408 282624 2
16785408 790528 3
16785408 33820672 4
16785408 1074008064 3
16785408 68719742976 3
8192 16781312 3
270336 16781313 3
270336 16781376 2
270336 16797696 3
270336 17305600 2
270336 50335744 4
270336 1090523136 4
270336 68736258048 3
8192 1073745920 2
24576 1073745921 2
24576 1073745984 2
24576 1073778688 3
24576 1074008064 4
24576 1090523136 3
24576 3221229568 2
24576 69793222656 2
8192 68719480832 2
24576 68719480833 2
24576 68719480896 2
24576 68719513600 1
24576 68719742976 1
24576 68736258048 3
24576 69793222656 4
24576 206158434304 2
0 262144 3
524288 262145 2
528384 262147 3
528384 262209 3
528384 270337 3
528384 1310721 2
528384 17039361 2
528384 1074003969 3
528384 68719738881 3
524288 262208 2
528384 262209 3
528384 262336 3
528384 270400 3
528384 1310784 2
528384 17039424 3
528384 1074004032 2
528384 68719738944 3
524288 266240 1
524352 266241 2
524352 266368 1
524352 274432 3
524352 1314816 3
524352 17043456 5
524352 1074008064 4
524352 68719742976 3
524288 1310720 3
2621440 1310721 3
2621440 1310784 0
2621440 1314816 4
2621440 5505024 4
2621440 18087936 2
2621440 1075052544 4
2621440 68720787456 1
524288 17039360 2
528384 17039361 2
528384 17039424 3
528384 17047552 3
528384 18087936 2
528384 50593792 4
528384 1090781184 6
528384 68736516096 5
524288 1074003968 4
17301504 1074003969 4
17301504 1074004032 3
17301504 1074008064 3
17301504 1075052544 4
17301504 1107558400 3
17301504 3221487616 3
17301504 69793480704 3
524288 68719738880 3
1572864 68719738881 3
1572864 68719738944 4
1572864 68719742976 3
1572864 68721836032 4
1572864 68736516096 5
1572864 69793480704 4
1572864 206158692352 3
0 16777216 4
33554432 16777217 4
100663296 16777219 4
100663296 16777281 2
100663296 16781313 3
100663296 17039361 4
100663296 150994945 5
100663296 1090519041 3
100663296 68736253953 3
33554432 16777280 4
100663296 16777281 5
100663296 16777408 4
100663296 16781376 3
100663296 17039424 2
100663296 150995008 3
100663296 1090519104 3
100663296 68736254016 4
33554432 16781312 3
33816576 16781313 3
33816576 16781376 2
33816576 16789504 2
33816576 17305600 4
33816576 83890176 3
33816576 1090523136 4
33816576 68736258048 3
33554432 17039360 2
33558528 17039361 2
33558528 17039424 3
33558528 17047552 2
33558528 17563648 3
33558528 84148224 4
33558528 1090781184 6
33558528 68736516096 5
33554432 83886080 3
33816576 83886081 3
33816576 83886144 3
33816576 83890176 3
33816576 84410368 3
33816576 218103808 3
33816576 1157627904 3
33816576 68803362816 3
33554432 1090519040 6
68753031168 1090519041 5
68753031168 1090519104 2
68753031168 1090523136 3
68753031168 1090781184 2
68753031168 1157627904 4
68753031168 3238002688 4
68753031168 138529472512 4
33554432 68736253952 3
33816576 68736253953 3
33816576 68736254016 3
33816576 68736258048 3
33816576 68736778240 3
33816576 68803362816 3
33816576 69809995776 4
33816576 206175207424 4
0 1073741824 4
16777216 1073741825 4
50331648 1073741827 4
50331648 1073741889 3
50331648 1073745921 4
50331648 1074003969 3
50331648 1140850689 4
50331648 3221225473 4
50331648 69793218561 4
16777216 1073741888 4
50331648 1073741889 3
50331648 1073742016 5
50331648 1073745984 4
50331648 1074004032 3
50331648 1140850752 4
50331648 3221225536 4
50331648 69793218624 5
16777216 1073745920 4
50331648 1073745921 1
50331648 1073745984 4
50331648 1073754112 2
50331648 1074008064 3
50331648 1140854784 4
50331648 3221229568 4
50331648 69793222656 0
16777216 1074003968 3
17301504 1074003969 4
17301504 1074004032 4
17301504 1074008064 3
17301504 1075052544 4
17301504 1107558400 3
17301504 3221487616 3
17301504 69793480704 3
16777216 1107296256 4
83886080 1107296257 4
83886080 1107296320 1
83886080 1107300352 4
83886080 1107558400 1
83886080 1241513984 5
83886080 3254779904 4
83886080 69826772992 4
16777216 3221225472 5
4311744512 3221225473 4
4311744512 3221225536 4
4311744512 3221229568 4
4311744512 3221487616 3
4311744512 3254779904 4
4311744512 11811160064 4
4311744512 71940702208 5
16777216 69793218560 4
50331648 69793218561 2
50331648 69793218624 6
50331648 69793222656 5
50331648 69793480704 4
50331648 69860327424 4
50331648 71940702208 4
50331648 207232172032 4
0 68719476736 5
1073741824 68719476737 5
3221225472 68719476739 3
3221225472 68719476801 3
3221225472 68719480833 2
3221225472 68719738881 2
3221225472 68736253953 5
3221225472 73014444033 6
3221225472 206158430209 5
1073741824 68719476800 2
1073745920 68719476801 5
1073745920 68719476928 5
1073745920 68719484992 5
1073745920 68719738944 3
1073745920 68736254016 2
1073745920 70866960448 2
1073745920 206158430272 4
1073741824 68719480832 1
1073741888 68719480833 2
1073741888 68719480960 5
1073741888 68719489024 2
1073741888 68719742976 3
1073741888 68736258048 2
1073741888 70866964480 5
1073741888 206158434304 2
1073741824 68719738880 3
1074266112 68719738881 3
1074266112 68719738944 2
1074266112 68719742976 1
1074266112 68720787456 3
1074266112 68736516096 5
1074266112 70867222528 3
1074266112 206158692352 3
1073741824 68736253952 4
1107296256 68736253953 4
1107296256 68736254016 3
1107296256 68736258048 4
1107296256 68736516096 4
1107296256 68803362816 5
1107296256 70883737600 4
1107296256 206175207424 4
1073741824 70866960384 5
5368709120 70866960385 2
5368709120 70866960448 2
5368709120 70866964480 1
5368709120 70867222528 3
5368709120 70883737600 2
5368709120 79456894976 2
5368709120 208305913856 2
1073741824 206158430208 6
275951648768 206158430209 0
275951648768 206158430272 2
275951648768 206158434304 5
275951648768 206158692352 3
275951648768 206175207424 3
275951648768 208305913856 5
275951648768 755914244096 3
0 262144 3
524288 262145 3
1572864 262147 3
3670016 262151 3
3670016 262211 3
3670016 266243 3
3670016 4456451 4
20447232 4456455 0
20447232 4456515 2
20447232 4460547 1
20447232 12845059 2
20447232 38010883 4
20447232 1078198275 5
20447232 68723933187 4
3670016 17039363 3
3670016 1074003971 3
3670016 68719738883 3
1572864 262209 2
1576960 262211 3
3674112 262215 3
3674112 262339 3
3674112 270403 3
3674112 4456515 4
3674112 17039427 3
3674112 1074004035 3
3674112 68719738947 3
1576960 262337 3
3674112 262339 3
3674112 262593 3
3674112 270529 3
3674112 4456641 0
3674112 17039553 3
3674112 1074004161 3
3674112 68719739073 3
1576960 270401 2
1593344 270403 2
1593344 270529 2
1593344 303169 4
1593344 2367553 2
1593344 17047617 3
1593344 1074012225 3
1593344 68719747137 2
1576960 2359361 1
1577088 2359363 4
1577088 2359617 2
1577088 2367553 2
1577088 6553665 2
1577088 19136577 2
1577088 1076101185 2
1577088 68721836097 2
1576960 17039425 2
1585152 17039427 2
1585152 17039553 4
1585152 17055809 1
1585152 19136577 1
1585152 50593857 2
1585152 1090781249 6
1585152 68736516161 5
1576960 1074004033 3
3674112 1074004035 3
3674112 1074004161 3
3674112 1074012225 3
3674112 1078198337 4
3674112 1090781249 3
3674112 3221487681 3
3674112 69793480769 3
1576960 68719738945 5
1075318784 68719738947 4
1075318784 68719739073 3
1075318784 68719747137 0
1075318784 68721836097 4
1075318784 68736516161 2
1075318784 70867222593 4
1075318784 206158692417 0
1572864 266241 1
1572928 266243 3
3670080 266247 3
3670080 266371 3
3670080 274435 3
3670080 4460547 4
3670080 17043459 3
3670080 1074008067 3
3670080 68719742979 3
1572928 266369 2
1581120 266371 2
1581120 266625 1
1581120 282753 3
1581120 2363521 2
1581120 17043585 5
1581120 1074008193 4
1581120 68719743105 3
1572928 274433 3
3670080 274435 3
3670080 274561 3
3670080 290817 3
3670080 4468737 5
3670080 17051649 3
3670080 1074016257 3
3670080 68719751169 3
1572928 2363393 3
5767232 2363395 4
5767232 2363521 4
5767232 2371585 2
5767232 10752001 1
5767232 19140609 5
5767232 1076105217 4
5767232 68721840129 1
1572928 17043457 5
1075314752 17043459 2
1075314752 17043585 4
1075314752 17051649 3
1075314752 19140609 2
1075314752 50597889 2
1075314752 2164527105 2
1075314752 68736520193 4
1572928 1074008065 4
18350144 1074008067 2
18350144 1074008193 2
18350144 1074016257 2
18350144 1076105217 4
18350144 1107562497 2
18350144 3221491713 2
18350144 69793484801 4
1572928 68719742977 3
3670080 68719742979 3
3670080 68719743105 3
3670080 68719751169 3
3670080 68723937281 6
3670080 68736520193 3
3670080 69793484801 3
3670080 206158696449 3
1572864 2359297 2
1576960 2359299 4
18354176 2359303 0
18354176 2359363 1
18354176 2367491 4
18354176 6553603 4
18354176 35913731 4
18354176 1076101123 5
18354176 68721836035 2
1576960 2359361 1
1577088 2359363 3
1577088 2359617 2
1577088 2367553 2
1577088 6553665 2
1577088 19136577 2
1577088 1076101185 2
1577088 68721836097 2
1576960 2367489 2
1593344 2367491 2
1593344 2367553 2
1593344 2400257 4
1593344 6561793 2
1593344 19144705 2
1593344 1076109313 4
1593344 68721844225 2
1576960 6553601 2
1585152 6553603 2
1585152 6553665 1
1585152 6569985 4
1585152 14942209 2
1585152 23330817 4
1585152 1080295425 2
1585152 68726030337 2
1576960 19136513 2
1585152 19136515 2
1585152 19136577 1
1585152 19152897 4
1585152 23330817 2
1585152 52690945 2
1585152 1092878337 6
1585152 68738613249 5
1576960 1076101121 6
68721053696 1076101123 5
68721053696 1076101185 4
68721053696 1076109313 2
68721053696 1080295425 5
68721053696 1092878337 4
68721053696 3223584769 3
68721053696 138515054593 2
1576960 68721836033 2
1585152 68721836035 2
1585152 68721836097 2
1585152 68721852417 4
1585152 68726030337 2
1585152 68738613249 5
1585152 69795577857 4
1585152 206160789505 2
1572864 17039361 5
1075314688 17039363 5
3222798336 17039367 0
3222798336 17039427 2
3222798336 17043459 1
3222798336 19136515 5
3222798336 50593795 4
3222798336 4312006659 3
3222798336 68736516099 5
1075314688 17039425 2
1075318784 17039427 4
1075318784 17039553 3
1075318784 17047617 3
1075318784 19136577 4
1075318784 50593857 3
1075318784 2164523073 1
1075318784 68736516161 4
1075314688 17043457 1
1075314752 17043459 2
1075314752 17043585 2
1075314752 17051649 3
1075314752 19140609 2
1075314752 50597889 2
1075314752 2164527105 2
1075314752 68736520193 4
1075314688 19136513 5
3222798336 19136515 5
3222798336 19136577 2
3222798336 19140609 1
3222798336 23330817 5
3222798336 52690945 5
3222798336 4314103809 4
3222798336 68738613249 5
1075314688 50593793 3
1077411840 50593795 3
1077411840 50593857 3
1077411840 50597889 3
1077411840 54788097 1
1077411840 117702657 3
1077411840 2198077441 3
1077411840 68770070529 3
1075314688 2164523009 3
1077411840 2164523011 3
1077411840 2164523073 3
1077411840 2164527105 3
1077411840 2168717313 1
1077411840 2198077441 3
1077411840 6459490305 3
1077411840 70883999745 3
1075314688 68736516097 0
1075314690 68736516101 3
1075314690 68736516161 2
1075314690 68736520193 1
1075314690 68738613249 2
1075314690 68770070529 4
1075314690 70883999745 3
1075314690 206175469569 3
1572864 1074003969 4
18350080 1074003971 2
18354176 1074003975 0
18354176 1074004035 2
18354176 1074012163 5
18354176 1076101123 5
18354176 1107558403 4
18354176 3221487619 3
18354176 69793480707 3
18350080 1074004033 2
18354176 1074004035 4
18354176 1074004161 3
18354176 1074012225 2
18354176 1076101185 4
18354176 1107558465 0
18354176 3221487681 4
18354176 69793480769 2
18350080 1074008065 1
18350144 1074008067 2
18350144 1074008193 2
18350144 1074016257 3
18350144 1076105217 2
18350144 1107562497 2
18350144 3221491713 2
18350144 69793484801 2
18350080 1076101121 1
18350144 1076101123 5
18350144 1076101249 4
18350144 1076105217 2
18350144 1080295425 1
18350144 1109655553 4
18350144 3223584769 1
18350144 69795577857 2
18350080 1107558401 1
18350144 1107558403 4
18350144 1107558529 3
18350144 1107562497 2
18350144 1109655553 4
18350144 1174667265 3
18350144 3255042049 3
18350144 69827035137 0
18350080 3221487617 3
20447232 3221487619 3
20447232 3221487681 3
20447232 3221491713 3
20447232 3225681921 1
20447232 3255042049 3
20447232 7516454913 3
20447232 71940964353 3
18350080 69793480705 5
2165833728 69793480707 4
2165833728 69793480769 2
2165833728 69793484801 1
2165833728 69795577857 4
2165833728 69827035137 3
2165833728 74088448001 4
2165833728 207232434177 0
1572864 68719738881 3
3670016 68719738883 3
3670016 68719738945 3
3670016 68719742977 3
3670016 68723933185 0
3670272 68723933187 6
3670080 68723933313 6
3670080 68723937281 5
3670080 68732321793 0
3670080 68740710401 5
3670080 69797675009 4
3670080 206162886657 4
3670016 68736516097 3
3670016 69793480705 3
3670016 206158692353 3
524288 262208 2
528384 262209 3
1576960 262211 3
3674112 262215 3
3674112 262339 3
3674112 270403 3
3674112 4456515 4
3674112 17039427 3
3674112 1074004035 3
3674112 68719738947 3
1576960 262337 3
3674112 262339 3
3674112 262593 3
3674112 270529 3
3674112 4456641 0
3674112 17039553 3
3674112 1074004161 3
3674112 68719739073 3
1576960 270401 2
1593344 270403 2
1593344 270529 2
1593344 303169 3
1593344 2367553 2
1593344 17047617 3
1593344 1074012225 3
1593344 68719747137 2
1576960 2359361 1
1577088 2359363 3
1577088 2359617 2
1577088 2367553 2
1577088 6553665 2
1577088 19136577 2
1577088 1076101185 2
1577088 68721836097 2
1576960 17039425 2
1585152 17039427 1
1585152 17039553 3
1585152 17055809 1
1585152 19136577 1
1585152 50593857 0
1585152 1090781249 6
1585152 68736516161 5
1576960 1074004033 2
1585152 1074004035 2
1585152 1074004161 2
1585152 1074020417 4
1585152 1076101185 1
1585152 1090781249 6
1585152 3221487681 2
1585152 69793480769 4
1576960 68719738945 1
1577088 68719738947 2
1577088 68719739201 2
1577088 68719747137 2
1577088 68721836097 2
1577088 68736516161 5
1577088 69793480769 4
1577088 206158692417 2
528384 262336 3
1576960 262337 3
3674112 262339 3
3674112 262593 3
3674112 270529 3
3674112 4456641 6
3674112 17039553 3
3674112 1074004161 3
3674112 68719739073 3
1576960 262592 1
1577472 262593 3
1577472 263616 3
1577472 270784 2
1577472 2359744 4
1577472 17039808 3
1577472 1074004416 3
1577472 68719739328 5
1576960 270528 3
3674112 270529 3
3674112 270784 3
3674112 286912 3
3674112 4464832 2
3674112 17047744 3
3674112 1074012352 3
3674112 68719747264 3
1576960 2359488 0
1576961 2359490 1
1576961 2359744 1
1576961 2367680 2
1576961 6553792 4
1576961 19136704 1
1576961 1076101312 1
1576961 68721836224 4
1576960 17039552 3
3674112 17039553 3
3674112 17039808 3
3674112 17047744 3
3674112 21233856 5
3674112 50593984 3
3674112 1090781376 3
3674112 68736516288 3
1576960 1074004160 3
3674112 1074004161 3
3674112 1074004416 3
3674112 1074012352 3
3674112 1078198464 5
3674112 1090781376 3
3674112 3221487808 3
3674112 69793480896 3
1576960 68719739072 1
1577216 68719739073 3
1577216 68719739584 4
1577216 68719747264 4
1577216 68721836224 0
1577216 68736516288 5
1577216 69793480896 4
1577216 206158692544 4
528384 270400 3
1576960 270401 3
3674112 270403 3
3674112 270529 3
3674112 286785 3
3674112 4464705 2
3674112 17047617 3
3674112 1074012225 3
3674112 68719747137 3
1576960 270528 2
1593344 270529 2
1593344 270784 1
1593344 303296 3
1593344 2367680 2
1593344 17047744 3
1593344 1074012352 3
1593344 68719747264 2
1576960 286784 3
3674112 286785 3
3674112 286912 3
3674112 319552 3
3674112 4481088 2
3674112 17064000 3
3674112 1074028608 3
3674112 68719763520 3
1576960 2367552 2
1593344 2367553 2
1593344 2367680 2
1593344 2400320 4
1593344 6561856 2
1593344 19144768 2
1593344 1076109376 4
1593344 68721844288 2
1576960 17047616 3
3674112 17047617 3
3674112 17047744 3
3674112 17064000 3
3674112 21241920 6
3674112 50602048 3
3674112 1090789440 3
3674112 68736524352 3
1576960 1074012224 6
68721053696 1074012225 5
68721053696 1074012352 3
68721053696 1074028608 3
68721053696 1076109376 2
68721053696 1090789440 5
68721053696 3221495872 3
68721053696 138512965696 3
1576960 68719747136 2
1593344 68719747137 2
1593344 68719747264 2
1593344 68719779904 4
1593344 68721844288 2
1593344 68736524352 5
1593344 69793488960 4
1593344 206158700608 2
528384 1310784 2
536576 1310785 2
552960 1310787 2
552960 1310913 2
552960 1343553 5
552960 3407937 2
552960 18088001 2
552960 1075052609 2
552960 68720787521 2
536576 1310912 2
552960 1310913 2
552960 1311168 2
552960 1343680 6
552960 3408064 2
552960 18088128 2
552960 1075052736 2
552960 68720787648 2
536576 1327168 1
536704 1327169 3
536704 1327424 6
536704 1359936 2
536704 3424320 6
536704 18104384 3
536704 1075068992 6
536704 68720803904 5
536576 3407936 2
552960 3407937 2
552960 3408064 2
552960 3440704 1
552960 7602240 2
552960 20185152 2
552960 1077149760 2
552960 68722884672 2
536576 18088000 1
536704 18088001 3
536704 18088256 3
536704 18104384 3
536704 20185152 3
536704 51642432 0
536704 1091829824 3
536704 68737564736 3
536576 1075052608 1
536704 1075052609 3
536704 1075052864 2
536704 1075068992 6
536704 1077149760 2
536704 1091829824 3
536704 3222536256 2
536704 69794529344 4
536576 68720787520 1
536704 68720787521 3
536704 68720787776 2
536704 68720803904 5
536704 68722884672 2
536704 68737564736 3
536704 69794529344 4
536704 206159740992 0
528384 17039424 3
1576960 17039425 3
3674112 17039427 3
3674112 17039553 3
3674112 17047617 3
3674112 21233729 2
3674112 50593857 3
3674112 1090781249 3
3674112 68736516161 3
1576960 17039552 3
3674112 17039553 3
3674112 17039808 3
3674112 17047744 3
3674112 21233856 1
3674112 50593984 3
3674112 1090781376 3
3674112 68736516288 3
1576960 17047616 2
1593344 17047617 3
1593344 17047744 3
1593344 17080384 1
1593344 19144768 2
1593344 50602048 4
1593344 1090789440 6
1593344 68736524352 5
1576960 19136576 2
1585152 19136577 1
1585152 19136704 2
1585152 19152960 1
1585152 23330880 2
1585152 52691008 2
1585152 1092878400 6
1585152 68738613312 5
1576960 50593856 3
3674112 50593857 3
3674112 50593984 3
3674112 50602048 3
3674112 54788160 4
3674112 117702720 3
3674112 1124335680 3
3674112 68770070592 3
1576960 1090781248 6
68721053696 1090781249 5
68721053696 1090781376 5
68721053696 1090789440 5
68721053696 1092878400 2
68721053696 1124335680 3
68721053696 3238264896 1
68721053696 138529734720 4
1576960 68736516160 5
1075318784 68736516161 2
1075318784 68736516288 4
1075318784 68736524352 3
1075318784 68738613312 2
1075318784 68770070592 3
1075318784 70883999808 4
1075318784 206175469632 4
528384 1074004032 3
1576960 1074004033 4
18354176 1074004035 2
18354176 1074004161 3
18354176 1074012225 3
18354176 1076101185 2
18354176 1107558465 0
18354176 3221487681 3
18354176 69793480769 2
1576960 1074004160 3
3674112 1074004161 3
3674112 1074004416 3
3674112 1074012352 3
3674112 1078198464 5
3674112 1090781376 3
3674112 3221487808 3
3674112 69793480896 3
1576960 1074012224 2
1593344 1074012225 3
1593344 1074012352 3
1593344 1074044992 4
1593344 1076109376 4
1593344 1090789440 6
1593344 3221495872 3
1593344 69793488960 4
1576960 1076101184 4
18354176 1076101185 4
18354176 1076101312 5
18354176 1076109376 2
18354176 1080295488 4
18354176 1109655616 4
18354176 3223584832 1
18354176 69795577920 2
1576960 1090781248 6
68721053696 1090781249 5
68721053696 1090781376 3
68721053696 1090789440 3
68721053696 1092878400 4
68721053696 1124335680 3
68721053696 3238264896 1
68721053696 138529734720 4
1576960 3221487680 3
3674112 3221487681 3
3674112 3221487808 3
3674112 3221495872 3
3674112 3225681984 1
3674112 3238264896 3
3674112 7516454976 3
3674112 71940964416 3
1576960 69793480768 4
18354176 69793480769 4
18354176 69793480896 3
18354176 69793488960 4
18354176 69795577920 2
18354176 69827035200 3
18354176 71940964416 3
18354176 207232434240 2
528384 68719738944 2
536576 68719738945 2
552960 68719738947 2
552960 68719739073 2
552960 68719771713 1
552960 68720787521 2
552960 68736516161 2
552960 69793480769 2
552960 206158692417 2
536576 68719739072 2
552960 68719739073 2
552960 68719739328 2
552960 68719771840 4
552960 68720787648 2
552960 68736516288 2
552960 69793480896 2
552960 206158692544 2
536576 68719755328 1
536704 68719755329 3
536704 68719755584 2
536704 68719788096 5
536704 68720803904 5
536704 68736532544 3
536704 69793497152 4
536704 206158708800 2
536576 68720787520 1
536704 68720787521 3
536704 68720787776 4
536704 68720803904 5
536704 68722884672 2
536704 68737564736 3
536704 69794529344 4
536704 206159740992 2
536576 68736516160 5
1074278400 68736516161 1
1074278400 68736516288 5
1074278400 68736532544 4
1074278400 68737564736 4
1074278400 68770070592 4
1074278400 70883999808 2
1074278400 206175469632 4
536576 69793480768 4
17313792 69793480769 1
17313792 69793480896 4
17313792 69793497152 4
17313792 69794529344 4
17313792 69827035200 2
17313792 71940964416 4
17313792 207232434240 4
536576 206158692416 2
552960 206158692417 2
552960 206158692544 2
552960 206158725184 1
552960 206159740992 2
552960 206175469632 2
552960 207232434240 2
552960 481036599360 2
524288 266240 1
524352 266241 2
532544 266243 3
1581120 266247 0
1581120 266371 2
1581120 282627 3
1581120 2363395 2
1581120 17043459 5
1581120 1074008067 4
1581120 68719742979 4
532544 266369 3
1581120 266371 2
1581120 266625 3
1581120 282753 3
1581120 2363521 2
1581120 17043585 5
1581120 1074008193 4
1581120 68719743105 3
532544 282625 1
532672 282627 1
532672 282881 3
532672 315393 3
532672 1331201 3
532672 17059841 3
532672 1074024449 3
532672 68719759361 3
532544 1314817 5
1074274368 1314819 2
1074274368 1314945 5
1074274368 1331201 3
1074274368 3411969 1
1074274368 18092033 4
1074274368 2148798465 1
1074274368 68720791553 1
532544 17043457 5
1074274368 17043459 4
1074274368 17043585 5
1074274368 17059841 1
1074274368 18092033 4
1074274368 50597889 3
1074274368 2164527105 1
1074274368 68736520193 4
532544 1074008065 4
17309760 1074008067 4
17309760 1074008193 5
17309760 1074024449 1
17309760 1075056641 1
17309760 1107562497 3
17309760 3221491713 1
17309760 69793484801 4
532544 68719742977 2
548928 68719742979 3
548928 68719743105 2
548928 68719775745 1
548928 68720791553 2
548928 68736520193 5
548928 69793484801 4
548928 206158696449 1
524352 266368 3
1572928 266369 2
1581120 266371 2
1581120 266625 1
1581120 282753 3
1581120 2363521 2
1581120 17043585 5
1581120 1074008193 4
1581120 68719743105 3
1572928 266624 3
3670080 266625 3
3670080 267136 3
3670080 274816 3
3670080 4460928 4
3670080 17043840 3
3670080 1074008448 3
3670080 68719743360 3
1572928 274560 3
3670080 274561 3
3670080 274816 3
3670080 290944 3
3670080 4468864 5
3670080 17051776 3
3670080 1074016384 3
3670080 68719751296 3
1572928 2363520 4
18350144 2363521 4
18350144 2363776 1
18350144 2371712 2
18350144 6557824 4
18350144 35917952 2
18350144 1076105344 4
18350144 68721840256 4
1572928 17043584 5
1075314752 17043585 2
1075314752 17043840 2
1075314752 17051776 5
1075314752 19140736 5
1075314752 50598016 3
1075314752 2164527232 4
1075314752 68736520320 4
1572928 1074008192 4
18350144 1074008193 2
18350144 1074008448 3
18350144 1074016384 2
18350144 1076105344 5
18350144 1107562624 3
18350144 3221491840 5
18350144 69793484928 5
1572928 68719743104 3
3670080 68719743105 3
3670080 68719743360 3
3670080 68719751296 3
3670080 68723937408 5
3670080 68736520320 3
3670080 69793484928 3
3670080 206158696576 3
524352 274432 3
1572928 274433 3
3670080 274435 3
3670080 274561 3
3670080 290817 3
3670080 4468737 5
3670080 17051649 3
3670080 1074016257 3
3670080 68719751169 3
1572928 274560 3
3670080 274561 3
3670080 274816 3
3670080 290944 3
3670080 4468864 4
3670080 17051776 3
3670080 1074016384 3
3670080 68719751296 3
1572928 290816 2
1605696 290817 3
1605696 290944 3
1605696 356352 3
1605696 2387968 5
1605696 17068032 5
1605696 1074032640 4
1605696 68719767552 3
1572928 2371584 5
1075314752 2371585 2
1075314752 2371712 2
1075314752 2387968 2
1075314752 6565888 2
1075314752 19148800 4
1075314752 2149855232 2
1075314752 68721848320 2
1572928 17051648 5
1075314752 17051649 5
1075314752 17051776 4
1075314752 17068032 2
1075314752 19148800 4
1075314752 50606080 3
1075314752 2164535296 3
1075314752 68736528384 3
1572928 1074016256 4
18350144 1074016257 3
18350144 1074016384 3
18350144 1074032640 2
18350144 1076113408 2
18350144 1107570688 2
18350144 3221499904 3
18350144 69793492992 3
1572928 68719751168 2
1589312 68719751169 2
1589312 68719751296 3
1589312 68719783936 4
1589312 68721848320 4
1589312 68736528384 5
1589312 69793492992 4
1589312 206158704640 1
524352 1314816 3
2621504 1314817 3
6815808 1314819 5
6815808 1314945 1
6815808 1323009 2
6815808 9703425 0
6815808 18092033 5
6815808 1075056641 4
6815808 68720791553 0
2621504 1314944 1
2621760 1314945 4
2621760 1315456 3
2621760 1323136 1
2621760 5509248 4
2621760 18092160 5
2621760 1075056768 4
2621760 68720791680 3
2621504 1323008 2
2637888 1323009 4
2637888 1323136 4
2637888 1355776 5
2637888 5517312 5
2637888 18100224 5
2637888 1075064832 4
2637888 68720799744 3
2621504 5509120 4
19398720 5509121 4
19398720 5509248 4
19398720 5517312 2
19398720 13897728 1
19398720 39063552 4
19398720 1079250944 4
19398720 68724985856 4
2621504 18092032 5
1076363328 18092033 2
1076363328 18092160 5
1076363328 18100224 2
1076363328 22286336 2
1076363328 51646464 4
1076363328 2165575680 1
1076363328 68737568768 4
2621504 1075056640 4
19398720 1075056641 1
19398720 1075056768 1
19398720 1075064832 2
19398720 1079250944 4
19398720 1108611072 4
19398720 3222540288 5
19398720 69794533376 4
2621504 68720791552 1
2621632 68720791553 4
2621632 68720791808 2
2621632 68720799744 2
2621632 68724985856 1
2621632 68737568768 5
2621632 69794533376 4
2621632 206159745024 1
524352 17043456 5
1074266176 17043457 2
1074274368 17043459 4
1074274368 17043585 3
1074274368 17059841 1
1074274368 18092033 4
1074274368 50597889 3
1074274368 2164527105 1
1074274368 68736520193 4
1074266176 17043584 3
1075314752 17043585 4
1075314752 17043840 2
1075314752 17051776 2
1075314752 19140736 5
1075314752 50598016 3
1075314752 2164527232 4
1075314752 68736520320 4
1074266176 17051648 3
1075314752 17051649 4
1075314752 17051776 2
1075314752 17068032 2
1075314752 19148800 4
1075314752 50606080 3
1075314752 2164535296 3
1075314752 68736528384 4
1074266176 18092032 3
1076363328 18092033 2
1076363328 18092160 5
1076363328 18100224 2
1076363328 22286336 1
1076363328 51646464 4
1076363328 2165575680 1
1076363328 68737568768 4
1074266176 50597888 3
1075314752 50597889 2
1075314752 50598016 3
1075314752 50606080 3
1075314752 52695040 2
1075314752 117706752 4
1075314752 2198081536 3
1075314752 68770074624 2
1074266176 2164527104 1
1074266304 2164527105 2
1074266304 2164527360 2
1074266304 2164535296 3
1074266304 2165575680 3
1074266304 2198081536 1
1074266304 6459494400 4
1074266304 70884003840 4
1074266176 68736520192 4
1107820608 68736520193 2
1107820608 68736520320 5
1107820608 68736528384 3
1107820608 68737568768 2
1107820608 68803629056 2
1107820608 70884003840 3
1107820608 206175473664 2
524352 1074008064 4
17301568 1074008065 3
18350144 1074008067 2
18350144 1074008193 2
18350144 1074016257 3
18350144 1076105217 4
18350144 1107562497 3
18350144 3221491713 2
18350144 69793484801 4
17301568 1074008192 3
18350144 1074008193 2
18350144 1074008448 3
18350144 1074016384 3
18350144 1076105344 5
18350144 1107562624 2
18350144 3221491840 5
18350144 69793484928 2
17301568 1074016256 2
17317952 1074016257 2
17317952 1074016384 3
17317952 1074049024 3
17317952 1075064832 5
17317952 1107570688 3
17317952 3221499904 3
17317952 69793492992 1
17301568 1075056640 3
19398720 1075056641 1
19398720 1075056768 1
19398720 1075064832 2
19398720 1079250944 4
19398720 1108611072 4
19398720 3222540288 5
19398720 69794533376 4
17301568 1107562496 3
18350144 1107562497 2
18350144 1107562624 3
18350144 1107570688 3
18350144 1109659648 2
18350144 1174671360 3
18350144 3255046144 2
18350144 69827039232 2
17301568 3221491712 3
18350144 3221491713 2
18350144 3221491840 3
18350144 3221499904 2
18350144 3223588864 5
18350144 3255046144 5
18350144 7516459008 5
18350144 71940968448 3
17301568 69793484800 4
50856000 69793484801 2
50856000 69793484928 5
50856000 69793492992 2
50856000 69794533376 5
50856000 69860593664 2
50856000 71940968448 4
50856000 207232438272 2
524352 68719742976 3
1572928 68719742977 3
3670080 68719742979 3
3670080 68719743105 3
3670080 68719751169 3
3670080 68723937281 5
3670080 68736520193 3
3670080 69793484801 3
3670080 206158696449 3
1572928 68719743104 3
3670080 68719743105 3
3670080 68719743360 3
3670080 68719751296 3
3670080 68723937408 5
3670080 68736520320 3
3670080 69793484928 3
3670080 206158696576 3
1572928 68719751168 2
1589312 68719751169 2
1589312 68719751296 2
1589312 68719783936 3
1589312 68721848320 4
1589312 68736528384 5
1589312 69793492992 4
1589312 206158704640 1
1572928 68721840128 2
1581120 68721840129 4
1581120 68721840256 2
1581120 68721856512 1
1581120 68726034432 2
1581120 68738617344 5
1581120 69795581952 4
1581120 206160793600 2
1572928 68736520192 5
1075314752 68736520193 4
1075314752 68736520320 4
1075314752 68736528384 3
1075314752 68738617344 4
1075314752 68770074624 3
1075314752 70884003840 2
1075314752 206175473664 4
1572928 69793484800 4
18350144 69793484801 4
18350144 69793484928 3
18350144 69793492992 2
18350144 69795581952 4
18350144 69827039232 1
18350144 71940968448 4
18350144 207232438272 2
1572928 206158696448 3
3670080 206158696449 3
3670080 206158696576 3
3670080 206158704640 3
3670080 206162890752 1
3670080 206175473664 3
3670080 207232438272 3
3670080 481036603392 3
524288 1310720 3
2621440 1310721 5
1076363264 1310723 3
1080557568 1310727 0
1080557568 1310787 2
1080557568 1314819 1
1080557568 9699331 5
1080557568 18087939 4
1080557568 2148794371 5
1080557568 68720787459 5
1076363264 1310785 2
1076367360 1310787 5
1076367360 1310913 5
1076367360 1318977 5
1076367360 5505089 2
1076367360 18088001 2
1076367360 2148794433 5
1076367360 68720787521 2
1076363264 1314817 1
1076363328 1314819 3
1076363328 1314945 1
1076363328 1323009 2
1076363328 5509121 2
1076363328 18092033 2
1076363328 2148798465 1
1076363328 68720791553 2
1076363264 5505025 5
3223846912 5505027 2
3223846912 5505089 2
3223846912 5509121 1
3223846912 13893633 0
3223846912 22282241 5
3223846912 4300472321 2
3223846912 68724981761 6
1076363264 18087937 5
3223846912 18087939 5
3223846912 18088001 2
3223846912 18092033 1
3223846912 22282241 5
3223846912 51642369 4
3223846912 4313055233 4
3223846912 68737564673 2
1076363264 2148794369 5
5371330560 2148794371 3
5371330560 2148794433 2
5371330560 2148798465 1
5371330560 2152988673 5
5371330560 2165571585 3
5371330560 10738728961 3
5371330560 70868271105 2
1076363264 68720787457 2
1076367360 68720787459 5
1076367360 68720787521 3
1076367360 68720795649 6
1076367360 68724981761 2
1076367360 68737564673 2
1076367360 70868271105 2
1076367360 206159740929 2
2621440 1310784 2
2625536 1310785 2
2633728 1310787 2
2633728 1310913 1
2633728 1327169 2
2633728 5505089 4
2633728 18088001 1
2633728 1075052609 4
2633728 68720787521 2
2625536 1310912 1
2625792 1310913 6
2625792 1311424 2
2625792 1319104 6
2625792 5505216 2
2625792 18088128 2
2625792 1075052736 4
2625792 68720787648 5
2625536 1318976 2
2641920 1318977 2
2641920 1319104 2
2641920 1351744 3
2641920 5513280 0
2641920 18096192 2
2641920 1075060800 1
2641920 68720795712 0
2625536 5505088 2
2633728 5505089 1
2633728 5505216 1
2633728 5521472 1
2633728 13893696 2
2633728 22282304 2
2633728 1079246912 2
2633728 68724981824 2
2625536 18088000 2
2633728 18088001 1
2633728 18088128 1
2633728 18104384 2
2633728 22282304 1
2633728 51642432 4
2633728 1091829824 6
2633728 68737564736 5
2625536 1075052608 1
2625664 1075052609 2
2625664 1075052864 2
2625664 1075060800 2
2625664 1079246912 2
2625664 1091829824 6
2625664 3222536256 2
2625664 69794529344 4
2625536 68720787520 2
2633728 68720787521 4
2633728 68720787648 1
2633728 68720803904 2
2633728 68724981824 2
2633728 68737564736 5
2633728 69794529344 4
2633728 206159740992 2
2621440 1314816 4
19398656 1314817 1
19398720 1314819 4
19398720 1314945 1
19398720 1323009 2
19398720 5509121 4
19398720 34869249 0
19398720 1075056641 1
19398720 68720791553 4
19398656 1314880 0
19398657 1314882 2
19398657 1315008 1
19398657 1323072 2
19398657 5509184 1
19398657 34869312 1
19398657 1075056704 1
19398657 68720791616 1
19398656 1323008 2
19415040 1323009 1
19415040 1323072 0
19415040 1355776 4
19415040 5517312 4
19415040 34877440 3
19415040 1075064832 2
19415040 68720799744 1
19398656 5509120 4
52953088 5509121 1
52953088 5509184 0
52953088 5517312 2
52953088 13897728 0
52953088 72617984 2
52953088 1079250944 4
52953088 68724985856 2
19398656 34869248 4
86507520 34869249 1
86507520 34869312 0
86507520 34877440 4
86507520 39063552 1
86507520 169086976 1
86507520 1108611072 4
86507520 68754345984 4
19398656 1075056640 4
52953088 1075056641 1
52953088 1075056704 0
52953088 1075064832 2
52953088 1079250944 5
52953088 1142165504 4
52953088 3222540288 5
52953088 69794533376 5
19398656 68720791552 4
52953088 68720791553 1
52953088 68720791616 0
52953088 68720799744 2
52953088 68724985856 4
52953088 68787900416 2
52953088 69794533376 5
52953088 206159745024 2
2621440 5505024 4
19398656 5505025 1
19398720 5505027 0
19398720 5505153 1
19398720 5509121 4
19398720 13893633 1
19398720 39059457 4
19398720 1079246849 1
19398720 68724981761 4
19398656 5505088 0
19398657 5505090 4
19398657 5505216 1
19398657 5509184 1
19398657 13893696 1
19398657 39059520 4
19398657 1079246912 1
19398657 68724981824 1
19398656 5509120 4
52953088 5509121 1
52953088 5509184 0
52953088 5517312 2
52953088 13897728 0
52953088 72617984 2
52953088 1079250944 5
52953088 68724985856 0
19398656 13893632 4
52953088 13893633 4
52953088 13893696 0
52953088 13897728 0
52953088 81002496 0
52953088 1087635456 4
52953088 68733370368 6
19398656 39059456 4
86507520 39059457 4
86507520 39059520 4
86507520 39063552 1
86507520 47448064 4
86507520 173277184 4
86507520 1112801280 6
86507520 68758536192 4
19398656 1079246848 4
52953088 1079246849 4
52953088 1079246912 4
52953088 1079250944 4
52953088 1087635456 4
52953088 1146355712 5
52953088 3226730496 5
52953088 69798723584 2
19398656 68724981760 4
52953088 68724981761 6
52953088 68724981824 2
52953088 68724985856 0
52953088 68733370368 6
52953088 68792090624 4
52953088 69798723584 2
52953088 206163935232 6
2621440 18087936 5
1076363264 18087937 5
3223846912 18087939 5
3223846912 18088001 2
3223846912 18092033 1
3223846912 22282241 4
3223846912 51642369 4
3223846912 4313055233 4
3223846912 68737564673 2
1076363264 18088000 2
1076367360 18088001 2
1076367360 18088128 1
1076367360 18096192 2
1076367360 22282304 2
1076367360 51642432 4
1076367360 2165571648 5
1076367360 68737564736 1
1076363264 18092032 1
1076363328 18092033 2
1076363328 18092160 5
1076363328 18100224 2
1076363328 22286336 1
1076363328 51646464 4
1076363328 2165575680 1
1076363328 68737568768 4
1076363264 22282240 5
3223846912 22282241 5
3223846912 22282304 2
3223846912 22286336 1
3223846912 30670848 4
3223846912 55836672 4
3223846912 4317249536 4
3223846912 68741758976 2
1076363264 51642368 4
1143472128 51642369 1
1143472128 51642432 2
1143472128 51646464 1
1143472128 55836672 4
1143472128 185860096 2
1143472128 2199126016 4
1143472128 68771119104 2
1076363264 2165571584 5
5371330560 2165571585 2
5371330560 2165571648 2
5371330560 2165575680 1
5371330560 2169765888 2
5371330560 2199126016 5
5371330560 10755506176 3
5371330560 70885048320 3
1076363264 68737564672 2
1076367360 68737564673 2
1076367360 68737564736 5
1076367360 68737572864 2
1076367360 68741758976 2
1076367360 68771119104 4
1076367360 70885048320 3
1076367360 206176518144 2
2621440 1075052544 4
19398656 1075052545 4
52953088 1075052547 4
52953088 1075052609 2
52953088 1075056641 1
52953088 1079246849 4
52953088 1142161409 4
52953088 3222536193 5
52953088 69794529281 2
19398656 1075052608 4
52953088 1075052609 2
52953088 1075052736 4
52953088 1075056704 0
52953088 1079246912 4
52953088 1142161472 4
52953088 3222536256 5
52953088 69794529344 0
19398656 1075056640 4
52953088 1075056641 1
52953088 1075056704 0
52953088 1075064832 2
52953088 1079250944 5
52953088 1142165504 4
52953088 3222540288 5
52953088 69794533376 5
19398656 1079246848 4
52953088 1079246849 4
52953088 1079246912 4
52953088 1079250944 5
52953088 1087635456 4
52953088 1146355712 5
52953088 3226730496 5
52953088 69798723584 2
19398656 1108606976 4
86507520 1108606977 5
86507520 1108607040 6
86507520 1108611072 2
86507520 1112801280 6
86507520 1242824704 5
86507520 3256090624 4
86507520 69828083712 4
19398656 3222536192 5
4314365952 3222536193 1
4314365952 3222536256 1
4314365952 3222540288 4
4314365952 3226730496 4
4314365952 3256090624 5
4314365952 11812470784 4
4314365952 71942012928 0
19398656 69794529280 4
52953088 69794529281 4
52953088 69794529344 2
52953088 69794533376 5
52953088 69798723584 5
52953088 69861638144 4
52953088 71942012928 5
52953088 207233482752 4
2621440 68720787456 4
19398656 68720787457 4
52953088 68720787459 3
52953088 68720787521 2
52953088 68720791553 1
52953088 68724981761 1
52953088 68787896321 6
52953088 69794529281 3
52953088 206159740929 1
19398656 68720787520 0
19398657 68720787522 4
19398657 68720787648 1
19398657 68720791616 1
19398657 68724981824 1
19398657 68754341952 4
19398657 69794529344 1
19398657 206159740992 1
19398656 68720791552 4
52953088 68720791553 1
52953088 68720791616 0
52953088 68720799744 2
52953088 68724985856 2
52953088 68787900416 2
52953088 69794533376 5
52953088 206159745024 4
19398656 68724981760 4
52953088 68724981761 1
52953088 68724981824 2
52953088 68724985856 0
52953088 68733370368 6
52953088 68792090624 4
52953088 69798723584 2
52953088 206163935232 6
19398656 68754341888 4
86507520 68754341889 4
86507520 68754341952 4
86507520 68754345984 4
86507520 68758536192 4
86507520 68888559616 3
86507520 69828083712 4
86507520 206193295360 4
19398656 69794529280 4
52953088 69794529281 4
52953088 69794529344 3
52953088 69794533376 5
52953088 69798723584 5
52953088 69861638144 4
52953088 71942012928 5
52953088 207233482752 4
19398656 206159740928 1
19398720 206159740929 1
19398720 206159741056 1
19398720 206159745024 2
19398720 206163935232 1
19398720 206193295360 4
19398720 207233482752 1
19398720 481037647872 6
524288 17039360 5
1074266112 17039361 3
1075314688 17039363 4
1108869120 17039367 0
1108869120 17039427 2
1108869120 17043459 1
1108869120 19136515 4
1108869120 84148227 5
1108869120 2164523011 3
1108869120 68736516099 5
1075314688 17039425 2
1075318784 17039427 4
1075318784 17039553 1
1075318784 17047617 4
1075318784 19136577 4
1075318784 50593857 3
1075318784 2164523073 1
1075318784 68736516161 4
1075314688 17043457 1
1075314752 17043459 2
1075314752 17043585 4
1075314752 17051649 3
1075314752 19140609 2
1075314752 50597889 2
1075314752 2164527105 2
1075314752 68736520193 2
1075314688 19136513 2
1075318784 19136515 2
1075318784 19136577 4
1075318784 19144705 4
1075318784 23330817 2
1075318784 52690945 4
1075318784 2166620161 2
1075318784 68738613249 4
1075314688 50593793 3
1077411840 50593795 3
1077411840 50593857 3
1077411840 50597889 3
1077411840 54788097 1
1077411840 117702657 3
1077411840 2198077441 3
1077411840 68770070529 3
1075314688 2164523009 3
1077411840 2164523011 3
1077411840 2164523073 3
1077411840 2164527105 3
1077411840 2168717313 1
1077411840 2198077441 3
1077411840 6459490305 3
1077411840 70883999745 3
1075314688 68736516097 3
1077411840 68736516099 3
1077411840 68736516161 3
1077411840 68736520193 3
1077411840 68740710401 0
1077411840 68770070529 3
1077411840 70883999745 3
1077411840 206175469569 3
1074266112 17039424 2
1074270208 17039425 2
1074278400 17039427 4
1074278400 17039553 5
1074278400 17055809 1
1074278400 18088001 1
1074278400 50593857 4
1074278400 2164523073 1
1074278400 68736516161 1
1074270208 17039552 3
1075318784 17039553 2
1075318784 17039808 1
1075318784 17047744 1
1075318784 19136704 1
1075318784 50593984 3
1075318784 2164523200 3
1075318784 68736516288 4
1074270208 17047616 3
1075318784 17047617 5
1075318784 17047744 4
1075318784 17064000 3
1075318784 19144768 4
1075318784 50602048 3
1075318784 2164531264 3
1075318784 68736524352 4
1074270208 18088000 3
1076367360 18088001 2
1076367360 18088128 1
1076367360 18096192 2
1076367360 22282304 2
1076367360 51642432 4
1076367360 2165571648 5
1076367360 68737564736 5
1074270208 50593856 4
1141379072 50593857 5
1141379072 50593984 3
1141379072 50602048 3
1141379072 51642432 3
1141379072 184811584 3
1141379072 2198077504 3
1141379072 68770070592 4
1074270208 2164523072 3
1075318784 2164523073 3
1075318784 2164523200 3
1075318784 2164531264 3
1075318784 2166620224 1
1075318784 2198077504 4
1075318784 6459490368 3
1075318784 70883999808 4
1074270208 68736516160 4
1107824640 68736516161 2
1107824640 68736516288 5
1107824640 68736524352 6
1107824640 68737564736 2
1107824640 68803625024 5
1107824640 70883999808 1
1107824640 206175469632 2
1074266112 17043456 1
1074266176 17043457 2
1074274368 17043459 4
1074274368 17043585 4
1074274368 17059841 1
1074274368 18092033 4
1074274368 50597889 3
1074274368 2164527105 1
1074274368 68736520193 4
1074266176 17043584 4
1107820608 17043585 5
1107820608 17043840 3
1107820608 17051776 3
1107820608 18092160 5
1107820608 84152448 3
1107820608 2164527232 3
1107820608 68736520320 5
1074266176 17051648 3
1075314752 17051649 3
1075314752 17051776 2
1075314752 17068032 2
1075314752 19148800 4
1075314752 50606080 3
1075314752 2164535296 3
1075314752 68736528384 3
1074266176 18092032 3
1076363328 18092033 2
1076363328 18092160 5
1076363328 18100224 2
1076363328 22286336 1
1076363328 51646464 4
1076363328 2165575680 1
1076363328 68737568768 4
1074266176 50597888 3
1075314752 50597889 3
1075314752 50598016 3
1075314752 50606080 3
1075314752 52695040 2
1075314752 117706752 4
1075314752 2198081536 3
1075314752 68770074624 1
1074266176 2164527104 3
1075314752 2164527105 2
1075314752 2164527232 3
1075314752 2164535296 3
1075314752 2166624256 2
1075314752 2198081536 3
1075314752 6459494400 4
1075314752 70884003840 2
1074266176 68736520192 4
1107820608 68736520193 5
1107820608 68736520320 5
1107820608 68736528384 3
1107820608 68737568768 2
1107820608 68803629056 2
1107820608 70884003840 2
1107820608 206175473664 2
1074266112 18087936 3
1076363264 18087937 5
3223846912 18087939 4
3223846912 18088001 2
3223846912 18092033 1
3223846912 22282241 4
3223846912 51642369 4
3223846912 4313055233 4
3223846912 68737564673 2
1076363264 18088000 2
1076367360 18088001 2
1076367360 18088128 1
1076367360 18096192 2
1076367360 22282304 2
1076367360 51642432 4
1076367360 2165571648 5
1076367360 68737564736 5
1076363264 18092032 1
1076363328 18092033 2
1076363328 18092160 5
1076363328 18100224 2
1076363328 22286336 1
1076363328 51646464 4
1076363328 2165575680 1
1076363328 68737568768 4
1076363264 22282240 5
3223846912 22282241 4
3223846912 22282304 2
3223846912 22286336 1
3223846912 30670848 4
3223846912 55836672 4
3223846912 4317249536 4
3223846912 68741758976 2
1076363264 51642368 4
1143472128 51642369 4
1143472128 51642432 2
1143472128 51646464 1
1143472128 55836672 1
1143472128 185860096 1
1143472128 2199126016 2
1143472128 68771119104 4
1076363264 2165571584 5
5371330560 2165571585 2
5371330560 2165571648 2
5371330560 2165575680 1
5371330560 2169765888 2
5371330560 2199126016 5
5371330560 10755506176 3
5371330560 70885048320 2
1076363264 68737564672 4
1109917696 68737564673 4
1109917696 68737564736 2
1109917696 68737568768 1
1109917696 68741758976 1
1109917696 68804673536 1
1109917696 70885048320 1
1109917696 206176518144 1
1074266112 50593792 3
1075314688 50593793 4
1142423552 50593795 5
1142423552 50593857 2
1142423552 50597889 1
1142423552 52690945 2
1142423552 184811521 3
1142423552 2198077441 3
1142423552 68770070529 4
1075314688 50593856 2
1075318784 50593857 3
1075318784 50593984 3
1075318784 50602048 3
1075318784 52691008 4
1075318784 117702720 4
1075318784 2198077504 4
1075318784 68770070592 4
1075314688 50597888 1
1075314752 50597889 2
1075314752 50598016 3
1075314752 50606080 3
1075314752 52695040 2
1075314752 117706752 4
1075314752 2198081536 3
1075314752 68770074624 3
1075314688 52690944 1
1075314752 52690945 4
1075314752 52691072 4
1075314752 52695040 2
1075314752 56885248 4
1075314752 119799808 4
1075314752 2200174592 4
1075314752 68772167680 4
1075314688 117702656 4
1209532416 117702657 3
1209532416 117702720 2
1209532416 117706752 1
1209532416 119799808 1
1209532416 386138112 3
1209532416 2265186304 3
1209532416 68837179392 3
1075314688 2198077440 4
1142423552 2198077441 3
1142423552 2198077504 2
1142423552 2198081536 1
1142423552 2200174592 2
1142423552 2332295168 3
1142423552 6493044736 3
1142423552 70917554176 4
1075314688 68770070528 3
1077411840 68770070529 3
1077411840 68770070592 3
1077411840 68770074624 3
1077411840 68774264832 1
1077411840 68837179392 3
1077411840 70917554176 3
1077411840 206209024000 3
1074266112 2164523008 3
1075314688 2164523009 3
1077411840 2164523011 3
1077411840 2164523073 3
1077411840 2164527105 3
1077411840 2168717313 1
1077411840 2198077441 3
1077411840 6459490305 3
1077411840 70883999745 3
1075314688 2164523072 2
1075318784 2164523073 1
1075318784 2164523200 3
1075318784 2164531264 4
1075318784 2166620224 1
1075318784 2198077504 3
1075318784 6459490368 3
1075318784 70883999808 4
1075314688 2164527104 1
1075314752 2164527105 2
1075314752 2164527232 4
1075314752 2164535296 3
1075314752 2166624256 2
1075314752 2198081536 2
1075314752 6459494400 4
1075314752 70884003840 2
1075314688 2166620160 2
1075318784 2166620161 2
1075318784 2166620224 1
1075318784 2166628352 4
1075318784 2170814464 2
1075318784 2200174592 4
1075318784 6461587456 4
1075318784 70886096896 2
1075314688 2198077440 4
1142423552 2198077441 4
1142423552 2198077504 2
1142423552 2198081536 1
1142423552 2200174592 2
1142423552 2332295168 3
1142423552 6493044736 3
1142423552 70917554176 4
1075314688 6459490304 3
1077411840 6459490305 3
1077411840 6459490368 3
1077411840 6459494400 3
1077411840 6463684608 2
1077411840 6493044736 3
1077411840 15049424896 3
1077411840 75178967040 3
1075314688 70883999744 3
1077411840 70883999745 3
1077411840 70883999808 3
1077411840 70884003840 3
1077411840 70888194048 2
1077411840 70917554176 3
1077411840 75178967040 3
1077411840 208322953216 3
1074266112 68736516096 5
3221749760 68736516097 4
3255304192 68736516099 5
3255304192 68736516161 5
3255304192 68736520193 5
3255304192 68737564673 5
3255304192 68803624961 5
3255304192 73031483393 5
3255304192 206175469569 4
3221749760 68736516160 2
3221753856 68736516161 4
3221753856 68736516288 4
3221753856 68736524352 3
3221753856 68737564736 4
3221753856 68770070592 3
3221753856 73031483456 4
3221753856 206175469632 2
3221749760 68736520192 1
3221749824 68736520193 4
3221749824 68736520320 4
3221749824 68736528384 4
3221749824 68737568768 4
3221749824 68770074624 3
3221749824 73031487488 4
3221749824 206175473664 2
3221749760 68737564672 4
3255304192 68737564673 5
3255304192 68737564736 5
3255304192 68737568768 5
3255304192 68739661824 5
3255304192 68804673536 5
3255304192 73032531968 5
3255304192 206176518144 5
3221749760 68770070528 3
3222798336 68770070529 5
3222798336 68770070592 2
3222798336 68770074624 1
3222798336 68772167680 5
3222798336 68837179392 4
3222798336 73065037824 3
3222798336 206209024000 2
3221749760 73031483392 1
3221749824 73031483393 5
3221749824 73031483520 4
3221749824 73031487488 4
3221749824 73032531968 4
3221749824 73065037824 3
3221749824 81621417984 1
3221749824 210470436864 4
3221749760 206175469568 1
3221749824 206175469569 4
3221749824 206175469696 3
3221749824 206175473664 3
3221749824 206176518144 4
3221749824 206209024000 5
3221749824 210470436864 4
3221749824 481053376512 6
524288 1074003968 4
17301504 1074003969 3
18350080 1074003971 3
20447232 1074003975 3
20447232 1074004035 3
20447232 1074008067 3
20447232 1078198275 4
20447232 1107558403 3
20447232 3221487619 3
20447232 69793480707 3
18350080 1074004033 2
18354176 1074004035 2
18354176 1074004161 3
18354176 1074012225 2
18354176 1076101185 2
18354176 1107558465 0
18354176 3221487681 3
18354176 69793480769 2
18350080 1074008065 1
18350144 1074008067 2
18350144 1074008193 2
18350144 1074016257 3
18350144 1076105217 4
18350144 1107562497 3
18350144 3221491713 2
18350144 69793484801 2
18350080 1076101121 1
18350144 1076101123 5
18350144 1076101249 5
18350144 1076105217 2
18350144 1080295425 4
18350144 1109655553 4
18350144 3223584769 1
18350144 69795577857 2
18350080 1107558401 4
85458944 1107558403 3
85458944 1107558465 2
85458944 1107562497 1
85458944 1109655553 4
85458944 1241776129 2
85458944 3255042049 4
85458944 69827035137 4
18350080 3221487617 3
20447232 3221487619 3
20447232 3221487681 3
20447232 3221491713 3
20447232 3225681921 1
20447232 3255042049 3
20447232 7516454913 3
20447232 71940964353 3
18350080 69793480705 0
18350082 69793480709 6
18350082 69793480769 2
18350082 69793484801 1
18350082 69795577857 0
18350082 69827035137 4
18350082 71940964353 2
18350082 207232434177 4
17301504 1074004032 4
50855936 1074004033 2
50860032 1074004035 2
50860032 1074004161 2
50860032 1074012225 4
50860032 1075052609 2
50860032 1141112897 2
50860032 3221487681 4
50860032 69793480769 5
50855936 1074004160 4
117964800 1074004161 4
117964800 1074004416 4
117964800 1074008256 4
117964800 1075052736 4
117964800 1208221888 5
117964800 3221487808 4
117964800 69793480896 4
50855936 1074008128 0
50855937 1074008130 2
50855937 1074008256 5
50855937 1074016320 2
50855937 1075056704 2
50855937 1141116992 2
50855937 3221491776 1
50855937 69793484864 2
50855936 1075052608 5
2198339584 1075052609 2
2198339584 1075052736 4
2198339584 1075056704 5
2198339584 1077149760 4
2198339584 1142161472 0
2198339584 5370019904 4
2198339584 69794529344 5
50855936 1141112896 3
51904512 1141112897 2
51904512 1141113024 5
51904512 1141116992 0
51904512 1143210048 5
51904512 1275330624 3
51904512 3288596544 3
51904512 69860589632 2
50855936 3221487680 3
51904512 3221487681 2
51904512 3221487808 3
51904512 3221491776 0
51904512 3223584832 4
51904512 3288596544 3
51904512 7516454976 5
51904512 71940964416 4
50855936 69793480768 4
117964800 69793480769 4
117964800 69793480896 4
117964800 69793484864 4
117964800 69794529344 4
117964800 69927698496 2
117964800 71940964416 4
117964800 207232434240 4
17301504 1074008064 3
18350080 1074008065 1
18350144 1074008067 2
18350144 1074008193 2
18350144 1074016257 2
18350144 1076105217 4
18350144 1107562497 2
18350144 3221491713 2
18350144 69793484801 4
18350080 1074008128 0
18350081 1074008130 3
18350081 1074008256 5
18350081 1074016320 3
18350081 1076105280 2
18350081 1107562560 1
18350081 3221491776 3
18350081 69793484864 3
18350080 1074016256 3
20447232 1074016257 3
20447232 1074016320 3
20447232 1074032640 3
20447232 1078210560 2
20447232 1107570688 3
20447232 3221499904 3
20447232 69793492992 3
18350080 1076105216 4
51904512 1076105217 1
51904512 1076105280 0
51904512 1076113408 4
51904512 1080299520 5
51904512 1143214080 5
51904512 3223588864 4
51904512 69795581952 5
18350080 1107562496 4
85458944 1107562497 1
85458944 1107562560 0
85458944 1107570688 2
85458944 1109659648 4
85458944 1241780224 3
85458944 3255046144 3
85458944 69827039232 3
18350080 3221491712 5
4313317376 3221491713 1
4313317376 3221491776 0
4313317376 3221499904 3
4313317376 3223588864 6
4313317376 3255046144 4
4313317376 11811426304 3
4313317376 71940968448 3
18350080 69793484800 4
51904512 69793484801 1
51904512 69793484864 0
51904512 69793492992 6
51904512 69795581952 5
51904512 69860593664 5
51904512 71940968448 2
51904512 207232438272 2
17301504 1075052544 4
50855936 1075052545 5
2198339584 1075052547 4
2198339584 1075052609 2
2198339584 1075056641 5
2198339584 1077149697 4
2198339584 1142161409 1
2198339584 5370019841 6
2198339584 69794529281 5
50855936 1075052608 5
2198339584 1075052609 2
2198339584 1075052736 4
2198339584 1075056704 5
2198339584 1077149760 4
2198339584 1142161472 0
2198339584 5370019904 4
2198339584 69794529344 5
50855936 1075056640 5
2198339584 1075056641 5
2198339584 1075056704 5
2198339584 1075064832 6
2198339584 1077153792 5
2198339584 1142165504 5
2198339584 5370023936 5
2198339584 69794533376 5
50855936 1077149696 4
117964800 1077149697 4
117964800 1077149760 4
117964800 1077153792 4
117964800 1081344000 4
117964800 1211367424 5
117964800 3224633344 4
117964800 69796626432 4
50855936 1142161408 5
2198339584 1142161409 1
2198339584 1142161472 0
2198339584 1142165504 5
2198339584 1144258560 3
2198339584 1276379136 3
2198339584 5437128704 1
2198339584 69861638144 5
50855936 3222536192 4
117964800 3222536193 4
117964800 3222536256 4
117964800 3222540288 4
117964800 3224633344 4
117964800 3356753920 0
117964800 7517503488 4
117964800 71942012928 4
50855936 69794529280 5
2198339584 69794529281 5
2198339584 69794529344 5
2198339584 69794533376 5
2198339584 69796626432 5
2198339584 69861638144 5
2198339584 74089496576 5
2198339584 207233482752 6
17301504 1107558400 3
18350080 1107558401 1
18350144 1107558403 4
18350144 1107558529 4
18350144 1107562497 3
18350144 1109655553 4
18350144 1174667265 3
18350144 3255042049 3
18350144 69827035137 0
18350080 1107558464 4
85458944 1107558465 2
85458944 1107558592 3
85458944 1107562560 0
85458944 1109655616 2
85458944 1241776192 2
85458944 3255042112 3
85458944 69827035200 3
18350080 1107562496 3
20447232 1107562497 3
20447232 1107562560 3
20447232 1107570688 3
20447232 1111756800 4
20447232 1174671360 3
20447232 3255046144 3
20447232 69827039232 3
18350080 1109655552 4
85458944 1109655553 4
85458944 1109655616 2
85458944 1109659648 4
85458944 1113849856 4
85458944 1243873280 2
85458944 3257139200 4
85458944 69829132288 4
18350080 1174667264 3
20447232 1174667265 3
20447232 1174667328 3
20447232 1174671360 3
20447232 1178861568 4
20447232 1308884992 3
20447232 3322150912 3
20447232 69894144000 3
18350080 3255042048 4
85458944 3255042049 4
85458944 3255042112 3
85458944 3255046144 3
85458944 3257139200 4
85458944 3389259776 2
85458944 7550009344 5
85458944 71974518784 4
18350080 69827035136 4
85458944 69827035137 4
85458944 69827035200 3
85458944 69827039232 3
85458944 69829132288 4
85458944 69961252864 3
85458944 71974518784 4
85458944 207265988608 4
17301504 3221487616 3
18350080 3221487617 2
18354176 3221487619 2
18354176 3221487681 3
18354176 3221495809 5
18354176 3223584769 2
18354176 3255042049 4
18354176 7516454913 5
18354176 71940964353 3
18350080 3221487680 3
20447232 3221487681 3
20447232 3221487808 3
20447232 3221491776 3
20447232 3225681984 1
20447232 3255042112 3
20447232 7516454976 3
20447232 71940964416 3
18350080 3221491712 3
20447232 3221491713 3
20447232 3221491776 3
20447232 3221499904 3
20447232 3225686016 5
20447232 3255046144 3
20447232 7516459008 3
20447232 71940968448 3
18350080 3223584768 6
68737826816 3223584769 2
68737826816 3223584832 5
68737826816 3223588864 5
68737826816 3227779072 2
68737826816 3257139200 4
68737826816 7518552064 5
68737826816 140662538240 5
18350080 3255042048 4
85458944 3255042049 4
85458944 3255042112 3
85458944 3255046144 3
85458944 3257139200 4
85458944 3389259776 3
85458944 7550009344 5
85458944 71974518784 4
18350080 7516454912 5
8608284672 7516454913 2
8608284672 7516454976 3
8608284672 7516459008 3
8608284672 7518552064 2
8608284672 7550009344 4
8608284672 24696324096 3
8608284672 76235931648 3
18350080 71940964352 3
20447232 71940964353 3
20447232 71940964416 3
20447232 71940968448 3
20447232 71945158656 0
20447232 71974518784 3
20447232 76235931648 3
20447232 209379917824 3
17301504 69793480704 3
18350080 69793480705 3
20447232 69793480707 3
20447232 69793480769 3
20447232 69793484801 3
20447232 69797675009 4
20447232 69827035137 3
20447232 71940964353 3
20447232 207232434177 3
18350080 69793480768 2
18354176 69793480769 2
18354176 69793480896 3
18354176 69793488960 5
18354176 69795577920 2
18354176 69827035200 2
18354176 71940964416 1
18354176 207232434240 2
18350080 69793484800 3
20447232 69793484801 3
20447232 69793484864 3
20447232 69793492992 3
20447232 69797679104 2
20447232 69827039232 3
20447232 71940968448 3
20447232 207232438272 3
18350080 69795577856 5
2165833728 69795577857 4
2165833728 69795577920 4
2165833728 69795581952 4
2165833728 69799772160 4
2165833728 69829132288 4
2165833728 74090545152 4
2165833728 207234531328 3
18350080 69827035136 4
85458944 69827035137 4
85458944 69827035200 3
85458944 69827039232 3
85458944 69829132288 4
85458944 69961252864 3
85458944 71974518784 4
85458944 207265988608 4
18350080 71940964352 3
20447232 71940964353 3
20447232 71940964416 3
20447232 71940968448 3
20447232 71945158656 0
20447232 71974518784 3
20447232 76235931648 3
20447232 209379917824 3
18350080 207232434176 3
20447232 207232434177 3
20447232 207232434240 3
20447232 207232438272 3
20447232 207236628480 2
20447232 207265988608 3
20447232 209379917824 3
20447232 482110341120 3
524288 68719738880 4
17301504 68719738881 2
17305600 68719738883 4
50860032 68719738887 0
50860032 68719738947 4
50860032 68719747075 4
50860032 68720787459 4
50860032 68786847747 3
50860032 69793480707 5
50860032 206158692355 4
17305600 68719738945 2
17313792 68719738947 4
17313792 68719739073 2
17313792 68719755329 1
17313792 68720787521 1
17313792 68753293377 1
17313792 69793480769 1
17313792 206158692417 1
17305600 68719747073 2
17321984 68719747075 4
17321984 68719747137 3
17321984 68719779841 3
17321984 68720795649 4
17321984 68753301505 3
17321984 69793488897 3
17321984 206158700545 3
17305600 68720787457 4
50860032 68720787459 4
50860032 68720787521 2
50860032 68720795649 2
50860032 68722884609 2
50860032 68787896321 2
50860032 69794529281 5
50860032 206159740929 2
17305600 68753293313 4
84414464 68753293315 3
84414464 68753293377 3
84414464 68753301505 4
84414464 68754341889 2
84414464 68887511041 3
84414464 69827035137 3
84414464 206192246785 3
17305600 69793480705 4
50860032 69793480707 5
50860032 69793480769 5
50860032 69793488897 5
50860032 69794529281 5
50860032 69860589569 5
50860032 71940964353 4
50860032 207232434177 4
17305600 206158692353 2
17313792 206158692355 2
17313792 206158692417 1
17313792 206158708737 4
17313792 206159740929 2
17313792 206192246785 2
17313792 207232434177 4
17313792 481036599297 6
17301504 68719738944 3
18350080 68719738945 2
18354176 68719738947 2
18354176 68719739073 3
18354176 68719747137 2
18354176 68721836097 1
18354176 68753293377 4
18354176 69793480769 2
18354176 206158692417 2
18350080 68719739072 3
20447232 68719739073 3
20447232 68719739328 3
20447232 68719743168 3
20447232 68723933376 4
20447232 68753293504 3
20447232 69793480896 3
20447232 206158692544 3
18350080 68719743040 0
18350081 68719743042 2
18350081 68719743168 3
18350081 68719751232 3
18350081 68721840192 2
18350081 68753297472 0
18350081 69793484864 3
18350081 206158696512 1
18350080 68721836096 0
18350081 68721836098 4
18350081 68721836224 4
18350081 68721840192 2
18350081 68726030400 1
18350081 68755390528 4
18350081 69795577920 2
18350081 206160789568 1
18350080 68753293376 0
18350081 68753293378 0
18350081 68753293504 4
18350081 68753297472 0
18350081 68755390528 4
18350081 68820402240 3
18350081 69827035200 3
18350081 206192246848 3
18350080 69793480768 3
20447232 69793480769 3
20447232 69793480896 3
20447232 69793484864 3
20447232 69797675072 1
20447232 69827035200 3
20447232 71940964416 3
20447232 207232434240 3
18350080 206158692416 3
20447232 206158692417 3
20447232 206158692544 3
20447232 206158696512 3
20447232 206162886720 2
20447232 206192246848 3
20447232 207232434240 3
20447232 481036599360 3
17301504 68719742976 4
50855936 68719742977 1
50856000 68719742979 1
50856000 68719743105 5
50856000 68719751169 4
50856000 68720791553 3
50856000 68786851841 2
50856000 69793484801 5
50856000 206158696449 2
50855936 68719743040 0
50855937 68719743042 1
50855937 68719743168 5
50855937 68719751232 4
50855937 68720791616 2
50855937 68786851904 6
50855937 69793484864 5
50855937 206158696512 1
50855936 68719751168 4
117964800 68719751169 4
117964800 68719751232 4
117964800 68719767552 4
117964800 68720799744 4
117964800 68853968896 3
117964800 69793492992 4
117964800 206158704640 4
50855936 68720791552 2
50864128 68720791553 1
50864128 68720791616 4
50864128 68720807936 4
50864128 68722888704 4
50864128 68787900416 0
50864128 69794533376 4
50864128 206159745024 0
50855936 68786851840 2
50864128 68786851841 1
50864128 68786851904 4
50864128 68786868224 3
50864128 68787900416 0
50864128 68921069568 2
50864128 69860593664 4
50864128 206225805312 3
50855936 69793484800 5
2198339584 69793484801 5
2198339584 69793484864 5
2198339584 69793492992 5
2198339584 69794533376 5
2198339584 69860593664 5
2198339584 74088452096 5
2198339584 207232438272 5
50855936 206158696448 4
117964800 206158696449 4
117964800 206158696512 4
117964800 206158704640 4
117964800 206159745024 4
117964800 206292914176 3
117964800 207232438272 4
117964800 481036603392 4
17301504 68720787456 4
50855936 68720787457 2
50860032 68720787459 2
50860032 68720787521 2
50860032 68720795649 2
50860032 68722884609 2
50860032 68787896321 2
50860032 69794529281 5
50860032 206159740929 2
50855936 68720787520 1
50856064 68720787521 2
50856064 68720787776 1
50856064 68720791616 4
50856064 68722884672 6
50856064 68787896384 4
50856064 69794529344 4
50856064 206159740992 4
50855936 68720791552 4
117964800 68720791553 4
117964800 68720791616 4
117964800 68720799744 4
117964800 68722888704 4
117964800 68855009280 2
117964800 69794533376 4
117964800 206159745024 4
50855936 68722884608 6
137489809408 68722884609 2
137489809408 68722884672 1
137489809408 68722888704 2
137489809408 68727078912 4
137489809408 68789993472 0
137489809408 69796626432 6
137489809408 343600791552 0
50855936 68787896320 4
185073664 68787896321 2
185073664 68787896384 1
185073664 68787900416 2
185073664 68789993472 6
185073664 69056331776 0
185073664 69861638144 5
185073664 206226849792 6
50855936 69794529280 3
52953088 69794529281 5
52953088 69794529344 3
52953088 69794533376 5
52953088 69798723584 2
52953088 69861638144 4
52953088 71942012928 5
52953088 207233482752 4
50855936 206159740928 4
117964800 206159740929 4
117964800 206159740992 4
117964800 206159745024 4
117964800 206161838080 4
117964800 206293958656 0
117964800 207233482752 4
117964800 481037647872 4
17301504 68753293312 3
18350080 68753293313 0
18350082 68753293317 3
18350082 68753293377 2
18350082 68753297409 1
18350082 68755390465 4
18350082 68820402177 3
18350082 69827035137 3
18350082 206192246785 0
18350080 68753293376 0
18350081 68753293378 4
18350081 68753293504 3
18350081 68753297472 0
18350081 68755390528 4
18350081 68820402240 3
18350081 69827035200 0
18350081 206192246848 1
18350080 68753297408 1
18350144 68753297409 3
18350144 68753297536 6
18350144 68753305600 3
18350144 68755394560 2
18350144 68820406272 3
18350144 69827039232 2
18350144 206192250880 2
18350080 68755390464 4
85458944 68755390465 4
85458944 68755390528 2
85458944 68755394560 4
85458944 68759584768 4
85458944 68889608192 2
85458944 69829132288 4
85458944 206194343936 4
18350080 68820402176 3
20447232 68820402177 3
20447232 68820402240 3
20447232 68820406272 3
20447232 68824596480 4
20447232 68954619904 3
20447232 69894144000 3
20447232 206259355648 3
18350080 69827035136 4
85458944 69827035137 4
85458944 69827035200 3
85458944 69827039232 3
85458944 69829132288 4
85458944 69961252864 3
85458944 71974518784 4
85458944 207265988608 4
18350080 206192246784 2
18354176 206192246785 2
18354176 206192246848 3
18354176 206192254976 2
18354176 206194343936 2
18354176 206259355648 3
18354176 207265988608 3
18354176 481070153728 6
17301504 69793480704 3
18350080 69793480705 5
2165833728 69793480707 4
2165833728 69793480769 2
2165833728 69793484801 1
2165833728 69795577857 4
2165833728 69827035137 5
2165833728 74088448001 4
2165833728 207232434177 4
18350080 69793480768 4
51904512 69793480769 2
51904512 69793480896 5
51904512 69793484864 0
51904512 69795577920 2
51904512 69860589632 3
51904512 71940964416 4
51904512 207232434240 1
18350080 69793484800 4
51904512 69793484801 1
51904512 69793484864 0
51904512 69793492992 5
51904512 69795581952 5
51904512 69860593664 5
51904512 71940968448 1
51904512 207232438272 2
18350080 69795577856 5
2165833728 69795577857 4
2165833728 69795577920 4
2165833728 69795581952 4
2165833728 69799772160 4
2165833728 69829132288 4
2165833728 74090545152 4
2165833728 207234531328 5
18350080 69827035136 4
85458944 69827035137 4
85458944 69827035200 3
85458944 69827039232 3
85458944 69829132288 4
85458944 69961252864 3
85458944 71974518784 4
85458944 207265988608 4
18350080 71940964352 3
20447232 71940964353 3
20447232 71940964416 3
20447232 71940968448 3
20447232 71945158656 2
20447232 71974518784 3
20447232 76235931648 3
20447232 209379917824 3
18350080 207232434176 3
20447232 207232434177 3
20447232 207232434240 3
20447232 207232438272 3
20447232 207236628480 2
20447232 207265988608 3
20447232 209379917824 3
20447232 482110341120 3
17301504 206158692352 3
18350080 206158692353 0
18350082 206158692357 3
18350082 206158692417 2
18350082 206158696449 1
18350082 206160789505 2
18350082 206192246785 0
18350082 207232434177 0
18350082 481036599297 6
18350080 206158692416 2
18354176 206158692417 3
18354176 206158692544 3
18354176 206158700608 2
18354176 206160789568 1
18354176 206192246848 3
18354176 207232434240 2
18354176 481036599360 6
18350080 206158696448 3
20447232 206158696449 3
20447232 206158696512 3
20447232 206158704640 3
20447232 206162890752 2
20447232 206192250880 3
20447232 207232438272 3
20447232 481036603392 3
18350080 206160789504 2
18354176 206160789505 4
18354176 206160789568 1
18354176 206160797696 2
18354176 206164983808 4
18354176 206194343936 2
18354176 207234531328 2
18354176 481038696448 6
18350080 206192246784 4
85458944 206192246785 4
85458944 206192246848 3
85458944 206192250880 3
85458944 206194343936 4
85458944 206326464512 2
85458944 207265988608 4
85458944 481070153728 6
18350080 207232434176 3
20447232 207232434177 3
20447232 207232434240 3
20447232 207232438272 3
20447232 207236628480 2
20447232 207265988608 3
20447232 209379917824 3
20447232 482110341120 3
18350080 481036599296 6
549774163968 481036599297 3
549774163968 481036599360 4
549774163968 481036603392 3
549774163968 481038696448 2
549774163968 481070153728 6
549774163968 482110341120 0
549774163968 1580548227072 2
0 16777216 1
64 16777217 5
1073741888 16777219 4
1107296320 16777223 0
1107296328 16777239 0
1107296328 16777351 4
1107296328 16781319 2
1107296328 17039367 3
1107296328 83886087 5
1107296328 2164260871 4
1107296328 68736253959 4
1107296320 16777347 5
3254779968 16777351 0
3254779968 16777603 1
3254779968 16781443 2
3254779968 17039491 5
3254779968 83886211 5
3254779968 4311744643 4
3254779968 68736254083 5
1107296320 16781315 2
1107304512 16781319 0
1107304512 16781443 5
1107304512 16797699 2
1107304512 17043459 3
1107304512 83890179 4
1107304512 2164264963 1
1107304512 68736258051 6
1107296320 17039363 3
1107820608 17039367 0
1107820608 17039491 4
1107820608 17043459 2
1107820608 18087939 5
1107820608 84148227 5
1107820608 2164523011 3
1107820608 68736516099 6
1107296320 83886083 1
1107296448 83886087 0
1107296448 83886339 4
1107296448 83890179 2
1107296448 84148227 4
1107296448 218103811 1
1107296448 2231369731 1
1107296448 68803362819 0
1107296320 2164260867 4
1174405184 2164260871 0
1174405184 2164260995 4
1174405184 2164264963 1
1174405184 2164523011 4
1174405184 2298478595 1
1174405184 6459228163 4
1174405184 70883737603 4
1107296320 68736253955 4
1174405184 68736253959 0
1174405184 68736254083 1
1174405184 68736258051 4
1174405184 68736516099 5
1174405184 68870471683 6
1174405184 70883737603 4
1174405184 206175207427 4
1073741888 16777345 5
3221225536 16777347 4
3254779968 16777351 0
3254779968 16777603 1
3254779968 16781443 2
3254779968 17039491 5
3254779968 83886211 5
3254779968 4311744643 5
3254779968 68736254083 5
3221225536 16777601 5
7516192832 16777603 5
7516192832 16778113 5
7516192832 16781697 5
7516192832 17039745 5
7516192832 50332033 5
7516192832 8606712193 4
7516192832 68736254337 5
3221225536 16781441 5
7516192832 16781443 5
7516192832 16781697 5
7516192832 16789633 5
7516192832 17043585 5
7516192832 50335873 5
7516192832 8606716033 4
7516192832 68736258177 5
3221225536 17039489 3
3221749824 17039491 5
3221749824 17039745 4
3221749824 17043585 4
3221749824 18088065 4
3221749824 50593921 3
3221749824 4312006785 3
3221749824 68736516225 4
3221225536 50331777 4
3288334400 50331779 6
3288334400 50332033 4
3288334400 50335873 3
3288334400 50593921 5
3288334400 184549505 5
3288334400 4345299073 4
3288334400 68769808513 4
3221225536 4311744641 4
3254779968 4311744643 1
3254779968 4311744897 2
3254779968 4311748737 0
3254779968 4312006785 3
3254779968 4378853505 1
3254779968 12901679233 4
3254779968 73031221377 4
3221225536 68736254081 4
3254779968 68736254083 5
3254779968 68736254337 5
3254779968 68736258177 2
3254779968 68736516225 3
3254779968 68803362945 6
3254779968 73031221377 4
3254779968 206175207553 4
1073741888 16781313 4
1107296320 16781315 2
1107304512 16781319 0
1107304512 16781443 5
1107304512 16797699 2
1107304512 17043459 3
1107304512 83890179 4
1107304512 2164264963 1
1107304512 68736258051 3
1107296320 16781441 2
1107304512 16781443 5
1107304512 16781697 5
1107304512 16797825 5
1107304512 17043585 5
1107304512 83890305 5
1107304512 2164265089 2
1107304512 68736258177 5
1107296320 16789505 4
1174405184 16789507 5
1174405184 16789633 2
1174405184 16805889 2
1174405184 17051649 4
1174405184 151007233 2
1174405184 2164273153 2
1174405184 68736266241 0
1107296320 17043457 2
1107304512 17043459 3
1107304512 17043585 5
1107304512 17059841 3
1107304512 17567745 3
1107304512 84152321 3
1107304512 2164527105 3
1107304512 68736520193 3
1107296320 83890177 2
1107304512 83890179 4
1107304512 83890305 5
1107304512 83906561 4
1107304512 84152321 3
1107304512 218107905 2
1107304512 2231373825 1
1107304512 68803366913 4
1107296320 2164264961 4
1174405184 2164264963 4
1174405184 2164265089 4
1174405184 2164273153 2
1174405184 2164527105 1
1174405184 2298482689 2
1174405184 6459232257 4
1174405184 70883741697 4
1107296320 68736258049 2
1107304512 68736258051 6
1107304512 68736258177 5
1107304512 68736274433 2
1107304512 68736520193 3
1107304512 68803366913 4
1107304512 70883741697 1
1107304512 206175211521 3
1073741888 17039361 3
1074266176 17039363 3
1075314752 17039367 0
1075314752 17039491 5
1075314752 17043459 2
1075314752 19136515 4
1075314752 50593795 4
1075314752 2164523011 3
1075314752 68736516099 3
1074266176 17039489 5
3221749824 17039491 3
3221749824 17039745 4
3221749824 17043585 2
3221749824 18088065 4
3221749824 50593921 3
3221749824 4312006785 4
3221749824 68736516225 3
1074266176 17043457 2
1074274368 17043459 4
1074274368 17043585 3
1074274368 17059841 4
1074274368 18092033 4
1074274368 50597889 3
1074274368 2164527105 1
1074274368 68736520193 1
1074266176 18087937 4
1107820608 18087939 5
1107820608 18088065 5
1107820608 18092033 2
1107820608 20185089 5
1107820608 85196801 5
1107820608 2165571585 1
1107820608 68737564673 3
1074266176 50593793 4
1141375040 50593795 3
1141375040 50593921 3
1141375040 50597889 2
1141375040 51642369 3
1141375040 184811521 3
1141375040 2198077441 3
1141375040 68770070529 3
1074266176 2164523009 1
1074266304 2164523011 0
1074266304 2164523265 5
1074266304 2164527105 2
1074266304 2165571585 3
1074266304 2198077441 1
1074266304 6459490305 3
1074266304 70883999745 3
1074266176 68736516097 4
1107820608 68736516099 3
1107820608 68736516225 4
1107820608 68736520193 2
1107820608 68737564673 4
1107820608 68803624961 5
1107820608 70883999745 3
1107820608 206175469569 3
1073741888 50331649 4
1140850752 50331651 4
1275068480 50331655 0
1275068480 50331779 0
1275068480 50335747 2
1275068480 50593795 5
1275068480 318767107 0
1275068480 2197815299 0
1275068480 68769808387 5
1140850752 50331777 4
1275068480 50331779 1
1275068480 50332033 1
1275068480 50335873 2
1275068480 50593921 4
1275068480 318767233 5
1275068480 2197815425 3
1275068480 68769808513 1
1140850752 50335745 5
3288334400 50335747 2
3288334400 50335873 3
3288334400 50343937 5
3288334400 50597889 5
3288334400 184553473 5
3288334400 4345303041 2
3288334400 68769812481 2
1140850752 50593793 4
1275068480 50593795 5
1275068480 50593921 6
1275068480 50597889 5
1275068480 51118081 4
1275068480 319029249 6
1275068480 2198077441 4
1275068480 68770070529 1
1140850752 184549377 2
1140854848 184549379 5
1140854848 184549505 1
1140854848 184557569 1
1140854848 184811521 5
1140854848 452984833 5
1140854848 2332033025 2
1140854848 68904026113 6
1140850752 2197815297 4
1275068480 2197815299 3
1275068480 2197815425 3
1275068480 2197819393 2
1275068480 2198077441 4
1275068480 2466250753 1
1275068480 6492782593 5
1275068480 70917292033 6
1140850752 68769808385 4
1275068480 68769808387 4
1275068480 68769808513 1
1275068480 68769812481 2
1275068480 68770070529 1
1275068480 69038243841 0
1275068480 70917292033 6
1275068480 206208761857 4
1073741888 2164260865 5
5368709184 2164260867 5
13958643776 2164260871 0
13958643776 2164260995 1
13958643776 2164264963 5
13958643776 2164523011 4
13958643776 2197815299 5
13958643776 19344130051 4
13958643776 70883737603 5
5368709184 2164260993 1
5368709440 2164260995 5
5368709440 2164261505 5
5368709440 2164265089 1
5368709440 2164523137 5
5368709440 2197815425 1
5368709440 10754195585 1
5368709440 70883737729 5
5368709184 2164264961 5
13958643776 2164264963 5
13958643776 2164265089 1
13958643776 2164273153 4
13958643776 2164527105 3
13958643776 2197819393 5
13958643776 19344134145 4
13958643776 70883741697 5
5368709184 2164523009 3
5369233472 2164523011 1
5369233472 2164523137 3
5369233472 2164527105 1
5369233472 2165571585 3
5369233472 2198077441 4
5369233472 10754457601 6
5369233472 70883999745 1
5368709184 2197815297 1
5368709312 2197815299 1
5368709312 2197815553 0
5368709312 2197819393 1
5368709312 2198077441 1
5368709312 2264924161 4
5368709312 10787749889 1
5368709312 70917292033 4
5368709184 10754195457 1
5368709312 10754195459 4
5368709312 10754195713 5
5368709312 10754199553 2
5368709312 10754457601 3
5368709312 10787749889 1
5368709312 27934064641 1
5368709312 79473672193 5
5368709184 70883737601 5
13958643776 70883737603 5
13958643776 70883737729 5
13958643776 70883741697 5
13958643776 70883999745 5
13958643776 70917292033 5
13958643776 88063606785 1
13958643776 208322691073 4
1073741888 68736253953 4
1107296320 68736253955 4
1174405184 68736253959 0
1174405184 68736254083 6
1174405184 68736258051 4
1174405184 68736516099 5
1174405184 68870471683 6
1174405184 70883737603 1
1174405184 206175207427 5
1107296320 68736254081 4
1174405184 68736254083 3
1174405184 68736254337 4
1174405184 68736258177 2
1174405184 68736516225 4
1174405184 68870471809 5
1174405184 70883737729 3
1174405184 206175207553 4
1107296320 68736258049 2
1107304512 68736258051 3
1107304512 68736258177 5
1107304512 68736274433 2
1107304512 68736520193 3
1107304512 68803366913 4
1107304512 70883741697 1
1107304512 206175211521 0
1107296320 68736516097 5
3254779968 68736516099 4
3254779968 68736516225 3
3254779968 68736520193 3
3254779968 68737040385 3
3254779968 68803624961 3
3254779968 73031483393 3
3254779968 206175469569 4
1107296320 68803362817 4
1241514048 68803362819 0
1241514048 68803362945 5
1241514048 68803366913 2
1241514048 68803624961 3
1241514048 69071798273 5
1241514048 70950846465 1
1241514048 206242316289 6
1107296320 70883737601 4
1174405184 70883737603 4
1174405184 70883737729 3
1174405184 70883741697 4
1174405184 70883999745 1
1174405184 71017955329 1
1174405184 75178704897 4
1174405184 208322691073 1
1107296320 206175207425 4
1174405184 206175207427 5
1174405184 206175207553 4
1174405184 206175211521 4
1174405184 206175469569 4
1174405184 206309425153 3
1174405184 208322691073 4
1174405184 481053114369 6
64 16777344 4
33554496 16777345 5
1107296320 16777347 4
1174405184 16777351 0
1174405184 16777603 4
1174405184 16781443 2
1174405184 17039491 5
1174405184 150995075 5
1174405184 2164260995 4
1174405184 68736254083 3
1107296320 16777601 5
3254779968 16777603 1
3254779968 16778113 1
3254779968 16781697 5
3254779968 17039745 5
3254779968 83886465 5
3254779968 4311744897 6
3254779968 68736254337 5
1107296320 16781441 5
3254779968 16781443 2
3254779968 16781697 5
3254779968 16789633 2
3254779968 17043585 4
3254779968 83890305 2
3254779968 4311748737 1
3254779968 68736258177 2
1107296320 17039489 3
1107820608 17039491 4
1107820608 17039745 4
1107820608 17043585 3
1107820608 18088065 5
1107820608 84148353 5
1107820608 2164523137 3
1107820608 68736516225 4
1107296320 83886209 5
3254779968 83886211 5
3254779968 83886465 5
3254779968 83890305 2
3254779968 84148353 5
3254779968 218103937 5
3254779968 4378853505 1
3254779968 68803362945 5
1107296320 2164260993 4
1174405184 2164260995 4
1174405184 2164261249 4
1174405184 2164265089 4
1174405184 2164523137 4
1174405184 2298478721 2
1174405184 6459228289 4
1174405184 70883737729 5
1107296320 68736254081 4
1174405184 68736254083 6
1174405184 68736254337 4
1174405184 68736258177 2
1174405184 68736516225 4
1174405184 68870471809 5
1174405184 70883737729 5
1174405184 206175207553 4
33554496 16777600 4
100663360 16777601 4
234881088 16777603 4
234881088 16778113 4
234881088 16781697 4
234881088 17039745 4
234881088 285213057 3
234881088 1090519425 4
234881088 68736254337 4
100663360 16778112 1
100664384 16778113 4
100664384 16780160 3
100664384 16782208 5
100664384 17040256 4
100664384 150995840 2
100664384 1090519936 4
100664384 68736254848 4
100663360 16781696 4
234881088 16781697 4
234881088 16782208 4
234881088 16789888 4
234881088 17043840 4
234881088 285217152 1
234881088 1090523520 4
234881088 68736258432 4
100663360 17039744 4
234881088 17039745 4
234881088 17040256 4
234881088 17043840 4
234881088 17564032 4
234881088 285475200 5
234881088 1090781568 4
234881088 68736516480 4
100663360 150995328 5
1174405184 150995329 5
1174405184 150995840 1
1174405184 150999424 5
1174405184 151257472 5
1174405184 419430784 5
1174405184 2298478976 1
1174405184 68870472064 5
100663360 1090519424 4
234881088 1090519425 4
234881088 1090519936 4
234881088 1090523520 4
234881088 1090781568 4
234881088 1358954880 3
234881088 3238003072 4
234881088 69809996160 4
100663360 68736254336 4
234881088 68736254337 4
234881088 68736254848 4
234881088 68736258432 4
234881088 68736516480 4
234881088 69004689792 5
234881088 69809996160 4
234881088 206175207808 4
33554496 16781440 4
100663360 16781441 4
234881088 16781443 4
234881088 16781697 4
234881088 16789633 4
234881088 17043585 4
234881088 285216897 2
234881088 1090523265 4
234881088 68736258177 4
100663360 16781696 4
234881088 16781697 4
234881088 16782208 4
234881088 16789888 4
234881088 17043840 4
234881088 285217152 1
234881088 1090523520 4
234881088 68736258432 4
100663360 16789632 4
234881088 16789633 4
234881088 16789888 4
234881088 16806016 4
234881088 17051776 4
234881088 285225088 5
234881088 1090531456 4
234881088 68736266368 4
100663360 17043584 5
1174405184 17043585 5
1174405184 17043840 5
1174405184 17051776 5
1174405184 17567872 4
1174405184 151261312 5
1174405184 2164527232 4
1174405184 68736520320 3
100663360 150999168 1
100663616 150999169 3
100663616 150999680 3
100663616 151007360 3
100663616 151261312 5
100663616 419434624 3
100663616 1224740992 3
100663616 68870475904 3
100663360 1090523264 3
100925504 1090523265 5
100925504 1090523520 3
100925504 1090531456 4
100925504 1091047552 4
100925504 1224740992 3
100925504 3238006912 4
100925504 69810000000 3
100663360 68736258176 4
234881088 68736258177 4
234881088 68736258432 4
234881088 68736266368 4
234881088 68736520320 4
234881088 69004693632 3
234881088 69810000000 4
234881088 206175211648 4
33554496 17039488 5
1107296320 17039489 3
1107820608 17039491 4
1107820608 17039745 4
1107820608 17043585 5
1107820608 18088065 5
1107820608 84148353 5
1107820608 2164523137 3
1107820608 68736516225 5
1107296320 17039744 3
1107820608 17039745 4
1107820608 17040256 1
1107820608 17043840 3
1107820608 18088320 5
1107820608 84148608 5
1107820608 2164523392 3
1107820608 68736516480 3
1107296320 17043584 3
1107820608 17043585 2
1107820608 17043840 5
1107820608 17051776 3
1107820608 18092160 5
1107820608 84152448 3
1107820608 2164527232 3
1107820608 68736520320 5
1107296320 17563776 3
1108344896 17563777 3
1108344896 17564032 1
1108344896 17567872 2
1108344896 19660928 0
1108344896 84672640 4
1108344896 2165047424 4
1108344896 68737040512 4
1107296320 84148352 5
3254779968 84148353 5
3254779968 84148608 3
3254779968 84152448 3
3254779968 84672640 3
3254779968 218366080 3
3254779968 4379115648 3
3254779968 68803625088 3
1107296320 2164523136 4
1174405184 2164523137 4
1174405184 2164523392 4
1174405184 2164527232 4
1174405184 2165047424 4
1174405184 2298740864 3
1174405184 6459490432 4
1174405184 70883999872 4
1107296320 68736516224 3
1107820608 68736516225 4
1107820608 68736516480 3
1107820608 68736520320 5
1107820608 68737564800 5
1107820608 68803625088 5
1107820608 70883999872 3
1107820608 206175469696 3
33554496 83886208 4
167772224 83886209 3
168034368 83886211 1
168034368 83886465 0
168034368 83890305 2
168034368 84410497 3
168034368 352321665 1
168034368 1157628033 3
168034368 68803362945 3
167772224 83886464 3
168034368 83886465 0
168034368 83886976 1
168034368 83890560 6
168034368 84410752 3
168034368 352321920 5
168034368 1157628288 3
168034368 68803363200 1
167772224 83890304 1
167772480 83890305 1
167772480 83890816 3
167772480 83898496 2
167772480 84152448 5
167772480 352325760 1
167772480 1157632128 3
167772480 68803367040 3
167772224 84148352 6
68887248960 84148353 3
68887248960 84148608 2
68887248960 84152448 5
68887248960 84672640 3
68887248960 352583808 2
68887248960 1157890176 2
68887248960 137523101824 6
167772224 352321664 2
167776320 352321665 0
167776320 352321920 5
167776320 352329856 2
167776320 352583808 6
167776320 889192576 2
167776320 1426063488 3
167776320 69071798400 3
167772224 1157628032 3
168034368 1157628033 3
168034368 1157628288 3
168034368 1157632128 2
168034368 1158152320 3
168034368 1426063488 3
168034368 3305111680 5
168034368 69877104768 5
167772224 68803362944 3
168034368 68803362945 3
168034368 68803363200 6
168034368 68803367040 2
168034368 68803887232 3
168034368 69071798400 1
168034368 69877104768 5
168034368 206242316416 2
33554496 1090519168 3
33816640 1090519169 3
34340928 1090519171 3
34340928 1090519425 3
34340928 1090523265 3
34340928 1091567745 5
34340928 1157628033 5
34340928 3238002817 3
34340928 69809995905 5
33816640 1090519424 3
34340928 1090519425 3
34340928 1090519936 1
34340928 1090523520 5
34340928 1091568000 5
34340928 1157628288 3
34340928 3238003072 3
34340928 69809996160 2
33816640 1090523264 4
100925504 1090523265 4
100925504 1090523520 4
100925504 1090531456 4
100925504 1091047552 4
100925504 1224740992 3
100925504 3238006912 4
100925504 69810000000 5
33816640 1091043456 3
34865216 1091043457 3
34865216 1091043712 4
34865216 1091047552 4
34865216 1093140608 4
34865216 1158152320 4
34865216 3238527104 5
34865216 69810520192 4
33816640 1157628032 4
168034368 1157628033 3
168034368 1157628288 3
168034368 1157632128 2
168034368 1158152320 3
168034368 1426063488 3
168034368 3305111680 5
168034368 69877104768 5
33816640 3238002816 4
100925504 3238002817 4
100925504 3238003072 4
100925504 3238006912 4
100925504 3238527104 4
100925504 3372220544 5
100925504 7532970112 5
100925504 71957479552 4
33816640 69809995904 3
34340928 69809995905 5
34340928 69809996160 5
34340928 69810000000 5
34340928 69811044480 5
34340928 69877104768 5
34340928 71957479552 3
34340928 207248949376 3
33554496 68736254080 5
1107296320 68736254081 4
1174405184 68736254083 5
1174405184 68736254337 4
1174405184 68736258177 4
1174405184 68736516225 3
1174405184 68870471809 5
1174405184 70883737729 5
1174405184 206175207553 4
1107296320 68736254336 5
3254779968 68736254337 5
3254779968 68736254848 1
3254779968 68736258432 3
3254779968 68736516480 3
3254779968 68803363200 4
3254779968 73031221632 4
3254779968 206175207808 4
1107296320 68736258176 2
1107304512 68736258177 5
1107304512 68736258432 1
1107304512 68736274560 5
1107304512 68736520320 3
1107304512 68803367040 5
1107304512 70883741824 2
1107304512 206175211648 5
1107296320 68736516224 5
3254779968 68736516225 4
3254779968 68736516480 3
3254779968 68736520320 3
3254779968 68737040512 3
3254779968 68803625088 5
3254779968 73031483520 3
3254779968 206175469696 5
1107296320 68803362944 5
3254779968 68803362945 5
3254779968 68803363200 4
3254779968 68803367040 2
3254779968 68803625088 4
3254779968 68937580672 2
3254779968 73098330240 2
3254779968 206242316416 5
1107296320 70883737728 4
1174405184 70883737729 3
1174405184 70883737984 4
1174405184 70883741824 4
1174405184 70883999872 4
1174405184 71017955456 5
1174405184 75178705024 4
1174405184 208322691200 4
1107296320 206175207552 4
1174405184 206175207553 4
1174405184 206175207808 4
1174405184 206175211648 2
1174405184 206175469696 4
1174405184 206309425280 3
1174405184 208322691200 3
1174405184 481053114496 6
64 16781312 3
262208 16781313 3
786496 16781315 2
794688 16781319 0
794688 16781443 3
794688 16797699 4
794688 17829891 4
794688 50335747 3
794688 1090523139 4
794688 68736258051 1
786496 16781441 1
786752 16781443 3
786752 16781953 4
786752 16789633 3
786752 17830017 3
786752 50335873 3
786752 1090523265 3
786752 68736258177 4
786496 16789505 3
1835072 16789507 3
1835072 16789633 3
1835072 16805889 3
1835072 18886657 2
1835072 50343937 3
1835072 1090531329 3
1835072 68736266241 3
786496 17829889 4
34340928 17829891 2
34340928 17830017 3
34340928 17838081 2
34340928 19927041 2
34340928 84938753 2
34340928 1091571713 2
34340928 68737306625 2
786496 50335745 3
1835072 50335747 3
1835072 50335873 3
1835072 50343937 3
1835072 52432897 4
1835072 117444609 3
1835072 1124077569 3
1835072 68769812481 3
786496 1090523137 2
794688 1090523139 4
794688 1090523265 5
794688 1090539521 1
794688 1091571713 4
794688 1124077569 1
794688 3238006785 1
794688 69809999873 4
786496 68736258049 3
1835072 68736258051 3
1835072 68736258177 3
1835072 68736266241 3
1835072 68738355201 2
1835072 68769812481 3
1835072 69809999873 3
1835072 206175211521 3
262208 16781440 4
33816640 16781441 4
100925504 16781443 4
100925504 16781697 4
100925504 16789633 3
100925504 17305729 2
100925504 150999169 1
100925504 1090523265 5
100925504 68736258177 2
33816640 16781696 6
68753293376 16781697 0
68753293376 16782208 1
68753293376 16789888 2
68753293376 17305984 3
68753293376 83890560 4
68753293376 1090523520 4
68753293376 137455735168 5
33816640 16789632 2
33833024 16789633 2
33833024 16789888 2
33833024 16822400 4
33833024 17313920 3
33833024 83898496 3
33833024 1090531456 4
33833024 68736266368 2
33816640 17305728 3
34865216 17305729 2
34865216 17305984 4
34865216 17313920 2
34865216 19402880 4
34865216 84414592 4
34865216 1091047552 4
34865216 68736782464 4
33816640 83890304 4
168034368 83890305 2
168034368 83890560 6
168034368 83898496 2
168034368 84414592 3
168034368 352325760 2
168034368 1157632128 2
168034368 68803367040 3
33816640 1090523264 4
100925504 1090523265 5
100925504 1090523520 4
100925504 1090531456 4
100925504 1091047552 4
100925504 1224740992 3
100925504 3238006912 4
100925504 69810000000 3
33816640 68736258176 4
100925504 68736258177 1
100925504 68736258432 4
100925504 68736266368 1
100925504 68736782464 4
100925504 68870475904 1
100925504 69810000000 3
100925504 206175211648 4
262208 16789504 2
278592 16789505 3
802880 16789507 3
802880 16789633 3
802880 16822273 3
802880 17838081 2
802880 50343937 3
802880 1090531329 2
802880 68736266241 4
278592 16789632 3
802880 16789633 3
802880 16789888 3
802880 16822400 3
802880 17838208 2
802880 50344064 3
802880 1090531456 3
802880 68736266368 3
278592 16822272 4
33833024 16822273 3
33833024 16822400 3
33833024 16887808 4
33833024 17346560 4
33833024 83931136 3
33833024 1090564096 4
33833024 68736299008 4
278592 17313792 1
278720 17313793 1
278720 17314048 2
278720 17346560 1
278720 18362368 3
278720 50868224 1
278720 1091055616 1
278720 68736790528 1
278592 50343936 2
311360 50343937 1
311360 50344064 3
311360 50409472 3
311360 50868224 1
311360 117452800 4
311360 1124085760 1
311360 68769820672 6
278592 1090531328 3
802880 1090531329 2
802880 1090531456 3
802880 1090564096 3
802880 1091579904 2
802880 1124085760 3
802880 3238014976 3
802880 69810008064 1
278592 68736266240 3
802880 68736266241 3
802880 68736266368 3
802880 68736299008 3
802880 68737314816 3
802880 68769820672 3
802880 69810008064 1
802880 206175219712 3
262208 17305600 3
1310784 17305601 2
1318976 17305603 4
1318976 17305729 2
1318976 17321985 3
1318976 19402753 2
1318976 50860033 3
1318976 1091047425 4
1318976 68736782337 4
1310784 17305728 2
1318976 17305729 2
1318976 17305984 2
1318976 17322112 3
1318976 19402880 2
1318976 50860160 3
1318976 1091047552 2
1318976 68736782464 2
1310784 17313792 3
3407936 17313793 4
3407936 17313920 4
3407936 17330176 2
3407936 21508096 1
3407936 50868224 1
3407936 1091055616 4
3407936 68736790528 3
1310784 19402752 2
1318976 19402753 2
1318976 19402880 2
1318976 19419136 4
1318976 23597056 2
1318976 52957184 2
1318976 1093144576 2
1318976 68738879488 2
1310784 50860032 2
1318976 50860033 3
1318976 50860160 3
1318976 50876416 3
1318976 52957184 2
1318976 117968896 3
1318976 1124601856 2
1318976 68770336768 2
1310784 1091047424 3
3407936 1091047425 3
3407936 1091047552 2
3407936 1091055616 4
3407936 1095241728 2
3407936 1124601856 3
3407936 3238531072 4
3407936 69810524160 3
1310784 68736782336 4
34865216 68736782337 2
34865216 68736782464 4
34865216 68736790528 4
34865216 68738879488 4
34865216 68803891200 4
34865216 69810524160 3
34865216 206175735808 4
262208 50335744 4
67371072 50335745 3
67895360 50335747 3
67895360 50335873 3
67895360 50343937 3
67895360 51384321 3
67895360 184553473 3
67895360 1124077569 3
67895360 68769812481 3
67371072 50335872 3
67895360 50335873 3
67895360 50336128 3
67895360 50344064 3
67895360 51384448 3
67895360 184553600 3
67895360 1124077696 3
67895360 68769812608 3
67371072 50343936 3
67895360 50343937 3
67895360 50344064 3
67895360 50360320 2
67895360 51392512 3
67895360 184561664 2
67895360 1124085760 3
67895360 68769820672 3
67371072 50860032 3
68419648 50860033 3
68419648 50860160 2
68419648 50868224 1
68419648 52957184 2
68419648 185077760 3
68419648 1124601856 2
68419648 68770336768 2
67371072 184553472 3
67895360 184553473 3
67895360 184553600 3
67895360 184561664 2
67895360 185602048 3
67895360 452988928 3
67895360 1258295296 3
67895360 68904030208 3
67371072 1124077568 5
2214854720 1124077569 3
2214854720 1124077696 4
2214854720 1124085760 4
2214854720 1124601856 1
2214854720 1258295296 3
2214854720 5419044864 2
2214854720 69843554304 1
67371072 68769812480 3
67895360 68769812481 3
67895360 68769812608 3
67895360 68769820672 3
67895360 68770861056 3
67895360 68904030208 3
67895360 69843554304 3
67895360 206208765952 3
262208 1090523136 3
786496 1090523137 2
794688 1090523139 4
794688 1090523265 5
794688 1090539521 4
794688 1091571713 4
794688 1124077569 3
794688 3238006785 1
794688 69809999873 1
786496 1090523264 3
1835072 1090523265 3
1835072 1090523520 3
1835072 1090531456 3
1835072 1092620416 1
1835072 1124077696 3
1835072 3238006912 3
1835072 69810000000 3
786496 1090531328 3
1835072 1090531329 3
1835072 1090531456 3
1835072 1090547712 3
1835072 1092628480 2
1835072 1124085760 3
1835072 3238014976 3
1835072 69810008064 3
786496 1091571712 3
2883648 1091571713 4
2883648 1091571840 4
2883648 1091579904 2
2883648 1095766016 4
2883648 1125126144 4
2883648 3239055360 1
2883648 69811048448 4
786496 1124077568 3
1835072 1124077569 3
1835072 1124077696 3
1835072 1124085760 3
1835072 1126174720 2
1835072 1191186432 3
1835072 3271561216 3
1835072 69843554304 3
786496 3238006784 3
1835072 3238006785 3
1835072 3238006912 3
1835072 3238014976 3
1835072 3240103936 5
1835072 3271561216 3
1835072 7532974080 3
1835072 71957483520 3
786496 69809999872 3
1835072 69809999873 3
1835072 69810000000 3
1835072 69810008064 3
1835072 69812097024 2
1835072 69843554304 3
1835072 71957483520 3
1835072 207248953344 3
262208 68736258048 4
33816640 68736258049 2
33824832 68736258051 3
33824832 68736258177 2
33824832 68736274433 4
33824832 68736782337 3
33824832 68803366913 3
33824832 69809999873 3
33824832 206175211521 3
33816640 68736258176 1
33816896 68736258177 1
33816896 68736258688 3
33816896 68736266368 1
33816896 68736782464 3
33816896 68803367040 2
33816896 69810000000 3
33816896 206175211648 4
33816640 68736266240 2
33833024 68736266241 0
33833024 68736266368 2
33833024 68736299008 4
33833024 68736790528 3
33833024 68803375104 2
33833024 69810008064 4
33833024 206175219712 3
33816640 68736782336 3
34865216 68736782337 4
34865216 68736782464 4
34865216 68736790528 4
34865216 68738879488 4
34865216 68803891200 4
34865216 69810524160 3
34865216 206175735808 4
33816640 68803366912 3
34340928 68803366913 2
34340928 68803367040 2
34340928 68803375104 2
34340928 68804415488 2
34340928 68937584640 4
34340928 69877108736 5
34340928 206242320384 3
33816640 69809999872 2
33824832 69809999873 3
33824832 69810000000 3
33824832 69810016256 3
33824832 69810524160 3
33824832 69877108736 3
33824832 71957483520 3
33824832 207248953344 3
33816640 206175211520 2
33824832 206175211521 3
33824832 206175211648 2
33824832 206175227904 3
33824832 206175735808 3
33824832 206242320384 3
33824832 207248953344 3
33824832 481053118464 6
64 17039360 5
1073741888 17039361 3
1074266176 17039363 4
1107820608 17039367 0
1107820608 17039491 4
1107820608 17043459 2
1107820608 18087939 5
1107820608 84148227 5
1107820608 2164523011 4
1107820608 68736516099 4
1074266176 17039489 3
1075314752 17039491 5
1075314752 17039745 5
1075314752 17043585 2
1075314752 19136641 4
1075314752 50593921 4
1075314752 2164523137 3
1075314752 68736516225 2
1074266176 17043457 2
1074274368 17043459 4
1074274368 17043585 3
1074274368 17059841 1
1074274368 18092033 4
1074274368 50597889 3
1074274368 2164527105 1
1074274368 68736520193 4
1074266176 18087937 3
1076363328 18087939 4
1076363328 18088065 5
1076363328 18092033 2
1076363328 22282241 4
1076363328 51642369 4
1076363328 2165571585 5
1076363328 68737564673 4
1074266176 50593793 4
1141375040 50593795 3
1141375040 50593921 3
1141375040 50597889 2
1141375040 51642369 3
1141375040 184811521 3
1141375040 2198077441 3
1141375040 68770070529 3
1074266176 2164523009 1
1074266304 2164523011 6
1074266304 2164523265 5
1074266304 2164527105 2
1074266304 2165571585 5
1074266304 2198077441 4
1074266304 6459490305 3
1074266304 70883999745 3
1074266176 68736516097 3
1075314752 68736516099 3
1075314752 68736516225 6
1075314752 68736520193 4
1075314752 68738613249 1
1075314752 68770070529 3
1075314752 70883999745 3
1075314752 206175469569 4
1073741888 17039488 3
1074266176 17039489 3
1075314752 17039491 5
1075314752 17039745 4
1075314752 17043585 4
1075314752 19136641 5
1075314752 50593921 4
1075314752 2164523137 3
1075314752 68736516225 3
1074266176 17039744 5
3221749824 17039745 4
3221749824 17040256 1
3221749824 17043840 2
3221749824 18088320 5
3221749824 50594176 3
3221749824 4312007040 3
3221749824 68736516480 3
1074266176 17043584 5
3221749824 17043585 4
3221749824 17043840 2
3221749824 17051776 5
3221749824 18092160 4
3221749824 50598016 3
3221749824 4312010880 4
3221749824 68736520320 4
1074266176 18088064 3
1076363328 18088065 5
1076363328 18088320 3
1076363328 18092160 5
1076363328 22282368 5
1076363328 51642496 4
1076363328 2165571712 5
1076363328 68737564800 4
1074266176 50593920 3
1075314752 50593921 4
1075314752 50594176 4
1075314752 50598016 3
1075314752 52691072 4
1075314752 117702784 4
1075314752 2198077568 4
1075314752 68770070656 3
1074266176 2164523136 3
1075314752 2164523137 4
1075314752 2164523392 3
1075314752 2164527232 3
1075314752 2166620288 1
1075314752 2198077568 4
1075314752 6459490432 3
1075314752 70883999872 4
1074266176 68736516224 3
1075314752 68736516225 1
1075314752 68736516480 5
1075314752 68736520320 4
1075314752 68738613376 4
1075314752 68770070656 4
1075314752 70883999872 3
1075314752 206175469696 3
1073741888 17043456 3
1074266176 17043457 2
1074274368 17043459 4
1074274368 17043585 5
1074274368 17059841 1
1074274368 18092033 1
1074274368 50597889 3
1074274368 2164527105 1
1074274368 68736520193 1
1074266176 17043584 3
1075314752 17043585 2
1075314752 17043840 2
1075314752 17051776 2
1075314752 19140736 5
1075314752 50598016 3
1075314752 2164527232 2
1075314752 68736520320 4
1074266176 17051648 3
1075314752 17051649 5
1075314752 17051776 4
1075314752 17068032 2
1075314752 19148800 4
1075314752 50606080 3
1075314752 2164535296 3
1075314752 68736528384 4
1074266176 18092032 3
1076363328 18092033 2
1076363328 18092160 5
1076363328 18100224 2
1076363328 22286336 5
1076363328 51646464 4
1076363328 2165575680 1
1076363328 68737568768 4
1074266176 50597888 3
1075314752 50597889 2
1075314752 50598016 3
1075314752 50606080 3
1075314752 52695040 2
1075314752 117706752 4
1075314752 2198081536 1
1075314752 68770074624 2
1074266176 2164527104 2
1074274368 2164527105 1
1074274368 2164527232 3
1074274368 2164543488 1
1074274368 2165575680 1
1074274368 2198081536 3
1074274368 6459494400 1
1074274368 70884003840 1
1074266176 68736520192 4
1107820608 68736520193 5
1107820608 68736520320 5
1107820608 68736528384 3
1107820608 68737568768 5
1107820608 68803629056 2
1107820608 70884003840 1
1107820608 206175473664 2
1073741888 17563648 3
1074790464 17563649 3
1076887616 17563651 3
1076887616 17563777 0
1076887616 17567745 2
1076887616 21757953 4
1076887616 51118081 3
1076887616 2165047297 4
1076887616 68737040385 4
1074790464 17563776 3
1076887616 17563777 0
1076887616 17564032 1
1076887616 17567872 2
1076887616 21758080 4
1076887616 51118208 5
1076887616 2165047424 6
1076887616 68737040512 3
1074790464 17567744 3
1076887616 17567745 2
1076887616 17567872 2
1076887616 17575936 4
1076887616 21762048 2
1076887616 51122176 2
1076887616 2165051392 4
1076887616 68737044480 4
1074790464 19660800 3
1078984768 19660801 1
1078984768 19660928 0
1078984768 19664896 5
1078984768 28049408 4
1078984768 53215232 5
1078984768 2167144448 4
1078984768 68739137536 5
1074790464 51118080 3
1076887616 51118081 3
1076887616 51118208 0
1076887616 51122176 3
1076887616 55312384 4
1076887616 118226944 4
1076887616 2198601728 3
1076887616 68770594816 3
1074790464 2165047296 3
1076887616 2165047297 1
1076887616 2165047424 5
1076887616 2165051392 4
1076887616 2169241600 2
1076887616 2198601728 0
1076887616 6460014592 3
1076887616 70884524032 4
1074790464 68737040384 3
1076887616 68737040385 3
1076887616 68737040512 3
1076887616 68737044480 4
1076887616 68741234688 4
1076887616 68770594816 6
1076887616 70884524032 4
1076887616 206175993856 3
1073741888 50593792 4
1140850752 50593793 4
1275068480 50593795 5
1275068480 50593921 4
1275068480 50597889 4
1275068480 51118081 5
1275068480 319029249 6
1275068480 2198077441 4
1275068480 68770070529 1
1140850752 50593920 4
1275068480 50593921 5
1275068480 50594176 5
1275068480 50598016 2
1275068480 51118208 4
1275068480 319029376 5
1275068480 2198077568 0
1275068480 68770070656 5
1140850752 50597888 3
1141375040 50597889 3
1141375040 50598016 3
1141375040 50606080 2
1141375040 51646464 3
1141375040 184815616 2
1141375040 2198081536 3
1141375040 68770074624 4
1140850752 51118080 3
1141899328 51118081 5
1141899328 51118208 4
1141899328 51122176 2
1141899328 53215232 5
1141899328 185335808 3
1141899328 2198601728 4
1141899328 68770594816 4
1140850752 184811520 3
1141375040 184811521 3
1141375040 184811648 3
1141375040 184815616 3
1141375040 185860096 1
1141375040 453246976 3
1141375040 2332295168 1
1141375040 68904288256 5
1140850752 2198077440 4
1275068480 2198077441 3
1275068480 2198077568 0
1275068480 2198081536 4
1275068480 2198601728 3
1275068480 2466512896 5
1275068480 6493044736 4
1275068480 70917554176 4
1140850752 68770070528 4
1275068480 68770070529 1
1275068480 68770070656 4
1275068480 68770074624 4
1275068480 68770594816 4
1275068480 69038505984 3
1275068480 70917554176 4
1275068480 206209024000 4
1073741888 2164523008 1
1073742016 2164523009 4
1107296448 2164523011 4
1107296448 2164523265 4
1107296448 2164527105 2
1107296448 2165047297 3
1107296448 2231631873 3
1107296448 6459490305 3
1107296448 70883999745 4
1073742016 2164523264 3
1074266304 2164523265 5
1074266304 2164523776 5
1074266304 2164527360 2
1074266304 2165571840 3
1074266304 2198077696 3
1074266304 6459490560 5
1074266304 70884000000 0
1073742016 2164527104 4
1107296448 2164527105 2
1107296448 2164527360 2
1107296448 2164535296 2
1107296448 2165051392 3
1107296448 2231635968 2
1107296448 6459494400 3
1107296448 70884003840 3
1073742016 2165047296 3
1074790592 2165047297 3
1074790592 2165047552 4
1074790592 2165051392 4
1074790592 2167144448 4
1074790592 2198601728 3
1074790592 6460014592 3
1074790592 70884524032 4
1073742016 2198077440 4
1140850880 2198077441 1
1140850880 2198077696 4
1140850880 2198081536 1
1140850880 2198601728 3
1140850880 2332295168 3
1140850880 6493044736 1
1140850880 70917554176 1
1073742016 6459490304 3
1074266304 6459490305 3
1074266304 6459490560 4
1074266304 6459494400 4
1074266304 6460538880 3
1074266304 6493044736 1
1074266304 15049424896 5
1074266304 75178967040 5
1073742016 70883999744 3
1074266304 70883999745 3
1074266304 70884000000 5
1074266304 70884003840 4
1074266304 70885048320 3
1074266304 70917554176 4
1074266304 75178967040 3
1074266304 208322953216 3
1073741888 68736516096 3
1074266176 68736516097 4
1107820608 68736516099 6
1107820608 68736516225 3
1107820608 68736520193 2
1107820608 68737564673 3
1107820608 68803624961 3
1107820608 70883999745 3
1107820608 206175469569 4
1074266176 68736516224 3
1075314752 68736516225 3
1075314752 68736516480 4
1075314752 68736520320 4
1075314752 68738613376 5
1075314752 68770070656 3
1075314752 70883999872 4
1075314752 206175469696 3
1074266176 68736520192 4
1107820608 68736520193 5
1107820608 68736520320 5
1107820608 68736528384 3
1107820608 68737568768 5
1107820608 68803629056 5
1107820608 70884003840 2
1107820608 206175473664 2
1074266176 68737564672 4
1107820608 68737564673 5
1107820608 68737564800 5
1107820608 68737568768 5
1107820608 68739661824 5
1107820608 68804673536 3
1107820608 70885048320 1
1107820608 206176518144 4
1074266176 68770070528 4
1141375040 68770070529 3
1141375040 68770070656 3
1141375040 68770074624 4
1141375040 68771119104 1
1141375040 68904288256 3
1141375040 70917554176 4
1141375040 206209024000 3
1074266176 70883999744 1
1074266304 70883999745 2
1074266304 70884000000 5
1074266304 70884003840 4
1074266304 70885048320 4
1074266304 70917554176 4
1074266304 75178967040 4
1074266304 208322953216 3
1074266176 206175469568 1
1074266304 206175469569 1
1074266304 206175469824 5
1074266304 206175473664 4
1074266304 206176518144 3
1074266304 206209024000 1
1074266304 208322953216 3
1074266304 481053376512 6
64 50331648 4
67108928 50331649 4
201326656 50331651 0
201326660 50331659 5
201326660 50331779 0
201326660 50335747 4
201326660 50593795 4
201326660 318767107 0
201326660 1124073475 3
201326660 68769808387 4
201326656 50331777 5
1275068480 50331779 0
1275068480 50332033 1
1275068480 50335873 4
1275068480 50593921 5
1275068480 318767233 5
1275068480 2197815425 3
1275068480 68769808513 5
201326656 50335745 2
201334848 50335747 4
201334848 50335873 4
201334848 50352129 4
201334848 50597889 5
201334848 318771201 3
201334848 1124077569 3
201334848 68769812481 3
201326656 50593793 4
469762112 50593795 4
469762112 50593921 4
469762112 50597889 4
469762112 51118081 4
469762112 587464705 5
469762112 1124335617 4
469762112 68770070529 4
201326656 318767105 5
1275068480 318767107 5
1275068480 318767233 5
1275068480 318771201 2
1275068480 319029249 5
1275068480 855638017 3
1275068480 2466250753 1
1275068480 69038243841 0
201326656 1124073473 3
201588800 1124073475 4
201588800 1124073601 1
201588800 1124077569 2
201588800 1124597761 4
201588800 1392508929 6
201588800 3271557121 4
201588800 69843550209 6
201326656 68769808385 4
469762112 68769808387 4
469762112 68769808513 4
469762112 68769812481 4
469762112 68770070529 4
469762112 69306679297 0
469762112 69843550209 4
469762112 206208761857 4
67108928 50331776 4
201326656 50331777 5
1275068480 50331779 1
1275068480 50332033 1
1275068480 50335873 4
1275068480 50593921 4
1275068480 318767233 5
1275068480 2197815425 3
1275068480 68769808513 5
201326656 50332032 4
469762112 50332033 4
469762112 50332544 4
469762112 50336128 4
469762112 50594176 4
469762112 587202944 1
469762112 1124073856 4
469762112 68769808768 4
201326656 50335872 4
469762112 50335873 4
469762112 50336128 4
469762112 50344064 4
469762112 50598016 4
469762112 587206784 2
469762112 1124077696 4
469762112 68769812608 4
201326656 50593920 5
1275068480 50593921 5
1275068480 50594176 1
1275068480 50598016 2
1275068480 51118208 4
1275068480 319029376 5
1275068480 2198077568 0
1275068480 68770070656 4
201326656 318767232 5
1275068480 318767233 5
1275068480 318767488 1
1275068480 318771328 2
1275068480 319029376 5
1275068480 855638144 5
1275068480 2466250880 3
1275068480 69038243968 0
201326656 1124073600 3
201588800 1124073601 6
201588800 1124073856 1
201588800 1124077696 4
201588800 1124597888 4
201588800 1392509056 2
201588800 3271557248 1
201588800 69843550336 2
201326656 68769808512 3
201588800 68769808513 4
201588800 68769808768 1
201588800 68769812608 2
201588800 68770332800 4
201588800 69038243968 0
201588800 69843550336 1
201588800 206208761984 4
67108928 50335744 3
67371072 50335745 3
67895360 50335747 3
67895360 50335873 3
67895360 50343937 3
67895360 51384321 3
67895360 184553473 3
67895360 1124077569 3
67895360 68769812481 3
67371072 50335872 3
67895360 50335873 3
67895360 50336128 3
67895360 50344064 3
67895360 51384448 3
67895360 184553600 3
67895360 1124077696 3
67895360 68769812608 3
67371072 50343936 3
67895360 50343937 3
67895360 50344064 3
67895360 50360320 2
67895360 51392512 3
67895360 184561664 2
67895360 1124085760 3
67895360 68769820672 3
67371072 50860032 3
68419648 50860033 3
68419648 50860160 2
68419648 50868224 1
68419648 52957184 2
68419648 185077760 3
68419648 1124601856 2
68419648 68770336768 2
67371072 184553472 3
67895360 184553473 3
67895360 184553600 3
67895360 184561664 3
67895360 185602048 3
67895360 452988928 3
67895360 1258295296 3
67895360 68904030208 3
67371072 1124077568 5
2214854720 1124077569 2
2214854720 1124077696 4
2214854720 1124085760 4
2214854720 1124601856 1
2214854720 1258295296 3
2214854720 5419044864 2
2214854720 69843554304 3
67371072 68769812480 3
67895360 68769812481 3
67895360 68769812608 3
67895360 68769820672 3
67895360 68770861056 1
67895360 68904030208 3
67895360 69843554304 3
67895360 206208765952 3
67108928 50593792 5
1140850752 50593793 4
1275068480 50593795 4
1275068480 50593921 6
1275068480 50597889 4
1275068480 51118081 5
1275068480 319029249 6
1275068480 2198077441 3
1275068480 68770070529 1
1140850752 50593920 4
1275068480 50593921 5
1275068480 50594176 4
1275068480 50598016 4
1275068480 51118208 4
1275068480 319029376 5
1275068480 2198077568 0
1275068480 68770070656 4
1140850752 50597888 3
1141375040 50597889 2
1141375040 50598016 3
1141375040 50606080 2
1141375040 51646464 3
1141375040 184815616 1
1141375040 2198081536 5
1141375040 68770074624 4
1140850752 51118080 3
1141899328 51118081 3
1141899328 51118208 4
1141899328 51122176 2
1141899328 53215232 5
1141899328 185335808 5
1141899328 2198601728 4
1141899328 68770594816 4
1140850752 184811520 3
1141375040 184811521 3
1141375040 184811648 3
1141375040 184815616 3
1141375040 185860096 1
1141375040 453246976 3
1141375040 2332295168 1
1141375040 68904288256 6
1140850752 2198077440 4
1275068480 2198077441 1
1275068480 2198077568 0
1275068480 2198081536 4
1275068480 2198601728 3
1275068480 2466512896 3
1275068480 6493044736 5
1275068480 70917554176 3
1140850752 68770070528 4
1275068480 68770070529 4
1275068480 68770070656 4
1275068480 68770074624 1
1275068480 68770594816 4
1275068480 69038505984 3
1275068480 70917554176 3
1275068480 206209024000 3
67108928 184549376 2
67113024 184549377 5
1140854848 184549379 5
1140854848 184549505 1
1140854848 184557569 1
1140854848 184811521 5
1140854848 452984833 5
1140854848 2332033025 1
1140854848 68904026113 6
67113024 184549504 1
67113280 184549505 5
67113280 184550016 6
67113280 184557696 5
67113280 184811648 3
67113280 452984960 5
67113280 1258291328 3
67113280 68904026240 3
67113024 184557568 2
67129408 184557569 2
67129408 184557696 2
67129408 184590336 5
67129408 184819712 3
67129408 452993024 2
67129408 1258299392 3
67129408 68904034304 1
67113024 184811520 3
67637312 184811521 3
67637312 184811648 3
67637312 184819712 3
67637312 185860096 1
67637312 453246976 3
67637312 1258553344 6
67637312 68904288256 5
67113024 452984832 1
67113152 452984833 6
67113152 452985088 2
67113152 452993024 1
67113152 453246976 1
67113152 989855744 0
67113152 1526726656 3
67113152 69172461568 2
67113024 1258291200 3
67375168 1258291201 3
67375168 1258291328 3
67375168 1258299392 3
67375168 1258815488 3
67375168 1526726656 3
67375168 3405774848 3
67375168 69977767936 3
67113024 68904026112 5
1140854848 68904026113 6
1140854848 68904026240 1
1140854848 68904034304 1
1140854848 68904288256 3
1140854848 69172461568 1
1140854848 71051509760 1
1140854848 206342979584 1
67108928 1124073472 3
67371072 1124073473 4
201588800 1124073475 4
201588800 1124073601 1
201588800 1124077569 4
201588800 1124597761 5
201588800 1392508929 6
201588800 3271557121 4
201588800 69843550209 6
67371072 1124073600 4
201588800 1124073601 4
201588800 1124073856 1
201588800 1124077696 2
201588800 1124597888 3
201588800 1392509056 2
201588800 3271557248 1
201588800 69843550336 1
67371072 1124077568 3
67895360 1124077569 3
67895360 1124077696 3
67895360 1124085760 3
67895360 1125126144 1
67895360 1258295296 3
67895360 3271561216 3
67895360 69843554304 3
67371072 1124597760 3
68419648 1124597761 4
68419648 1124597888 0
68419648 1124601856 2
68419648 1126694912 0
68419648 1258815488 3
68419648 3272081408 4
68419648 69844074496 2
67371072 1258291200 3
67895360 1258291201 3
67895360 1258291328 3
67895360 1258295296 3
67895360 1259339776 1
67895360 1526726656 2
67895360 3405774848 2
67895360 69977767936 3
67371072 3271557120 3
67895360 3271557121 3
67895360 3271557248 5
67895360 3271561216 3
67895360 3272605696 3
67895360 3405774848 3
67895360 7566524416 5
67895360 71991033856 2
67371072 69843550208 3
67895360 69843550209 3
67895360 69843550336 3
67895360 69843554304 3
67895360 69844598784 1
67895360 69977767936 2
67895360 71991033856 2
67895360 207282503680 3
67108928 68769808384 4
201326656 68769808385 0
201326658 68769808389 1
201326658 68769808513 4
201326658 68769812481 2
201326658 68770070529 5
201326658 69038243841 3
201326658 69843550209 3
201326658 206208761857 3
201326656 68769808512 5
1275068480 68769808513 4
1275068480 68769808768 1
1275068480 68769812608 2
1275068480 68770070656 4
1275068480 69038243968 0
1275068480 70917292160 6
1275068480 206208761984 4
201326656 68769812480 4
469762112 68769812481 4
469762112 68769812608 4
469762112 68769820672 4
469762112 68770074624 4
469762112 69306683392 2
469762112 69843554304 4
469762112 206208765952 4
201326656 68770070528 5
1275068480 68770070529 0
1275068480 68770070656 5
1275068480 68770074624 4
1275068480 68770594816 3
1275068480 69038505984 3
1275068480 70917554176 3
1275068480 206209024000 4
201326656 69038243840 3
201588800 69038243841 3
201588800 69038243968 2
201588800 69038247936 1
201588800 69038768128 3
201588800 69575114752 3
201588800 70111985664 3
201588800 206477197312 3
201326656 69843550208 3
201588800 69843550209 4
201588800 69843550336 6
201588800 69843554304 3
201588800 69844074496 4
201588800 70111985664 3
201588800 71991033856 4
201588800 207282503680 4
201326656 206208761856 3
201588800 206208761857 4
201588800 206208761984 6
201588800 206208765952 1
201588800 206209286144 4
201588800 206477197312 1
201588800 207282503680 4
201588800 481086668800 6
64 1090519040 3
262208 1090519041 3
786496 1090519043 3
1835072 1090519047 3
1835072 1090519171 3
1835072 1090523139 3
1835072 1092616195 4
1835072 1124073475 3
1835072 3238002691 3
1835072 69809995779 3
786496 1090519169 3
1835072 1090519171 3
1835072 1090519425 3
1835072 1090523265 3
1835072 1092616321 4
1835072 1124073601 3
1835072 3238002817 3
1835072 69809995905 3
786496 1090523137 2
794688 1090523139 4
794688 1090523265 5
794688 1090539521 1
794688 1091571713 1
794688 1124077569 1
794688 3238006785 1
794688 69809999873 1
786496 1091567617 3
2883648 1091567619 4
2883648 1091567745 1
2883648 1091571713 4
2883648 1095761921 5
2883648 1125122049 4
2883648 3239051265 5
2883648 69811044353 4
786496 1124073473 3
1835072 1124073475 3
1835072 1124073601 3
1835072 1124077569 3
1835072 1126170625 4
1835072 1191182337 3
1835072 3271557121 3
1835072 69843550209 3
786496 3238002689 3
1835072 3238002691 3
1835072 3238002817 3
1835072 3238006785 3
1835072 3240099841 5
1835072 3271557121 3
1835072 7532969985 3
1835072 71957479425 3
786496 69809995777 5
2148270144 69809995779 3
2148270144 69809995905 3
2148270144 69809999873 4
2148270144 69811044353 4
2148270144 69843550209 3
2148270144 74104963073 3
2148270144 207248949249 3
262208 1090519168 5
2147745856 1090519169 3
2148270144 1090519171 3
2148270144 1090519425 5
2148270144 1090523265 2
2148270144 1091567745 4
2148270144 1124073601 3
2148270144 5385486465 3
2148270144 69809995905 4
2147745856 1090519424 3
2148270144 1090519425 5
2148270144 1090519936 1
2148270144 1090523520 4
2148270144 1091568000 4
2148270144 1124073856 3
2148270144 5385486720 2
2148270144 69809996160 0
2147745856 1090523264 4
2181300288 1090523265 2
2181300288 1090523520 4
2181300288 1090531456 2
2181300288 1091047552 4
2181300288 1157632128 3
2181300288 5385490560 3
2181300288 69810000000 3
2147745856 1091043456 3
2148794432 1091043457 3
2148794432 1091043712 1
2148794432 1091047552 3
2148794432 1093140608 0
2148794432 1124597888 0
2148794432 5386010752 3
2148794432 69810520192 5
2147745856 1124073600 4
2214854720 1124073601 5
2214854720 1124073856 6
2214854720 1124077696 6
2214854720 1124597888 4
2214854720 1258291328 2
2214854720 5419040896 4
2214854720 69843550336 4
2147745856 5385486464 3
2148270144 5385486465 3
2148270144 5385486720 2
2148270144 5385490560 4
2148270144 5386535040 4
2148270144 5419040896 3
2148270144 13975421056 2
2148270144 74104963200 4
2147745856 69809995904 3
2148270144 69809995905 3
2148270144 69809996160 0
2148270144 69810000000 4
2148270144 69811044480 2
2148270144 69843550336 2
2148270144 74104963200 4
2148270144 207248949376 0
262208 1090523136 3
786496 1090523137 2
794688 1090523139 4
794688 1090523265 5
794688 1090539521 4
794688 1091571713 4
794688 1124077569 3
794688 3238006785 1
794688 69809999873 4
786496 1090523264 3
1835072 1090523265 3
1835072 1090523520 3
1835072 1090531456 3
1835072 1092620416 1
1835072 1124077696 3
1835072 3238006912 3
1835072 69810000000 3
786496 1090531328 3
1835072 1090531329 3
1835072 1090531456 3
1835072 1090547712 3
1835072 1092628480 2
1835072 1124085760 3
1835072 3238014976 3
1835072 69810008064 3
786496 1091571712 3
2883648 1091571713 4
2883648 1091571840 4
2883648 1091579904 2
2883648 1095766016 4
2883648 1125126144 4
2883648 3239055360 5
2883648 69811048448 4
786496 1124077568 3
1835072 1124077569 3
1835072 1124077696 3
1835072 1124085760 3
1835072 1126174720 4
1835072 1191186432 3
1835072 3271561216 3
1835072 69843554304 3
786496 3238006784 3
1835072 3238006785 3
1835072 3238006912 3
1835072 3238014976 3
1835072 3240103936 5
1835072 3271561216 3
1835072 7532974080 3
1835072 71957483520 3
786496 69809999872 3
1835072 69809999873 3
1835072 69810000000 3
1835072 69810008064 3
1835072 69812097024 2
1835072 69843554304 3
1835072 71957483520 3
1835072 207248953344 3
262208 1091043328 3
1310784 1091043329 3
3407936 1091043331 3
3407936 1091043457 4
3407936 1091047425 2
3407936 1095237633 6
3407936 1124597761 6
3407936 3238526977 6
3407936 69810520065 3
1310784 1091043456 3
3407936 1091043457 4
3407936 1091043712 1
3407936 1091047552 2
3407936 1095237760 4
3407936 1124597888 3
3407936 3238527104 3
3407936 69810520192 3
1310784 1091047424 3
3407936 1091047425 3
3407936 1091047552 2
3407936 1091055616 3
3407936 1095241728 2
3407936 1124601856 2
3407936 3238531072 4
3407936 69810524160 2
1310784 1093140480 6
68720787520 1093140481 1
68720787520 1093140608 0
68720787520 1093144576 2
68720787520 1097334784 0
68720787520 1126694912 6
68720787520 3240624128 3
68720787520 138532093952 3
1310784 1124597760 0
1310785 1124597762 3
1310785 1124597888 3
1310785 1124601856 2
1310785 1126694912 3
1310785 1191706624 3
1310785 3272081408 3
1310785 69844074496 3
1310784 3238526976 0
1310785 3238526978 3
1310785 3238527104 3
1310785 3238531072 3
1310785 3240624128 3
1310785 3272081408 3
1310785 7533494272 3
1310785 71958003712 3
1310784 69810520064 2
1314880 69810520065 3
1314880 69810520192 3
1314880 69810528256 3
1314880 69812617216 3
1314880 69844074496 3
1314880 71958003712 3
1314880 207249473536 3
262208 1124073472 4
67371072 1124073473 3
67895360 1124073475 3
67895360 1124073601 3
67895360 1124077569 3
67895360 1125122049 3
67895360 1258291201 3
67895360 3271557121 3
67895360 69843550209 3
67371072 1124073600 4
201588800 1124073601 1
201588800 1124073856 1
201588800 1124077696 2
201588800 1124597888 3
201588800 1392509056 5
201588800 3271557248 0
201588800 69843550336 2
67371072 1124077568 4
201588800 1124077569 4
201588800 1124077696 4
201588800 1124085760 5
201588800 1124601856 5
201588800 1392513024 2
201588800 3271561216 4
201588800 69843554304 3
67371072 1124597760 3
68419648 1124597761 4
68419648 1124597888 0
68419648 1124601856 2
68419648 1126694912 0
68419648 1258815488 3
68419648 3272081408 4
68419648 69844074496 2
67371072 1258291200 3
67895360 1258291201 3
67895360 1258291328 3
67895360 1258295296 3
67895360 1259339776 1
67895360 1526726656 2
67895360 3405774848 2
67895360 69977767936 2
67371072 3271557120 4
201588800 3271557121 0
201588800 3271557248 1
201588800 3271561216 4
201588800 3272081408 4
201588800 3539992576 3
201588800 7566524416 5
201588800 71991033856 3
67371072 69843550208 4
201588800 69843550209 6
201588800 69843550336 6
201588800 69843554304 3
201588800 69844074496 3
201588800 70111985664 3
201588800 71991033856 3
201588800 207282503680 4
262208 3238002688 3
786496 3238002689 3
1835072 3238002691 3
1835072 3238002817 3
1835072 3238006785 3
1835072 3240099841 5
1835072 3271557121 3
1835072 7532969985 3
1835072 71957479425 3
786496 3238002816 3
1835072 3238002817 3
1835072 3238003072 3
1835072 3238006912 3
1835072 3240099968 5
1835072 3271557248 3
1835072 7532970112 3
1835072 71957479552 3
786496 3238006784 3
1835072 3238006785 3
1835072 3238006912 3
1835072 3238014976 3
1835072 3240103936 1
1835072 3271561216 3
1835072 7532974080 3
1835072 71957483520 3
786496 3239051264 1
786624 3239051265 5
786624 3239051520 2
786624 3239055360 2
786624 3241148416 0
786624 3272605696 1
786624 7534018560 5
786624 71958528000 0
786496 3271557120 2
790592 3271557121 3
790592 3271557248 3
790592 3271565312 3
790592 3272605696 3
790592 3338665984 3
790592 7566524416 3
790592 71991033856 3
786496 7532969984 5
8590721088 7532969985 3
8590721088 7532970112 3
8590721088 7532974080 3
8590721088 7534018560 1
8590721088 7566524416 2
8590721088 24712839168 2
8590721088 76252446720 2
786496 71957479424 2
790592 71957479425 3
790592 71957479552 3
790592 71957487616 3
790592 71958528000 3
790592 71991033856 3
790592 76252446720 3
790592 209396432896 3
262208 69809995776 3
786496 69809995777 5
2148270144 69809995779 4
2148270144 69809995905 3
2148270144 69809999873 4
2148270144 69811044353 4
2148270144 69843550209 3
2148270144 74104963073 3
2148270144 207248949249 3
786496 69809995904 4
34340928 69809995905 5
34340928 69809996160 5
34340928 69810000000 5
34340928 69811044480 0
34340928 69877104768 5
34340928 71957479552 3
34340928 207248949376 3
786496 69809999872 2
794688 69809999873 4
794688 69810000000 5
794688 69810016256 4
794688 69811048448 4
794688 69843554304 3
794688 71957483520 3
794688 207248953344 4
786496 69811044352 4
34340928 69811044353 5
34340928 69811044480 2
34340928 69811048448 2
34340928 69813141504 5
34340928 69878153216 5
34340928 71958528000 3
34340928 207249997824 2
786496 69843550208 2
790592 69843550209 3
790592 69843550336 3
790592 69843558400 3
790592 69844598784 3
790592 69910659072 3
790592 71991033856 3
790592 207282503680 3
786496 71957479424 3
1835072 71957479425 3
1835072 71957479552 3
1835072 71957483520 3
1835072 71959576576 2
1835072 71991033856 3
1835072 76252446720 3
1835072 209396432896 3
786496 207248949248 0
786497 207248949250 3
786497 207248949376 3
786497 207248953344 2
786497 207249997824 3
786497 207282503680 3
786497 209396432896 3
786497 482126856192 3
64 68736253952 4
33554496 68736253953 4
100663360 68736253955 4
234881088 68736253959 4
234881088 68736254083 4
234881088 68736258051 4
234881088 68736516099 4
234881088 69004689411 5
234881088 69809995779 4
234881088 206175207427 4
100663360 68736254081 5
1174405184 68736254083 5
1174405184 68736254337 4
1174405184 68736258177 2
1174405184 68736516225 3
1174405184 68870471809 5
1174405184 70883737729 4
1174405184 206175207553 4
100663360 68736258049 2
100671552 68736258051 4
100671552 68736258177 5
100671552 68736274433 4
100671552 68736520193 5
100671552 68870475777 5
100671552 69809999873 3
100671552 206175211521 4
100663360 68736516097 5
1174405184 68736516099 5
1174405184 68736516225 3
1174405184 68736520193 2
1174405184 68737040385 4
1174405184 68870733825 3
1174405184 70883999745 1
1174405184 206175469569 4
100663360 68870471681 5
1174405184 68870471683 6
1174405184 68870471809 5
1174405184 68870475777 2
1174405184 68870733825 3
1174405184 69138907137 0
1174405184 71017955329 1
1174405184 206309425153 3
100663360 69809995777 3
100925504 69809995779 3
100925504 69809995905 4
100925504 69809999873 2
100925504 69810520065 3
100925504 69944213505 1
100925504 71957479425 4
100925504 207248949249 3
100663360 206175207425 4
234881088 206175207427 4
234881088 206175207553 4
234881088 206175211521 4
234881088 206175469569 4
234881088 206443642881 3
234881088 207248949249 4
234881088 481053114369 4
33554496 68736254080 4
100663360 68736254081 4
234881088 68736254083 4
234881088 68736254337 4
234881088 68736258177 4
234881088 68736516225 4
234881088 69004689537 5
234881088 69809995905 4
234881088 206175207553 4
100663360 68736254336 4
234881088 68736254337 4
234881088 68736254848 4
234881088 68736258432 4
234881088 68736516480 4
234881088 69004689792 1
234881088 69809996160 4
234881088 206175207808 4
100663360 68736258176 1
100663616 68736258177 1
100663616 68736258688 4
100663616 68736266368 2
100663616 68736520320 5
100663616 68870475904 3
100663616 69810000000 3
100663616 206175211648 3
100663360 68736516224 5
1174405184 68736516225 4
1174405184 68736516480 5
1174405184 68736520320 5
1174405184 68737040512 4
1174405184 68870733952 3
1174405184 70883999872 4
1174405184 206175469696 4
100663360 68870471808 5
1174405184 68870471809 5
1174405184 68870472064 5
1174405184 68870475904 2
1174405184 68870733952 3
1174405184 69138907264 5
1174405184 71017955456 5
1174405184 206309425280 3
100663360 69809995904 3
100925504 69809995905 3
100925504 69809996160 5
100925504 69810000000 5
100925504 69810520192 4
100925504 69944213632 3
100925504 71957479552 0
100925504 207248949376 4
100663360 206175207552 4
234881088 206175207553 4
234881088 206175207808 4
234881088 206175211648 4
234881088 206175469696 4
234881088 206443643008 5
234881088 207248949376 4
234881088 481053114496 4
33554496 68736258048 4
100663360 68736258049 2
100671552 68736258051 4
100671552 68736258177 1
100671552 68736274433 4
100671552 68736520193 5
100671552 68870475777 5
100671552 69809999873 3
100671552 206175211521 4
100663360 68736258176 1
100663616 68736258177 1
100663616 68736258688 3
100663616 68736266368 4
100663616 68736520320 5
100663616 68870475904 3
100663616 69810000000 3
100663616 206175211648 2
100663360 68736266240 4
234881088 68736266241 4
234881088 68736266368 4
234881088 68736282624 4
234881088 68736528384 4
234881088 69004701696 3
234881088 69810008064 4
234881088 206175219712 4
100663360 68736520192 5
1174405184 68736520193 2
1174405184 68736520320 3
1174405184 68736528384 2
1174405184 68737044480 4
1174405184 68870737920 3
1174405184 70884003840 1
1174405184 206175473664 4
100663360 68870475776 3
100925504 68870475777 1
100925504 68870475904 1
100925504 68870483968 2
100925504 68871000064 3
100925504 69138911232 1
100925504 69944217600 3
100925504 206309429248 1
100663360 69809999872 3
100925504 69809999873 2
100925504 69810000000 3
100925504 69810008064 2
100925504 69810524160 4
100925504 69944217600 3
100925504 71957483520 4
100925504 207248953344 2
100663360 206175211520 2
100671552 206175211521 4
100671552 206175211648 3
100671552 206175227904 4
100671552 206175473664 5
100671552 206309429248 5
100671552 207248953344 3
100671552 481053118464 6
33554496 68736516096 5
1107296320 68736516097 5
3254779968 68736516099 4
3254779968 68736516225 4
3254779968 68736520193 3
3254779968 68737040385 3
3254779968 68803624961 3
3254779968 73031483393 3
3254779968 206175469569 3
1107296320 68736516224 4
1174405184 68736516225 4
1174405184 68736516480 3
1174405184 68736520320 5
1174405184 68737040512 4
1174405184 68870733952 5
1174405184 70883999872 4
1174405184 206175469696 4
1107296320 68736520192 2
1107304512 68736520193 3
1107304512 68736520320 5
1107304512 68736536576 3
1107304512 68737044480 3
1107304512 68803629056 3
1107304512 70884003840 1
1107304512 206175473664 3
1107296320 68737040384 3
1108344896 68737040385 4
1108344896 68737040512 4
1108344896 68737044480 3
1108344896 68739137536 5
1108344896 68804149248 3
1108344896 70884524032 2
1108344896 206175993856 4
1107296320 68803624960 5
3254779968 68803624961 3
3254779968 68803625088 6
3254779968 68803629056 3
3254779968 68804149248 3
3254779968 68937842688 3
3254779968 73098592256 3
3254779968 206242578432 3
1107296320 70883999744 4
1174405184 70883999745 4
1174405184 70883999872 4
1174405184 70884003840 1
1174405184 70884524032 3
1174405184 71018217472 3
1174405184 75178967040 4
1174405184 208322953216 4
1107296320 206175469568 4
1174405184 206175469569 4
1174405184 206175469696 4
1174405184 206175473664 4
1174405184 206175993856 4
1174405184 206309687296 3
1174405184 208322953216 4
1174405184 481053376512 6
33554496 68803362816 3
33816640 68803362817 3
34340928 68803362819 6
34340928 68803362945 3
34340928 68803366913 2
34340928 68804411393 1
34340928 68937580545 2
34340928 69877104641 5
34340928 206242316289 1
33816640 68803362944 3
34340928 68803362945 1
34340928 68803363200 3
34340928 68803367040 2
34340928 68804411520 1
34340928 68937580672 3
34340928 69877104768 2
34340928 206242316416 2
33816640 68803366912 3
34340928 68803366913 2
34340928 68803367040 2
34340928 68803375104 3
34340928 68804415488 2
34340928 68937584640 2
34340928 69877108736 2
34340928 206242320384 3
33816640 68803887104 3
34865216 68803887105 3
34865216 68803887232 4
34865216 68803891200 4
34865216 68805984256 4
34865216 68938104832 3
34865216 69877628928 0
34865216 206242840576 0
33816640 68937580544 0
33816641 68937580546 3
33816641 68937580672 3
33816641 68937584640 3
33816641 68938104832 3
33816641 69206016000 3
33816641 70011322368 3
33816641 206376534016 3
33816640 69877104640 4
168034368 69877104641 3
168034368 69877104768 5
168034368 69877108736 2
168034368 69877628928 0
168034368 70145540096 0
168034368 72024588288 0
168034368 207316058112 2
33816640 206242316288 0
33816641 206242316290 3
33816641 206242316416 3
33816641 206242320384 2
33816641 206242840576 3
33816641 206376534016 3
33816641 207316058112 3
33816641 481120223232 3
33554496 69809995776 3
33816640 69809995777 3
34340928 69809995779 6
34340928 69809995905 5
34340928 69809999873 5
34340928 69811044353 4
34340928 69877104641 3
34340928 71957479425 3
34340928 207248949249 3
33816640 69809995904 3
34340928 69809995905 6
34340928 69809996160 0
34340928 69810000000 5
34340928 69811044480 0
34340928 69877104768 5
34340928 71957479552 3
34340928 207248949376 3
33816640 69809999872 2
33824832 69809999873 3
33824832 69810000000 3
33824832 69810016256 3
33824832 69810524160 3
33824832 69877108736 3
33824832 71957483520 3
33824832 207248953344 3
33816640 69810520064 3
34865216 69810520065 3
34865216 69810520192 4
34865216 69810524160 3
34865216 69812617216 5
34865216 69877628928 0
34865216 71958003712 0
34865216 207249473536 0
33816640 69877104640 4
168034368 69877104641 3
168034368 69877104768 5
168034368 69877108736 2
168034368 69877628928 0
168034368 70145540096 2
168034368 72024588288 2
168034368 207316058112 2
33816640 71957479424 4
100925504 71957479425 3
100925504 71957479552 4
100925504 71957483520 5
100925504 71958003712 4
100925504 72091697152 5
100925504 76252446720 5
100925504 209396432896 5
33816640 207248949248 3
34340928 207248949249 3
34340928 207248949376 3
34340928 207248953344 2
34340928 207249997824 0
34340928 207316058112 2
34340928 209396432896 3
34340928 482126856192 6
33554496 206175207424 3
33816640 206175207425 4
100925504 206175207427 4
100925504 206175207553 4
100925504 206175211521 2
100925504 206175731713 4
100925504 206309425153 3
100925504 207248949249 3
100925504 481053114369 6
33816640 206175207552 1
33816896 206175207553 4
33816896 206175208064 2
33816896 206175211648 4
33816896 206175731840 3
33816896 206242316416 2
33816896 207248949376 4
33816896 481053114496 6
33816640 206175211520 2
33824832 206175211521 3
33824832 206175211648 4
33824832 206175227904 3
33824832 206175735808 3
33824832 206242320384 3
33824832 207248953344 3
33824832 481053118464 6
33816640 206175731712 3
34865216 206175731713 4
34865216 206175731840 4
34865216 206175735808 4
34865216 206177828864 4
34865216 206242840576 0
34865216 207249473536 0
34865216 481053638656 6
33816640 206242316288 0
33816641 206242316290 3
33816641 206242316416 3
33816641 206242320384 2
33816641 206242840576 3
33816641 206376534016 3
33816641 207316058112 3
33816641 481120223232 3
33816640 207248949248 3
34340928 207248949249 3
34340928 207248949376 2
34340928 207248953344 2
34340928 207249997824 0
34340928 207316058112 0
34340928 209396432896 3
34340928 482126856192 6
33816640 481053114368 6
549789630528 481053114369 4
549789630528 481053114496 3
549789630528 481053118464 5
549789630528 481053638656 3
549789630528 481120223232 0
549789630528 482126856192 3
549789630528 1580564742144 2
0 1073741824 4
16777216 1073741825 5
2164260864 1073741827 5
6459228160 1073741831 0
6459228168 1073741847 5
6459228168 1073741895 3
6459228168 1073745927 4
6459228168 1074003975 3
6459228168 1107296263 4
6459228168 9663676423 4
6459228168 69793218567 3
6459228160 1073741891 5
15049162752 1073741895 5
15049162752 1073742019 5
15049162752 1073745987 5
15049162752 1074004035 5
15049162752 1107296323 5
15049162752 18253611075 3
15049162752 69793218627 5
6459228160 1073745923 3
6459490304 1073745927 0
6459490304 1073745987 5
6459490304 1073754115 5
6459490304 1074270211 5
6459490304 1107300355 5
6459490304 9663680515 3
6459490304 69793222659 4
6459228160 1074003971 3
6459752448 1074003975 0
6459752448 1074004035 2
6459752448 1074008067 1
6459752448 1075052547 5
6459752448 1107558403 4
6459752448 9663938563 4
6459752448 69793480707 4
6459228160 1107296259 5
15049162752 1107296263 5
15049162752 1107296323 5
15049162752 1107300355 5
15049162752 1107558403 5
15049162752 1174405123 5
15049162752 18287165443 4
15049162752 69826772995 5
6459228160 9663676419 4
6492782592 9663676423 0
6492782592 9663676483 4
6492782592 9663680515 4
6492782592 9663938563 4
6492782592 9730785283 4
6492782592 26843545603 4
6492782592 78383153155 4
6459228160 69793218563 2
6459232256 69793218567 0
6459232256 69793218627 2
6459232256 69793226755 3
6459232256 69793480707 3
6459232256 69826772995 5
6459232256 78383153155 4
6459232256 207232172035 1
2164260864 1073741889 2
2164264960 1073741891 4
2197819392 1073741895 0
2197819392 1073742019 1
2197819392 1073750083 2
2197819392 1074004035 3
2197819392 1140850755 2
2197819392 5368709187 6
2197819392 69793218627 4
2164264960 1073742017 4
2197819392 1073742019 1
2197819392 1073742273 1
2197819392 1073750209 1
2197819392 1074004161 2
2197819392 1140850881 4
2197819392 5368709313 1
2197819392 69793218753 4
2164264960 1073750081 2
2164281344 1073750083 4
2164281344 1073750209 4
2164281344 1073782849 4
2164281344 1074012225 4
2164281344 1107304513 2
2164281344 5368717377 4
2164281344 69793226817 4
2164264960 1074004033 3
2164789248 1074004035 4
2164789248 1074004161 4
2164789248 1074012225 3
2164789248 1075052609 5
2164789248 1107558465 3
2164789248 5368971329 4
2164789248 69793480769 4
2164264960 1107296321 4
2231373824 1107296323 0
2231373824 1107296449 2
2231373824 1107304513 4
2231373824 1107558465 3
2231373824 1241514049 2
2231373824 5402263617 5
2231373824 69826773057 2
2164264960 5368709185 5
10754199552 5368709187 2
10754199552 5368709313 5
10754199552 5368717377 2
10754199552 5368971329 3
10754199552 5402263617 4
10754199552 22548578369 1
10754199552 74088185921 0
2164264960 69793218625 4
2197819392 69793218627 4
2197819392 69793218753 4
2197819392 69793226817 4
2197819392 69793480769 3
2197819392 69860327489 5
2197819392 74088185921 0
2197819392 207232172097 4
2164260864 1073745921 2
2164269056 1073745923 2
2164285440 1073745927 0
2164285440 1073745987 3
2164285440 1073778691 5
2164285440 1074008067 1
2164285440 1107300355 2
2164285440 5368713219 2
2164285440 69793222659 3
2164269056 1073745985 3
2164531200 1073745987 3
2164531200 1073746113 3
2164531200 1073762369 4
2164531200 1074270273 5
2164531200 1107300417 4
2164531200 5368713281 3
2164531200 69793222721 3
2164269056 1073762305 4
2197823488 1073762307 4
2197823488 1073762369 3
2197823488 1073795073 4
2197823488 1074024449 5
2197823488 1140871169 1
2197823488 5368729601 1
2197823488 69793239041 4
2164269056 1074008065 1
2164269120 1074008067 3
2164269120 1074008193 3
2164269120 1074024449 3
2164269120 1074532353 3
2164269120 1107562497 5
2164269120 5368975361 3
2164269120 69793484801 3
2164269056 1107300353 4
2231377920 1107300355 3
2231377920 1107300417 3
2231377920 1107316737 2
2231377920 1107562497 1
2231377920 1241518081 5
2231377920 5402267649 4
2231377920 69826777089 4
2164269056 5368713217 1
2164269120 5368713219 4
2164269120 5368713345 1
2164269120 5368729601 1
2164269120 5368975361 3
2164269120 5402267649 1
2164269120 13958647809 0
2164269120 74088189953 0
2164269056 69793222657 4
2197823488 69793222659 4
2197823488 69793222721 3
2197823488 69793239041 4
2197823488 69793484801 5
2197823488 69860331521 5
2197823488 74088189953 1
2197823488 207232176129 4
2164260864 1074003969 4
2197815296 1074003971 4
2264924160 1074003975 4
2264924160 1074004035 4
2264924160 1074008067 4
2264924160 1074528259 4
2264924160 1208221699 3
2264924160 5368971267 4
2264924160 69793480707 4
2197815296 1074004033 2
2197819392 1074004035 3
2197819392 1074004161 2
2197819392 1074012225 2
2197819392 1074528321 4
2197819392 1141112897 3
2197819392 5368971329 3
2197819392 69793480769 3
2197815296 1074008065 1
2197815360 1074008067 4
2197815360 1074008193 3
2197815360 1074016257 4
2197815360 1074532353 4
2197815360 1141116929 3
2197815360 5368975361 3
2197815360 69793484801 3
2197815296 1074528257 4
2264924160 1074528259 4
2264924160 1074528321 4
2264924160 1074532353 4
2264924160 1075576833 4
2264924160 1208745985 3
2264924160 5369495553 4
2264924160 69794004993 4
2197815296 1141112833 3
2198339584 1141112835 1
2198339584 1141112897 2
2198339584 1141116929 5
2198339584 1142161409 1
2198339584 1275330561 1
2198339584 5436080129 4
2198339584 69860589569 5
2197815296 5368971265 4
2264924160 5368971267 4
2264924160 5368971329 4
2264924160 5368975361 4
2264924160 5369495553 4
2264924160 5503188993 3
2264924160 13958905857 4
2264924160 74088448001 4
2197815296 69793480705 3
2198339584 69793480707 5
2198339584 69793480769 5
2198339584 69793484801 5
2198339584 69794529281 5
2198339584 69860589569 5
2198339584 74088448001 5
2198339584 207232434177 4
2164260864 1107296257 4
2231369728 1107296259 3
2231631872 1107296263 0
2231631872 1107296323 5
2231631872 1107300355 2
2231631872 1107820547 3
2231631872 1241513987 5
2231631872 5402263555 3
2231631872 69826772995 4
2231369728 1107296321 3
2231631872 1107296323 5
2231631872 1107296449 1
2231631872 1107300417 2
2231631872 1107820609 4
2231631872 1241514049 6
2231631872 5402263617 1
2231631872 69826773057 4
2231369728 1107300353 2
2231377920 1107300355 3
2231377920 1107300417 3
2231377920 1107316737 2
2231377920 1107562497 1
2231377920 1241518081 5
2231377920 5402267649 1
2231377920 69826777089 4
2231369728 1107558401 1
2231369792 1107558403 5
2231369792 1107558529 5
2231369792 1107562497 1
2231369792 1108082689 3
2231369792 1241776129 1
2231369792 5402525697 1
2231369792 69827035137 4
2231369728 1241513985 3
2231631872 1241513987 5
2231631872 1241514049 5
2231631872 1241518081 5
2231631872 1242038273 3
2231631872 1509949441 6
2231631872 5536481281 3
2231631872 69960990721 5
2231369728 5402263553 4
2365587456 5402263555 1
2365587456 5402263617 3
2365587456 5402267649 2
2365587456 5402525697 1
2365587456 5670699009 1
2365587456 13992198145 5
2365587456 74121740289 5
2231369728 69826772993 4
2365587456 69826772995 0
2365587456 69826773057 3
2365587456 69826777089 4
2365587456 69827035137 1
2365587456 70095208449 5
2365587456 74121740289 5
2365587456 207265726465 3
2164260864 5368709121 4
2197815296 5368709123 2
2197819392 5368709127 0
2197819392 5368709187 5
2197819392 5368717315 1
2197819392 5368971267 3
2197819392 5435817987 3
2197819392 13958643715 3
2197819392 74088185859 1
2197815296 5368709185 2
2197819392 5368709187 6
2197819392 5368709313 0
2197819392 5368717377 2
2197819392 5368971329 4
2197819392 5435818049 2
2197819392 13958643777 5
2197819392 74088185921 6
2197815296 5368713217 4
2264924160 5368713219 4
2264924160 5368713281 4
2264924160 5368721409 4
2264924160 5368975361 4
2264924160 5502930945 1
2264924160 13958647809 4
2264924160 74088189953 4
2197815296 5368971265 4
2264924160 5368971267 4
2264924160 5368971329 4
2264924160 5368975361 4
2264924160 5369495553 4
2264924160 5503188993 3
2264924160 13958905857 4
2264924160 74088448001 4
2197815296 5435817985 4
2332033024 5435817987 5
2332033024 5435818049 2
2332033024 5435822081 1
2332033024 5436080129 3
2332033024 5704253441 5
2332033024 14025752577 1
2332033024 74155294721 5
2197815296 13958643713 1
2197815360 13958643715 2
2197815360 13958643841 2
2197815360 13958647809 4
2197815360 13958905857 4
2197815360 14025752577 3
2197815360 31138512897 6
2197815360 82678120449 2
2197815296 74088185857 6
139636768768 74088185859 5
139636768768 74088185921 4
139636768768 74088189953 4
139636768768 74088448001 6
139636768768 74155294721 0
139636768768 82678120449 1
139636768768 348966092801 1
2164260864 69793218561 5
6459228160 69793218563 2
6459232256 69793218567 0
6459232256 69793218627 2
6459232256 69793226755 3
6459232256 69793480707 3
6459232256 69826772995 5
6459232256 78383153155 4
6459232256 207232172035 1
6459228160 69793218625 4
6492782592 69793218627 4
6492782592 69793218753 4
6492782592 69793222721 3
6492782592 69793480769 2
6492782592 69860327489 2
6492782592 78383153217 4
6492782592 207232172097 4
6459228160 69793222657 5
15049162752 69793222659 5
15049162752 69793222721 5
15049162752 69793230849 5
15049162752 69793484801 5
15049162752 69826777089 5
15049162752 86973091841 4
15049162752 207232176129 5
6459228160 69793480705 5
15049162752 69793480707 5
15049162752 69793480769 5
15049162752 69793484801 5
15049162752 69794004993 5
15049162752 69827035137 5
15049162752 86973349889 3
15049162752 207232434177 5
6459228160 69826772993 5
15049162752 69826772995 5
15049162752 69826773057 5
15049162752 69826777089 5
15049162752 69827035137 5
15049162752 69893881857 5
15049162752 87006642177 4
15049162752 207265726465 5
6459228160 78383153153 4
6492782592 78383153155 3
6492782592 78383153217 4
6492782592 78383157249 3
6492782592 78383415297 3
6492782592 78450262017 1
6492782592 95563022337 4
6492782592 215822106625 3
6459228160 207232172033 3
6459490304 207232172035 2
6459490304 207232172097 4
6459490304 207232176129 4
6459490304 207232696321 5
6459490304 207265726465 3
6459490304 215822106625 3
6459490304 482110078977 6
16777216 1073741888 0
16777217 1073741890 4
50331649 1073741894 4
117440513 1073741902 4
117440513 1073742022 4
117440513 1073745990 4
117440513 1074004038 4
117440513 1207959622 6
117440513 3221225542 4
117440513 69793218630 4
50331649 1073742018 5
2197815297 1073742022 4
2197815297 1073742274 1
2197815297 1073746114 5
2197815297 1074004162 4
2197815297 1140850882 1
2197815297 5368709314 4
2197815297 69793218754 4
50331649 1073745986 6
68769808385 1073745990 4
68769808385 1073746114 4
68769808385 1073754178 2
68769808385 1074008130 3
68769808385 1140854850 5
68769808385 3221229634 2
68769808385 138512699458 4
50331649 1074004034 4
117440513 1074004038 4
117440513 1074004162 4
117440513 1074008130 4
117440513 1074528322 4
117440513 1208221762 3
117440513 3221487682 4
117440513 69793480770 4
50331649 1140850754 5
2197815297 1140850758 5
2197815297 1140850882 5
2197815297 1140854850 4
2197815297 1141112898 3
2197815297 1275068482 1
2197815297 5435818050 5
2197815297 69860327490 5
50331649 3221225538 5
4345298945 3221225542 4
4345298945 3221225666 4
4345298945 3221229634 4
4345298945 3221487682 5
4345298945 3288334402 4
4345298945 11811160130 1
4345298945 71940702274 4
50331649 69793218626 1
50331777 69793218630 4
50331777 69793218882 1
50331777 69793222722 4
50331777 69793480770 3
50331777 69860327490 1
50331777 71940702274 4
50331777 207232172098 4
16777217 1073742016 5
2164260865 1073742018 4
2197815297 1073742022 4
2197815297 1073742274 1
2197815297 1073746114 1
2197815297 1074004162 4
2197815297 1140850882 5
2197815297 5368709314 1
2197815297 69793218754 4
2164260865 1073742272 1
2164261377 1073742274 5
2164261377 1073743296 4
2164261377 1073746368 5
2164261377 1074004416 3
2164261377 1107296704 4
2164261377 5368709568 4
2164261377 69793219008 4
2164260865 1073746112 4
2197815297 1073746114 5
2197815297 1073746368 1
2197815297 1073754304 2
2197815297 1074008256 3
2197815297 1140854976 6
2197815297 5368713408 6
2197815297 69793222848 4
2164260865 1074004160 3
2164785153 1074004162 5
2164785153 1074004416 1
2164785153 1074008256 4
2164785153 1075052736 5
2164785153 1107558592 3
2164785153 5368971456 4
2164785153 69793480896 4
2164260865 1107296448 4
2231369729 1107296450 0
2231369729 1107296704 1
2231369729 1107300544 4
2231369729 1107558592 1
2231369729 1241514176 1
2231369729 5402263744 1
2231369729 69826773184 4
2164260865 5368709312 4
2197815297 5368709314 1
2197815297 5368709568 1
2197815297 5368713408 1
2197815297 5368971456 4
2197815297 5435818176 1
2197815297 13958643904 4
2197815297 74088186048 1
2164260865 69793218752 5
6459228161 69793218754 4
6459228161 69793219008 1
6459228161 69793222848 2
6459228161 69793480896 5
6459228161 69826773184 5
6459228161 78383153344 4
6459228161 207232172224 5
16777217 1073745984 4
50331649 1073745986 1
50331777 1073745990 1
50331777 1073746242 5
50331777 1073754178 2
50331777 1074008130 3
50331777 1140854850 2
50331777 3221229634 5
50331777 69793222722 4
50331649 1073746112 5
2197815297 1073746114 1
2197815297 1073746368 1
2197815297 1073754304 2
2197815297 1074008256 3
2197815297 1140854976 1
2197815297 5368713408 4
2197815297 69793222848 4
50331649 1073754176 2
50348033 1073754178 5
50348033 1073754304 5
50348033 1073786944 2
50348033 1074016320 3
50348033 1140863040 4
50348033 3221237824 5
50348033 69793230912 0
50331649 1074008128 3
50855937 1074008130 2
50855937 1074008256 5
50855937 1074016320 2
50855937 1075056704 2
50855937 1141116992 2
50855937 3221491776 1
50855937 69793484864 2
50331649 1140854848 2
50339841 1140854850 2
50339841 1140854976 5
50339841 1140871232 2
50339841 1141116992 3
50339841 1275072576 4
50339841 3288338496 1
50339841 69860331584 2
50331649 3221229632 4
117440513 3221229634 4
117440513 3221229760 4
117440513 3221237824 4
117440513 3221491776 4
117440513 3355447360 2
117440513 7516196928 4
117440513 71940706368 4
50331649 69793222720 2
50339841 69793222722 3
50339841 69793222848 1
50339841 69793239104 2
50339841 69793484864 3
50339841 69860331584 2
50339841 71940706368 4
50339841 207232176192 3
16777217 1074004032 3
17301505 1074004034 4
50855937 1074004038 4
50855937 1074004162 4
50855937 1074008130 2
50855937 1075052610 4
50855937 1141112898 5
50855937 3221487682 4
50855937 69793480770 2
17301505 1074004160 4
50855937 1074004162 4
50855937 1074004416 1
50855937 1074008256 5
50855937 1075052736 4
50855937 1141113024 5
50855937 3221487808 3
50855937 69793480896 5
17301505 1074008128 1
17301633 1074008130 4
17301633 1074008384 2
17301633 1074016320 2
17301633 1075056704 2
17301633 1107562560 2
17301633 3221491776 2
17301633 69793484864 2
17301505 1075052608 4
50855937 1075052610 4
50855937 1075052736 4
50855937 1075056704 2
50855937 1077149760 4
50855937 1142161472 5
50855937 3222536256 4
50855937 69794529344 3
17301505 1107558464 3
18350081 1107558466 3
18350081 1107558592 3
18350081 1107562560 3
18350081 1109655616 4
18350081 1174667328 3
18350081 3255042112 4
18350081 69827035200 3
17301505 3221487680 3
18350081 3221487682 3
18350081 3221487808 2
18350081 3221491776 1
18350081 3223584832 6
18350081 3255042112 4
18350081 7516454976 5
18350081 71940964416 3
17301505 69793480768 3
18350081 69793480770 4
18350081 69793480896 1
18350081 69793484864 3
18350081 69795577920 2
18350081 69827035200 4
18350081 71940964416 3
18350081 207232434240 4
16777217 1107296320 4
83886081 1107296322 5
2231369729 1107296326 4
2231369729 1107296450 5
2231369729 1107300418 2
2231369729 1107558466 5
2231369729 1241514050 0
2231369729 5402263618 4
2231369729 69826773058 0
83886081 1107296448 1
83886337 1107296450 4
83886337 1107296960 1
83886337 1107300544 0
83886337 1107558592 1
83886337 1241514176 1
83886337 3254780096 4
83886337 69826773184 4
83886081 1107300416 5
2231369729 1107300418 1
2231369729 1107300544 1
2231369729 1107308608 4
2231369729 1107562560 3
2231369729 1241518144 2
2231369729 5402267712 1
2231369729 69826777152 1
83886081 1107558464 0
83886083 1107558468 3
83886083 1107558592 1
83886083 1107562560 4
83886083 1108082752 0
83886083 1241776192 3
83886083 3255042112 3
83886083 69827035200 3
83886081 1241514048 1
83886209 1241514050 1
83886209 1241514304 0
83886209 1241518144 2
83886209 1241776192 3
83886209 1509949504 1
83886209 3388997696 0
83886209 69960990784 0
83886081 3254779968 4
218103809 3254779970 0
218103809 3254780096 4
218103809 3254784064 2
218103809 3255042112 3
218103809 3523215424 1
218103809 7549747264 5
218103809 71974256704 6
83886081 69826773056 4
218103809 69826773058 6
218103809 69826773184 4
218103809 69826777152 2
218103809 69827035200 1
218103809 70095208512 1
218103809 71974256704 1
218103809 207265726528 1
16777217 3221225536 5
4311744513 3221225538 4
4345298945 3221225542 4
4345298945 3221225666 4
4345298945 3221229634 4
4345298945 3221487682 5
4345298945 3288334402 1
4345298945 11811160130 1
4345298945 71940702274 4
4311744513 3221225664 1
4311744769 3221225666 1
4311744769 3221226176 5
4311744769 3221229760 2
4311744769 3221487808 5
4311744769 3254780096 5
4311744769 11811160256 1
4311744769 71940702400 5
4311744513 3221229632 1
4311744641 3221229634 4
4311744641 3221229888 4
4311744641 3221237824 2
4311744641 3221491776 3
4311744641 3254784064 5
4311744641 11811164224 4
4311744641 71940706368 4
4311744513 3221487680 3
4312268801 3221487682 5
4312268801 3221487808 3
4312268801 3221491776 1
4312268801 3222536256 3
4312268801 3255042112 5
4312268801 11811422272 1
4312268801 71940964416 1
4311744513 3254779968 1
4311744641 3254779970 1
4311744641 3254780224 0
4311744641 3254784064 1
4311744641 3255042112 3
4311744641 3321888832 4
4311744641 11844714560 0
4311744641 71974256704 1
4311744513 11811160128 1
4311744641 11811160130 4
4311744641 11811160384 4
4311744641 11811164224 4
4311744641 11811422272 3
4311744641 11844714560 0
4311744641 28991029312 4
4311744641 80530636864 4
4311744513 71940702272 6
141750697985 71940702274 1
141750697985 71940702400 1
141750697985 71940706368 1
141750697985 71940964416 3
141750697985 71974256704 1
141750697985 80530636864 1
141750697985 346818609216 4
16777217 69793218624 4
50331649 69793218626 5
2197815297 69793218630 0
2197815297 69793218754 4
2197815297 69793222722 4
2197815297 69793480770 3
2197815297 69860327490 5
2197815297 74088185922 5
2197815297 207232172098 4
50331649 69793218752 5
2197815297 69793218754 4
2197815297 69793219008 1
2197815297 69793222848 4
2197815297 69793480896 3
2197815297 69860327616 1
2197815297 74088186048 1
2197815297 207232172224 4
50331649 69793222720 2
50339841 69793222722 3
50339841 69793222848 1
50339841 69793239104 2
50339841 69793484864 3
50339841 69860331584 2
50339841 71940706368 4
50339841 207232176192 4
50331649 69793480768 4
117440513 69793480770 4
117440513 69793480896 4
117440513 69793484864 4
117440513 69794005056 4
117440513 69927698496 3
117440513 71940964416 4
117440513 207232434240 4
50331649 69860327488 5
2197815297 69860327490 5
2197815297 69860327616 5
2197815297 69860331584 5
2197815297 69860589632 3
2197815297 69994545216 2
2197815297 74155294784 6
2197815297 207299280960 5
50331649 71940702272 4
117440513 71940702274 4
117440513 71940702400 4
117440513 71940706368 4
117440513 71940964416 4
117440513 72074920000 5
117440513 76235669568 4
117440513 209379655744 4
50331649 207232172096 6
274928238593 207232172098 6
274928238593 207232172224 6
274928238593 207232176192 4
274928238593 207232434240 3
274928238593 207299280960 4
274928238593 209379655744 1
274928238593 756987985984 0
16777216 1073745920 4
50331648 1073745921 2
50339840 1073745923 4
117448704 1073745927 4
117448704 1073745987 4
117448704 1073762307 4
117448704 1074008067 4
117448704 1207963651 3
117448704 3221229571 4
117448704 69793222659 4
50339840 1073745985 3
50601984 1073745987 3
50601984 1073746113 3
50601984 1073762369 3
50601984 1074270273 4
50601984 1140854849 3
50601984 3221229633 3
50601984 69793222721 3
50339840 1073762305 1
50339904 1073762307 2
50339904 1073762433 4
50339904 1073795073 2
50339904 1074024449 3
50339904 1140871169 4
50339904 3221245953 4
50339904 69793239041 1
50339840 1074008065 1
50339904 1074008067 3
50339904 1074008193 3
50339904 1074024449 3
50339904 1074532353 3
50339904 1141116929 3
50339904 3221491713 1
50339904 69793484801 3
50339840 1140854785 1
50339904 1140854787 4
50339904 1140854913 5
50339904 1140871169 4
50339904 1141116929 3
50339904 1275072513 5
50339904 3288338433 1
50339904 69860331521 4
50339840 3221229569 4
117448704 3221229571 4
117448704 3221229633 4
117448704 3221245953 4
117448704 3221491713 4
117448704 3355447297 1
117448704 7516196865 4
117448704 71940706305 4
50339840 69793222657 3
50601984 69793222659 3
50601984 69793222721 3
50601984 69793239041 4
50601984 69793746945 3
50601984 69860331521 4
50601984 71940706305 4
50601984 207232176129 4
50331648 1073745984 0
50331649 1073745986 2
50339841 1073745990 4
50339841 1073746114 4
50339841 1073762370 5
50339841 1074008130 3
50339841 1140854850 4
50339841 3221229634 4
50339841 69793222722 3
50331649 1073746112 2
50339841 1073746114 1
50339841 1073746368 1
50339841 1073762496 4
50339841 1074008256 3
50339841 1140854976 5
50339841 3221229760 4
50339841 69793222848 1
50331649 1073754176 2
50348033 1073754178 2
50348033 1073754304 5
50348033 1073786944 2
50348033 1074016320 3
50348033 1140863040 4
50348033 3221237824 5
50348033 69793230912 0
50331649 1074008128 3
50855937 1074008130 2
50855937 1074008256 5
50855937 1074016320 2
50855937 1075056704 2
50855937 1141116992 2
50855937 3221491776 1
50855937 69793484864 5
50331649 1140854848 2
50339841 1140854850 4
50339841 1140854976 5
50339841 1140871232 1
50339841 1141116992 3
50339841 1275072576 1
50339841 3288338496 1
50339841 69860331584 2
50331649 3221229632 4
117440513 3221229634 4
117440513 3221229760 4
117440513 3221237824 4
117440513 3221491776 4
117440513 3355447360 2
117440513 7516196928 4
117440513 71940706368 4
50331649 69793222720 2
50339841 69793222722 4
50339841 69793222848 1
50339841 69793239104 2
50339841 69793484864 3
50339841 69860331584 2
50339841 71940706368 4
50339841 207232176192 4
50331648 1073754112 2
50348032 1073754113 4
117456896 1073754115 4
117456896 1073754177 4
117456896 1073786881 4
117456896 1074016257 4
117456896 1207971841 1
117456896 3221237761 4
117456896 69793230849 4
50348032 1073754176 0
50348033 1073754178 2
50348033 1073754304 5
50348033 1073786944 5
50348033 1074016320 5
50348033 1140863040 4
50348033 3221237824 5
50348033 69793230912 0
50348032 1073786880 5
2197831680 1073786881 1
2197831680 1073786944 3
2197831680 1073852416 3
2197831680 1074049024 4
2197831680 1140895744 4
2197831680 5368754176 2
2197831680 69793263616 4
50348032 1074016256 3
50872320 1074016257 1
50872320 1074016320 0
50872320 1074049024 4
50872320 1075064832 5
50872320 1141125120 3
50872320 3221499904 4
50872320 69793492992 4
50348032 1140862976 4
184565760 1140862977 1
184565760 1140863040 0
184565760 1140895744 5
184565760 1141125120 3
184565760 1409298432 2
184565760 3288346624 5
184565760 69860339712 0
50348032 3221237760 5
4345315328 3221237761 4
4345315328 3221237824 4
4345315328 3221270528 4
4345315328 3221499904 4
4345315328 3288346624 4
4345315328 11811172352 5
4345315328 71940714496 4
50348032 69793230848 4
117456896 69793230849 4
117456896 69793230912 4
117456896 69793263616 4
117456896 69793492992 4
117456896 69927448576 1
117456896 71940714496 4
117456896 207232184320 4
50331648 1074008064 3
50855936 1074008065 1
50856000 1074008067 2
50856000 1074008193 5
50856000 1074016257 2
50856000 1075056641 2
50856000 1141116929 2
50856000 3221491713 1
50856000 69793484801 2
50855936 1074008128 0
50855937 1074008130 2
50855937 1074008256 5
50855937 1074016320 2
50855937 1075056704 2
50855937 1141116992 2
50855937 3221491776 1
50855937 69793484864 5
50855936 1074016256 2
50872320 1074016257 1
50872320 1074016320 0
50872320 1074049024 4
50872320 1075064832 5
50872320 1141125120 3
50872320 3221499904 4
50872320 69793492992 4
50855936 1075056640 5
2198339584 1075056641 5
2198339584 1075056704 5
2198339584 1075064832 6
2198339584 1077153792 5
2198339584 1142165504 5
2198339584 5370023936 5
2198339584 69794533376 5
50855936 1141116928 5
2198339584 1141116929 5
2198339584 1141116992 5
2198339584 1141125120 2
2198339584 1142165504 5
2198339584 1275334656 5
2198339584 5436084224 5
2198339584 69860593664 5
50855936 3221491712 3
51904512 3221491713 1
51904512 3221491776 0
51904512 3221499904 4
51904512 3223588864 4
51904512 3288600576 3
51904512 7516459008 5
51904512 71940968448 2
50855936 69793484800 5
2198339584 69793484801 5
2198339584 69793484864 5
2198339584 69793492992 5
2198339584 69794533376 5
2198339584 69860593664 5
2198339584 74088452096 5
2198339584 207232438272 5
50331648 1140854784 4
184549376 1140854785 1
184549440 1140854787 2
184549440 1140854913 1
184549440 1140862977 2
184549440 1141116929 2
184549440 1409290241 2
184549440 3288338433 5
184549440 69860331521 2
184549376 1140854848 0
184549377 1140854850 2
184549377 1140854976 1
184549377 1140863040 2
184549377 1141116992 3
184549377 1409290304 2
184549377 3288338496 1
184549377 69860331584 4
184549376 1140862976 2
184565760 1140862977 1
184565760 1140863040 0
184565760 1140895744 5
184565760 1141125120 3
184565760 1409298432 0
184565760 3288346624 5
184565760 69860339712 6
184549376 1141116928 3
185073664 1141116929 1
185073664 1141116992 0
185073664 1141125120 2
185073664 1142165504 5
185073664 1409552384 2
185073664 3288600576 5
185073664 69860593664 5
184549376 1409290240 0
184549377 1409290242 5
184549377 1409290304 2
184549377 1409298432 2
184549377 1409552384 3
184549377 1946161152 6
184549377 3556773888 5
184549377 70128766976 5
184549376 3288338432 5
4479516672 3288338433 5
4479516672 3288338496 3
4479516672 3288346624 2
4479516672 3288600576 3
4479516672 3556773888 0
4479516672 11878273024 0
4479516672 72007815168 3
184549376 69860331520 1
184549440 69860331521 2
184549440 69860331648 2
184549440 69860339712 2
184549440 69860593664 2
184549440 70128766976 2
184549440 72007815168 2
184549440 207299284992 2
50331648 3221229568 4
117440512 3221229569 4
117440512 3221229632 4
117440512 3221237760 4
117440512 3221491712 4
117440512 3355447296 2
117448704 3355447297 1
117448704 3355447360 1
117448704 3355463680 0
117448704 3355709440 3
117448704 3623882752 5
117448704 7650414592 5
117448704 72074924032 6
117440512 7516196864 4
117440512 71940706304 4
50331648 69793222656 5
2197815296 69793222657 4
2264924160 69793222659 4
2264924160 69793222721 4
2264924160 69793230849 4
2264924160 69793484801 4
2264924160 69927440385 5
2264924160 74088189953 4
2264924160 207232176129 4
2197815296 69793222720 4
2264924160 69793222721 4
2264924160 69793222848 4
2264924160 69793230912 4
2264924160 69793484864 4
2264924160 69927440448 5
2264924160 74088190016 4
2264924160 207232176192 4
2197815296 69793230848 4
2264924160 69793230849 4
2264924160 69793230912 4
2264924160 69793247232 4
2264924160 69793492992 4
2264924160 69927448576 5
2264924160 74088198144 4
2264924160 207232184320 4
2197815296 69793484800 3
2198339584 69793484801 5
2198339584 69793484864 5
2198339584 69793492992 5
2198339584 69794533376 5
2198339584 69860593664 5
2198339584 74088452096 5
2198339584 207232438272 5
2197815296 69860331520 5
6492782592 69860331521 1
6492782592 69860331584 5
6492782592 69860339712 5
6492782592 69860593664 3
6492782592 69994549248 0
6492782592 78450266112 1
6492782592 207299284992 5
2197815296 74088189952 5
10787749888 74088189953 1
10787749888 74088190016 4
10787749888 74088198144 4
10787749888 74088452096 3
10787749888 74155298816 6
10787749888 91268059136 4
10787749888 211527143424 4
2197815296 207232176128 4
2264924160 207232176129 4
2264924160 207232176192 4
2264924160 207232184320 4
2264924160 207232438272 4
2264924160 207366393856 5
2264924160 211527143424 4
2264924160 482110083072 4
16777216 1074003968 3
17301504 1074003969 3
18350080 1074003971 4
51904512 1074003975 0
51904512 1074004035 2
51904512 1074008067 1
51904512 1076101123 4
51904512 1141112835 5
51904512 3221487619 0
51904512 69793480707 4
18350080 1074004033 2
18354176 1074004035 4
18354176 1074004161 3
18354176 1074012225 3
18354176 1076101185 2
18354176 1107558465 3
18354176 3221487681 3
18354176 69793480769 4
18350080 1074008065 1
18350144 1074008067 4
18350144 1074008193 2
18350144 1074016257 2
18350144 1076105217 4
18350144 1107562497 3
18350144 3221491713 2
18350144 69793484801 2
18350080 1076101121 1
18350144 1076101123 5
18350144 1076101249 5
18350144 1076105217 2
18350144 1080295425 5
18350144 1109655553 4
18350144 3223584769 1
18350144 69795577857 2
18350080 1107558401 3
20447232 1107558403 3
20447232 1107558465 3
20447232 1107562497 3
20447232 1111752705 1
20447232 1174667265 3
20447232 3255042049 3
20447232 69827035137 3
18350080 3221487617 2
18354176 3221487619 2
18354176 3221487681 3
18354176 3221495809 3
18354176 3223584769 6
18354176 3255042049 4
18354176 7516454913 5
18354176 71940964353 2
18350080 69793480705 1
18350144 69793480707 6
18350144 69793480833 5
18350144 69793484801 2
18350144 69795577857 2
18350144 69827035137 0
18350144 71940964353 1
18350144 207232434177 3
17301504 1074004032 4
50855936 1074004033 2
50860032 1074004035 2
50860032 1074004161 2
50860032 1074012225 4
50860032 1075052609 2
50860032 1141112897 2
50860032 3221487681 2
50860032 69793480769 5
50855936 1074004160 4
117964800 1074004161 4
117964800 1074004416 4
117964800 1074008256 4
117964800 1075052736 4
117964800 1208221888 5
117964800 3221487808 4
117964800 69793480896 4
50855936 1074008128 0
50855937 1074008130 2
50855937 1074008256 5
50855937 1074016320 2
50855937 1075056704 2
50855937 1141116992 2
50855937 3221491776 1
50855937 69793484864 2
50855936 1075052608 5
2198339584 1075052609 2
2198339584 1075052736 4
2198339584 1075056704 5
2198339584 1077149760 4
2198339584 1142161472 0
2198339584 5370019904 4
2198339584 69794529344 5
50855936 1141112896 5
2198339584 1141112897 2
2198339584 1141113024 4
2198339584 1141116992 5
2198339584 1142161472 0
2198339584 1275330624 0
2198339584 5436080192 0
2198339584 69860589632 5
50855936 3221487680 3
51904512 3221487681 2
51904512 3221487808 4
51904512 3221491776 0
51904512 3223584832 4
51904512 3288596544 3
51904512 7516454976 5
51904512 71940964416 4
50855936 69793480768 2
50860032 69793480769 5
50860032 69793480896 5
50860032 69793488960 6
50860032 69794529344 5
50860032 69860589632 2
50860032 71940964416 4
50860032 207232434240 2
17301504 1074008064 3
18350080 1074008065 1
18350144 1074008067 2
18350144 1074008193 2
18350144 1074016257 3
18350144 1076105217 4
18350144 1107562497 2
18350144 3221491713 2
18350144 69793484801 4
18350080 1074008128 0
18350081 1074008130 3
18350081 1074008256 3
18350081 1074016320 3
18350081 1076105280 2
18350081 1107562560 3
18350081 3221491776 3
18350081 69793484864 3
18350080 1074016256 3
20447232 1074016257 3
20447232 1074016320 3
20447232 1074032640 3
20447232 1078210560 2
20447232 1107570688 3
20447232 3221499904 3
20447232 69793492992 3
18350080 1076105216 4
51904512 1076105217 1
51904512 1076105280 0
51904512 1076113408 4
51904512 1080299520 2
51904512 1143214080 5
51904512 3223588864 4
51904512 69795581952 5
18350080 1107562496 4
85458944 1107562497 1
85458944 1107562560 0
85458944 1107570688 2
85458944 1109659648 4
85458944 1241780224 3
85458944 3255046144 3
85458944 69827039232 3
18350080 3221491712 2
18358272 3221491713 1
18358272 3221491776 0
18358272 3221508096 3
18358272 3223588864 2
18358272 3255046144 2
18358272 7516459008 5
18358272 71940968448 2
18350080 69793484800 3
20447232 69793484801 3
20447232 69793484864 3
20447232 69793492992 3
20447232 69797679104 4
20447232 69827039232 3
20447232 71940968448 3
20447232 207232438272 3
17301504 1075052544 4
50855936 1075052545 5
2198339584 1075052547 6
2198339584 1075052609 2
2198339584 1075056641 5
2198339584 1077149697 4
2198339584 1142161409 1
2198339584 5370019841 4
2198339584 69794529281 5
50855936 1075052608 5
2198339584 1075052609 2
2198339584 1075052736 6
2198339584 1075056704 5
2198339584 1077149760 4
2198339584 1142161472 0
2198339584 5370019904 4
2198339584 69794529344 5
50855936 1075056640 5
2198339584 1075056641 5
2198339584 1075056704 5
2198339584 1075064832 6
2198339584 1077153792 5
2198339584 1142165504 5
2198339584 5370023936 5
2198339584 69794533376 5
50855936 1077149696 4
117964800 1077149697 4
117964800 1077149760 4
117964800 1077153792 4
117964800 1081344000 4
117964800 1211367424 5
117964800 3224633344 4
117964800 69796626432 4
50855936 1142161408 5
2198339584 1142161409 1
2198339584 1142161472 0
2198339584 1142165504 5
2198339584 1144258560 1
2198339584 1276379136 4
2198339584 5437128704 1
2198339584 69861638144 5
50855936 3222536192 4
117964800 3222536193 4
117964800 3222536256 4
117964800 3222540288 4
117964800 3224633344 4
117964800 3356753920 0
117964800 7517503488 4
117964800 71942012928 4
50855936 69794529280 5
2198339584 69794529281 5
2198339584 69794529344 5
2198339584 69794533376 5
2198339584 69796626432 5
2198339584 69861638144 5
2198339584 74089496576 5
2198339584 207233482752 4
17301504 1107558400 3
18350080 1107558401 1
18350144 1107558403 4
18350144 1107558529 3
18350144 1107562497 3
18350144 1109655553 4
18350144 1174667265 3
18350144 3255042049 4
18350144 69827035137 4
18350080 1107558464 3
20447232 1107558465 3
20447232 1107558592 3
20447232 1107562560 3
20447232 1111752768 4
20447232 1174667328 3
20447232 3255042112 3
20447232 69827035200 3
18350080 1107562496 4
85458944 1107562497 1
85458944 1107562560 0
85458944 1107570688 2
85458944 1109659648 4
85458944 1241780224 5
85458944 3255046144 3
85458944 69827039232 3
18350080 1109655552 4
85458944 1109655553 4
85458944 1109655616 2
85458944 1109659648 4
85458944 1113849856 4
85458944 1243873280 2
85458944 3257139200 4
85458944 69829132288 4
18350080 1174667264 3
20447232 1174667265 3
20447232 1174667328 3
20447232 1174671360 3
20447232 1178861568 4
20447232 1308884992 3
20447232 3322150912 3
20447232 69894144000 3
18350080 3255042048 4
85458944 3255042049 4
85458944 3255042112 3
85458944 3255046144 3
85458944 3257139200 4
85458944 3389259776 3
85458944 7550009344 5
85458944 71974518784 4
18350080 69827035136 3
20447232 69827035137 3
20447232 69827035200 3
20447232 69827039232 3
20447232 69831229440 4
20447232 69894144000 3
20447232 71974518784 3
20447232 207265988608 3
17301504 3221487616 3
18350080 3221487617 5
4313317376 3221487619 2
4313317376 3221487681 2
4313317376 3221491713 1
4313317376 3223584769 6
4313317376 3255042049 4
4313317376 11811422209 3
4313317376 71940964353 3
18350080 3221487680 3
20447232 3221487681 3
20447232 3221487808 3
20447232 3221491776 3
20447232 3225681984 1
20447232 3255042112 3
20447232 7516454976 3
20447232 71940964416 3
18350080 3221491712 3
20447232 3221491713 3
20447232 3221491776 3
20447232 3221499904 3
20447232 3225686016 0
20447232 3255046144 3
20447232 7516459008 3
20447232 71940968448 3
18350080 3223584768 6
68737826816 3223584769 5
68737826816 3223584832 3
68737826816 3223588864 5
68737826816 3227779072 2
68737826816 3257139200 4
68737826816 7518552064 5
68737826816 140662538240 5
18350080 3255042048 3
20447232 3255042049 3
20447232 3255042112 3
20447232 3255046144 3
20447232 3259236352 4
20447232 3322150912 3
20447232 7550009344 3
20447232 71974518784 3
18350080 7516454912 5
8608284672 7516454913 3
8608284672 7516454976 3
8608284672 7516459008 3
8608284672 7518552064 2
8608284672 7550009344 4
8608284672 24696324096 3
8608284672 76235931648 3
18350080 71940964352 3
20447232 71940964353 3
20447232 71940964416 3
20447232 71940968448 3
20447232 71945158656 0
20447232 71974518784 3
20447232 76235931648 3
20447232 209379917824 3
17301504 69793480704 3
18350080 69793480705 1
18350144 69793480707 6
18350144 69793480833 1
18350144 69793484801 4
18350144 69795577857 2
18350144 69827035137 1
18350144 71940964353 3
18350144 207232434177 4
18350080 69793480768 2
18354176 69793480769 4
18354176 69793480896 4
18354176 69793488960 2
18354176 69795577920 2
18354176 69827035200 3
18354176 71940964416 3
18354176 207232434240 2
18350080 69793484800 4
51904512 69793484801 1
51904512 69793484864 0
51904512 69793492992 6
51904512 69795581952 5
51904512 69860593664 5
51904512 71940968448 2
51904512 207232438272 2
18350080 69795577856 5
2165833728 69795577857 4
2165833728 69795577920 4
2165833728 69795581952 4
2165833728 69799772160 4
2165833728 69829132288 4
2165833728 74090545152 4
2165833728 207234531328 5
18350080 69827035136 3
20447232 69827035137 3
20447232 69827035200 3
20447232 69827039232 3
20447232 69831229440 4
20447232 69894144000 3
20447232 71974518784 3
20447232 207265988608 3
18350080 71940964352 3
20447232 71940964353 3
20447232 71940964416 3
20447232 71940968448 3
20447232 71945158656 2
20447232 71974518784 3
20447232 76235931648 3
20447232 209379917824 3
18350080 207232434176 3
20447232 207232434177 3
20447232 207232434240 3
20447232 207232438272 3
20447232 207236628480 2
20447232 207265988608 3
20447232 209379917824 3
20447232 482110341120 3
16777216 1107296256 4
83886080 1107296257 4
218103808 1107296259 4
486539264 1107296263 4
486539264 1107296323 4
486539264 1107300355 4
486539264 1107558403 4
486539264 1644167171 3
486539264 3254779907 4
486539264 69826772995 4
218103808 1107296321 3
218365952 1107296323 6
218365952 1107296449 3
218365952 1107300417 4
218365952 1107820609 5
218365952 1375731777 5
218365952 3254779969 3
218365952 69826773057 4
218103808 1107300353 4
486539264 1107300355 4
486539264 1107300417 4
486539264 1107308545 4
486539264 1107562497 4
486539264 1644171265 2
486539264 3254784001 4
486539264 69826777089 4
218103808 1107558401 1
218103872 1107558403 4
218103872 1107558529 5
218103872 1107562497 4
218103872 1108082689 4
218103872 1375993857 5
218103872 3255042049 4
218103872 69827035137 5
218103808 1375731713 1
218103872 1375731715 0
218103872 1375731841 3
218103872 1375735809 2
218103872 1375993857 0
218103872 1912602625 5
218103872 3523215361 1
218103872 70095208449 1
218103808 3254779905 3
218365952 3254779907 0
218365952 3254779969 1
218365952 3254784001 4
218365952 3255304193 3
218365952 3523215361 3
218365952 7549747201 5
218365952 71974256641 3
218103808 69826772993 4
486539264 69826772995 4
486539264 69826773057 4
486539264 69826777089 4
486539264 69827035137 4
486539264 70363643905 3
486539264 71974256641 4
486539264 207265726465 4
83886080 1107296320 4
218103808 1107296321 4
486539264 1107296323 4
486539264 1107296449 4
486539264 1107300417 4
486539264 1107558465 4
486539264 1644167233 3
486539264 3254779969 4
486539264 69826773057 4
218103808 1107296448 4
486539264 1107296449 4
486539264 1107296704 4
486539264 1107300544 4
486539264 1107558592 4
486539264 1644167360 0
486539264 3254780096 4
486539264 69826773184 4
218103808 1107300416 4
486539264 1107300417 4
486539264 1107300544 4
486539264 1107308608 4
486539264 1107562560 4
486539264 1644171328 5
486539264 3254784064 4
486539264 69826777152 4
218103808 1107558464 3
218628096 1107558465 2
218628096 1107558592 4
218628096 1107562560 0
218628096 1108607040 4
218628096 1375993920 3
218628096 3255042112 4
218628096 69827035200 3
218103808 1375731776 3
218365952 1375731777 1
218365952 1375731904 1
218365952 1375735872 3
218365952 1376256064 5
218365952 1912602688 3
218365952 3523215424 3
218365952 70095208512 3
218103808 3254779968 1
218103936 3254779969 1
218103936 3254780224 2
218103936 3254784064 4
218103936 3255042112 3
218103936 3523215424 3
218103936 7549747264 5
218103936 71974256704 6
218103808 69826773056 1
218103936 69826773057 4
218103936 69826773312 5
218103936 69826777152 4
218103936 69827035200 5
218103936 70095208512 1
218103936 71974256704 6
218103936 207265726528 5
83886080 1107300352 4
218103808 1107300353 4
486539264 1107300355 4
486539264 1107300417 4
486539264 1107308545 4
486539264 1107562497 4
486539264 1644171265 2
486539264 3254784001 4
486539264 69826777089 4
218103808 1107300416 4
486539264 1107300417 4
486539264 1107300544 4
486539264 1107308608 4
486539264 1107562560 4
486539264 1644171328 5
486539264 3254784064 4
486539264 69826777152 4
218103808 1107308544 4
486539264 1107308545 4
486539264 1107308608 4
486539264 1107324928 4
486539264 1107570688 4
486539264 1644179456 5
486539264 3254792192 4
486539264 69826785280 4
218103808 1107562496 3
218628096 1107562497 1
218628096 1107562560 0
218628096 1107570688 4
218628096 1108611072 3
218628096 1375997952 3
218628096 3255046144 4
218628096 69827039232 4
218103808 1375735808 2
218112000 1375735809 3
218112000 1375735872 3
218112000 1375752192 2
218112000 1375997952 1
218112000 1912606720 3
218112000 3523219456 5
218112000 70095212544 3
218103808 3254784000 2
218112000 3254784001 1
218112000 3254784064 3
218112000 3254800384 2
218112000 3255046144 1
218112000 3523219456 3
218112000 7549751296 5
218112000 71974260736 4
218103808 69826777088 2
218112000 69826777089 5
218112000 69826777152 3
218112000 69826793472 4
218112000 69827039232 3
218112000 70095212544 3
218112000 71974260736 6
218112000 207265730560 4
83886080 1107558400 4
218103808 1107558401 1
218103872 1107558403 4
218103872 1107558529 5
218103872 1107562497 3
218103872 1108082689 4
218103872 1375993857 3
218103872 3255042049 4
218103872 69827035137 3
218103808 1107558464 4
486539264 1107558465 4
486539264 1107558592 4
486539264 1107562560 4
486539264 1108082752 4
486539264 1644429376 3
486539264 3255042112 4
486539264 69827035200 4
218103808 1107562496 2
218112000 1107562497 1
218112000 1107562560 0
218112000 1107578880 4
218112000 1108086784 3
218112000 1375997952 1
218112000 3255046144 4
218112000 69827039232 3
218103808 1108082688 4
486539264 1108082689 4
486539264 1108082752 4
486539264 1108086784 4
486539264 1109131264 4
486539264 1644953600 5
486539264 3255566336 4
486539264 69827559424 4
218103808 1375993856 5
2365587456 1375993857 5
2365587456 1375993920 5
2365587456 1375997952 5
2365587456 1376518144 3
2365587456 1912864768 5
2365587456 5670961152 3
2365587456 70095470592 3
218103808 3255042048 3
218628096 3255042049 3
218628096 3255042112 4
218628096 3255046144 3
218628096 3256090624 4
218628096 3523477504 3
218628096 7550009344 5
218628096 71974518784 3
218103808 69827035136 4
486539264 69827035137 4
486539264 69827035200 4
486539264 69827039232 4
486539264 69827559424 4
486539264 70363906048 3
486539264 71974518784 4
486539264 207265988608 4
83886080 1241513984 5
2231369728 1241513985 3
2231631872 1241513987 5
2231631872 1241514049 6
2231631872 1241518081 5
2231631872 1242038273 3
2231631872 1509949441 5
2231631872 5536481281 3
2231631872 69960990721 5
2231369728 1241514048 6
70950846464 1241514049 3
70950846464 1241514176 5
70950846464 1241518144 2
70950846464 1241776192 0
70950846464 1509949504 1
70950846464 5536481344 6
70950846464 138680467520 1
2231369728 1241518080 2
2231377920 1241518081 5
2231377920 1241518144 6
2231377920 1241534464 2
2231377920 1241780224 5
2231377920 1509953536 6
2231377920 5536485376 6
2231377920 69960994816 5
2231369728 1241776128 5
6526337024 1241776129 5
6526337024 1241776192 5
6526337024 1241780224 5
6526337024 1242300416 5
6526337024 1510211584 6
6526337024 9831710720 6
6526337024 69961252864 3
2231369728 1509949440 6
70950846464 1509949441 3
70950846464 1509949504 1
70950846464 1509953536 5
70950846464 1510211584 5
70950846464 2046820352 5
70950846464 5804916736 2
70950846464 138948902912 5
2231369728 5536481280 3
2231631872 5536481281 3
2231631872 5536481344 3
2231631872 5536485376 3
2231631872 5537005568 6
2231631872 5804916736 3
2231631872 14126415872 3
2231631872 74255958016 3
2231369728 69960990720 5
6526337024 69960990721 5
6526337024 69960990784 5
6526337024 69960994816 5
6526337024 69961252864 5
6526337024 70229426176 5
6526337024 78550925312 4
6526337024 207399944192 5
83886080 3254779904 4
218103808 3254779905 3
218365952 3254779907 4
218365952 3254779969 4
218365952 3254784001 4
218365952 3255304193 1
218365952 3523215361 3
218365952 7549747201 5
218365952 71974256641 3
218103808 3254779968 4
486539264 3254779969 4
486539264 3254780096 4
486539264 3254784064 4
486539264 3255042112 4
486539264 3791650880 1
486539264 7549747264 4
486539264 71974256704 4
218103808 3254784000 4
486539264 3254784001 4
486539264 3254784064 4
486539264 3254792192 4
486539264 3255046144 4
486539264 3791654912 2
486539264 7549751296 4
486539264 71974260736 4
218103808 3255042048 4
486539264 3255042049 4
486539264 3255042112 4
486539264 3255046144 4
486539264 3255566336 4
486539264 3791912960 3
486539264 7550009344 4
486539264 71974518784 4
218103808 3523215360 1
218103872 3523215361 0
218103872 3523215488 3
218103872 3523219456 2
218103872 3523477504 3
218103872 4060086272 3
218103872 7818182656 5
218103872 72242692096 3
218103808 7549747200 5
8808038400 7549747201 1
8808038400 7549747264 3
8808038400 7549751296 4
8808038400 7550009344 3
8808038400 7818182656 1
8808038400 24729616384 4
8808038400 76269223936 4
218103808 71974256640 6
137657057280 71974256641 1
137657057280 71974256704 4
137657057280 71974260736 2
137657057280 71974518784 3
137657057280 72242692096 5
137657057280 76269223936 5
137657057280 346852163584 4
83886080 69826772992 4
218103808 69826772993 5
2365587456 69826772995 4
2365587456 69826773057 4
2365587456 69826777089 2
2365587456 69827035137 1
2365587456 70095208449 1
2365587456 74121740289 5
2365587456 207265726465 3
218103808 69826773056 1
218103936 69826773057 3
218103936 69826773312 2
218103936 69826777152 1
218103936 69827035200 0
218103936 70095208512 5
218103936 71974256704 6
218103936 207265726528 3
218103808 69826777088 4
486539264 69826777089 4
486539264 69826777152 4
486539264 69826785280 4
486539264 69827039232 4
486539264 70363648000 2
486539264 71974260736 4
486539264 207265730560 4
218103808 69827035136 4
486539264 69827035137 4
486539264 69827035200 4
486539264 69827039232 4
486539264 69827559424 4
486539264 70363906048 3
486539264 71974518784 4
486539264 207265988608 4
218103808 70095208448 1
218103872 70095208449 6
218103872 70095208576 3
218103872 70095212544 2
218103872 70095470592 1
218103872 70632079360 3
218103872 72242692096 3
218103872 207534161920 3
218103808 71974256640 3
218365952 71974256641 3
218365952 71974256704 4
218365952 71974260736 3
218365952 71974780928 6
218365952 72242692096 3
218365952 76269223936 5
218365952 209413210112 3
218103808 207265726464 3
218365952 207265726465 3
218365952 207265726528 4
218365952 207265730560 2
218365952 207266250752 5
218365952 207534161920 1
218365952 209413210112 3
218365952 482143633408 6
16777216 3221225472 5
4311744512 3221225473 4
4345298944 3221225475 4
4412407808 3221225479 4
4412407808 3221225539 4
4412407808 3221229571 4
4412407808 3221487619 4
4412407808 3355443203 2
4412407808 11811160067 4
4412407808 71940702211 4
4345298944 3221225537 4
4412407808 3221225539 4
4412407808 3221225665 4
4412407808 3221229633 4
4412407808 3221487681 4
4412407808 3355443265 5
4412407808 11811160129 4
4412407808 71940702273 4
4345298944 3221229569 4
4412407808 3221229571 4
4412407808 3221229633 4
4412407808 3221237761 4
4412407808 3221491713 4
4412407808 3355447297 3
4412407808 11811164161 4
4412407808 71940706305 4
4345298944 3221487617 4
4412407808 3221487619 4
4412407808 3221487681 4
4412407808 3221491713 4
4412407808 3222011905 4
4412407808 3355705345 5
4412407808 11811422209 4
4412407808 71940964353 4
4345298944 3288334337 3
4345561088 3288334339 3
4345561088 3288334401 3
4345561088 3288338433 2
4345561088 3288858625 1
4345561088 3422552065 3
4345561088 11878268929 3
4345561088 72007811073 3
4345298944 11811160065 4
4412407808 11811160067 4
4412407808 11811160129 4
4412407808 11811164161 4
4412407808 11811422209 4
4412407808 11945377793 3
4412407808 28991029249 4
4412407808 80530636801 4
4345298944 71940702209 4
4412407808 71940702211 4
4412407808 71940702273 4
4412407808 71940706305 4
4412407808 71940964353 4
4412407808 72074919937 2
4412407808 80530636801 4
4412407808 209379655681 4
4311744512 3221225536 0
4311744513 3221225538 4
4345298945 3221225542 4
4345298945 3221225666 4
4345298945 3221229634 4
4345298945 3221487682 5
4345298945 3288334402 1
4345298945 11811160130 1
4345298945 71940702274 4
4311744513 3221225664 1
4311744769 3221225666 5
4311744769 3221226176 5
4311744769 3221229760 1
4311744769 3221487808 3
4311744769 3254780096 5
4311744769 11811160256 1
4311744769 71940702400 5
4311744513 3221229632 5
12901679105 3221229634 4
12901679105 3221229760 5
12901679105 3221237824 5
12901679105 3221491776 5
12901679105 3254784064 5
12901679105 20401098816 4
12901679105 71940706368 4
4311744513 3221487680 3
4312268801 3221487682 3
4312268801 3221487808 3
4312268801 3221491776 1
4312268801 3222536256 1
4312268801 3255042112 5
4312268801 11811422272 1
4312268801 71940964416 1
4311744513 3254779968 1
4311744641 3254779970 1
4311744641 3254780224 0
4311744641 3254784064 2
4311744641 3255042112 3
4311744641 3321888832 0
4311744641 11844714560 0
4311744641 71974256704 1
4311744513 11811160128 1
4311744641 11811160130 4
4311744641 11811160384 4
4311744641 11811164224 4
4311744641 11811422272 3
4311744641 11844714560 1
4311744641 28991029312 4
4311744641 80530636864 4
4311744513 71940702272 1
4311744641 71940702274 4
4311744641 71940702528 4
4311744641 71940706368 4
4311744641 71940964416 3
4311744641 71974256704 6
4311744641 80530636864 4
4311744641 209379655744 4
4311744512 3221229568 4
4345298944 3221229569 4
4412407808 3221229571 4
4412407808 3221229633 4
4412407808 3221237761 4
4412407808 3221491713 4
4412407808 3355447297 3
4412407808 11811164161 4
4412407808 71940706305 4
4345298944 3221229632 4
4412407808 3221229633 4
4412407808 3221229760 4
4412407808 3221237824 4
4412407808 3221491776 4
4412407808 3355447360 5
4412407808 11811164224 4
4412407808 71940706368 4
4345298944 3221237760 2
4345315328 3221237761 4
4345315328 3221237824 4
4345315328 3221270528 4
4345315328 3221499904 4
4345315328 3288346624 4
4345315328 11811172352 5
4345315328 71940714496 4
4345298944 3221491712 3
4345823232 3221491713 1
4345823232 3221491776 0
4345823232 3221499904 2
4345823232 3222540288 3
4345823232 3288600576 4
4345823232 11811426304 4
4345823232 71940968448 4
4345298944 3288338432 5
12935233536 3288338433 4
12935233536 3288338496 4
12935233536 3288346624 2
12935233536 3288600576 5
12935233536 3422556160 5
12935233536 20468207616 2
12935233536 72007815168 5
4345298944 11811164160 4
4412407808 11811164161 4
4412407808 11811164224 4
4412407808 11811172352 4
4412407808 11811426304 4
4412407808 11945381888 2
4412407808 28991033344 4
4412407808 80530640896 4
4345298944 71940706304 4
4412407808 71940706305 4
4412407808 71940706368 4
4412407808 71940714496 4
4412407808 71940968448 4
4412407808 72074924032 3
4412407808 80530640896 4
4412407808 209379659776 4
4311744512 3221487616 4
4345298944 3221487617 4
4412407808 3221487619 4
4412407808 3221487681 4
4412407808 3221491713 4
4412407808 3222011905 4
4412407808 3355705345 2
4412407808 11811422209 4
4412407808 71940964353 4
4345298944 3221487680 4
4412407808 3221487681 4
4412407808 3221487808 4
4412407808 3221491776 4
4412407808 3222011968 4
4412407808 3355705408 5
4412407808 11811422272 4
4412407808 71940964416 4
4345298944 3221491712 3
4345823232 3221491713 1
4345823232 3221491776 0
4345823232 3221499904 2
4345823232 3222540288 3
4345823232 3288600576 4
4345823232 11811426304 4
4345823232 71940968448 3
4345298944 3222011904 4
4412407808 3222011905 4
4412407808 3222011968 4
4412407808 3222016000 4
4412407808 3223060480 4
4412407808 3356229632 3
4412407808 11811946496 4
4412407808 71941488640 4
4345298944 3288596480 4
4479516672 3288596481 3
4479516672 3288596544 5
4479516672 3288600576 3
4479516672 3289120768 5
4479516672 3557031936 5
4479516672 11878531072 3
4479516672 72008073216 3
4345298944 11811422208 4
4412407808 11811422209 4
4412407808 11811422272 4
4412407808 11811426304 4
4412407808 11811946496 4
4412407808 11945639936 0
4412407808 28991291392 4
4412407808 80530898944 4
4345298944 71940964352 4
4412407808 71940964353 4
4412407808 71940964416 4
4412407808 71940968448 4
4412407808 71941488640 4
4412407808 72075182080 4
4412407808 80530898944 4
4412407808 209379917824 4
4311744512 3254779904 4
4378853376 3254779905 1
4378853440 3254779907 2
4378853440 3254780033 2
4378853440 3254784001 2
4378853440 3255042049 3
4378853440 3388997633 2
4378853440 11844714497 1
4378853440 71974256641 2
4378853376 3254779968 1
4378853504 3254779969 3
4378853504 3254780224 2
4378853504 3254784064 3
4378853504 3255042112 3
4378853504 3388997696 1
4378853504 11844714560 1
4378853504 71974256704 1
4378853376 3254784000 4
4513071104 3254784001 3
4513071104 3254784064 4
4513071104 3254792192 4
4513071104 3255046144 3
4513071104 3523219456 5
4513071104 11844718592 4
4513071104 71974260736 1
4378853376 3255042048 3
4379377664 3255042049 2
4379377664 3255042112 2
4379377664 3255046144 4
4379377664 3256090624 2
4379377664 3389259776 2
4379377664 11844976640 3
4379377664 71974518784 4
4378853376 3388997632 1
4378853440 3388997633 2
4378853440 3388997760 2
4378853440 3389001728 2
4378853440 3389259776 3
4378853440 3657433088 2
4378853440 11978932224 4
4378853440 72108474368 2
4378853376 11844714496 4
4513071104 11844714497 3
4513071104 11844714560 4
4513071104 11844718592 2
4513071104 11844976640 4
4513071104 12113149952 5
4513071104 29024583680 4
4513071104 80564191232 0
4378853376 71974256640 6
141817806848 71974256641 5
141817806848 71974256704 3
141817806848 71974260736 2
141817806848 71974518784 5
141817806848 72108474368 5
141817806848 80564191232 3
141817806848 346852163584 5
4311744512 11811160064 4
4345298944 11811160065 4
4412407808 11811160067 4
4412407808 11811160129 4
4412407808 11811164161 4
4412407808 11811422209 4
4412407808 11945377793 3
4412407808 28991029249 4
4412407808 80530636801 4
4345298944 11811160128 4
4412407808 11811160129 4
4412407808 11811160256 4
4412407808 11811164224 4
4412407808 11811422272 4
4412407808 11945377856 3
4412407808 28991029312 4
4412407808 80530636864 4
4345298944 11811164160 4
4412407808 11811164161 4
4412407808 11811164224 4
4412407808 11811172352 4
4412407808 11811426304 4
4412407808 11945381888 2
4412407808 28991033344 4
4412407808 80530640896 4
4345298944 11811422208 3
4345823232 11811422209 4
4345823232 11811422272 3
4345823232 11811426304 4
4345823232 11812470784 4
4345823232 11878531072 0
4345823232 28991291392 4
4345823232 80530898944 4
4345298944 11878268928 5
21525168128 11878268929 2
21525168128 11878268992 4
21525168128 11878273024 2
21525168128 11878531072 3
21525168128 12012486656 0
21525168128 46238007296 0
21525168128 80597745664 0
4345298944 28991029248 4
4412407808 28991029249 4
4412407808 28991029312 4
4412407808 28991033344 4
4412407808 28991291392 4
4412407808 29125246976 3
4412407808 63350767616 4
4412407808 97710505984 4
4345298944 80530636800 3
4345561088 80530636801 4
4345561088 80530636864 1
4345561088 80530640896 2
4345561088 80531161088 4
4345561088 80597745664 3
4345561088 97710505984 6
4345561088 217969590272 4
4311744512 71940702208 5
12901679104 71940702209 4
12935233536 71940702211 4
12935233536 71940702273 4
12935233536 71940706305 4
12935233536 71940964353 4
12935233536 72007811073 5
12935233536 89120571393 4
12935233536 209379655681 4
12901679104 71940702272 6
150340632576 71940702273 5
150340632576 71940702400 5
150340632576 71940706368 3
150340632576 71940964416 3
150340632576 71974256704 5
150340632576 89120571456 0
150340632576 346818609216 4
12901679104 71940706304 4
12935233536 71940706305 4
12935233536 71940706368 4
12935233536 71940714496 4
12935233536 71940968448 0
12935233536 72007815168 4
12935233536 89120575488 4
12935233536 209379659776 4
12901679104 71940964352 3
12902203392 71940964353 5
12902203392 71940964416 3
12902203392 71940968448 5
12902203392 71942012928 5
12902203392 71974518784 4
12902203392 89120833536 2
12902203392 209379917824 3
12901679104 71974256640 4
12968787968 71974256641 5
12968787968 71974256704 2
12968787968 71974260736 2
12968787968 71974518784 3
12968787968 72108474368 6
12968787968 89154125824 6
12968787968 209413210112 5
12901679104 89120571392 4
12935233536 89120571393 4
12935233536 89120571456 4
12935233536 89120575488 4
12935233536 89120833536 4
12935233536 89187680256 4
12935233536 123480309760 4
12935233536 226559524864 4
12901679104 209379655680 4
12935233536 209379655681 4
12935233536 209379655744 4
12935233536 209379659776 4
12935233536 209379917824 4
12935233536 209446764544 3
12935233536 226559524864 4
12935233536 484257562624 6
16777216 69793218560 4
50331648 69793218561 4
117440512 69793218563 4
117440512 69793218625 4
117440512 69793222657 4
117440512 69793480705 4
117440512 69927436289 2
117444608 69927436291 3
117444608 69927436353 2
117444608 69927444481 1
117444608 69927698433 3
117444608 70195871745 1
117444608 72074919937 3
117444608 207366389761 3
117440512 71940702209 4
117440512 207232172033 4
50331648 69793218624 5
2197815296 69793218625 4
2264924160 69793218627 4
2264924160 69793218753 4
2264924160 69793222721 4
2264924160 69793480769 4
2264924160 69927436353 5
2264924160 74088185921 4
2264924160 207232172097 4
2197815296 69793218752 4
2264924160 69793218753 4
2264924160 69793219008 4
2264924160 69793222848 4
2264924160 69793480896 4
2264924160 69927436480 5
2264924160 74088186048 4
2264924160 207232172224 4
2197815296 69793222720 4
2264924160 69793222721 4
2264924160 69793222848 4
2264924160 69793230912 4
2264924160 69793484864 4
2264924160 69927440448 5
2264924160 74088190016 4
2264924160 207232176192 4
2197815296 69793480768 3
2198339584 69793480769 5
2198339584 69793480896 5
2198339584 69793484864 5
2198339584 69794529344 5
2198339584 69860589632 5
2198339584 74088448064 5
2198339584 207232434240 4
2197815296 69860327488 5
6492782592 69860327489 5
6492782592 69860327616 5
6492782592 69860331584 2
6492782592 69860589632 3
6492782592 69994545216 6
6492782592 78450262080 2
6492782592 207299280960 5
2197815296 74088185920 4
2264924160 74088185921 4
2264924160 74088186048 4
2264924160 74088190016 4
2264924160 74088448064 4
2264924160 74222403648 4
2264924160 82678120512 4
2264924160 211527139392 4
2197815296 207232172096 4
2264924160 207232172097 4
2264924160 207232172224 4
2264924160 207232176192 4
2264924160 207232434240 4
2264924160 207366389824 5
2264924160 211527139392 4
2264924160 482110079040 4
50331648 69793222656 4
117440512 69793222657 4
117440512 69793222720 4
117440512 69793230848 4
117440512 69793484800 4
117440512 69927440384 6
137556393984 69927440385 2
137556393984 69927440448 5
137556393984 69927448576 5
137556393984 69927702528 3
137556393984 70195875840 0
137556393984 72074924032 2
137556393984 344805347328 1
117440512 71940706304 4
117440512 207232176128 4
50331648 69793480704 4
117440512 69793480705 4
117440512 69793480768 4
117440512 69793484800 4
117440512 69794004992 4
117440512 69927698432 3
117964800 69927698433 5
117964800 69927698496 2
117964800 69927702528 5
117964800 69928747008 5
117964800 70196133888 5
117964800 72075182080 2
117964800 207366651904 3
117440512 71940964352 4
117440512 207232434176 4
50331648 69860327424 4
184549376 69860327425 3
184811520 69860327427 1
184811520 69860327489 3
184811520 69860331521 2
184811520 69860851713 1
184811520 70128762881 1
184811520 72007811073 1
184811520 207299280897 1
184549376 69860327488 5
2332033024 69860327489 5
2332033024 69860327616 1
2332033024 69860331584 5
2332033024 69860589632 3
2332033024 70128762944 5
2332033024 74155294784 0
2332033024 207299280960 5
184549376 69860331520 1
184549440 69860331521 2
184549440 69860331648 2
184549440 69860339712 2
184549440 69860593664 2
184549440 70128766976 2
184549440 72007815168 2
184549440 207299284992 2
184549376 69860589568 3
185073664 69860589569 3
185073664 69860589632 5
185073664 69860593664 5
185073664 69861638144 5
185073664 70129025024 5
185073664 72008073216 5
185073664 207299543040 3
184549376 70128762880 5
2332033024 70128762881 3
2332033024 70128762944 5
2332033024 70128766976 2
2332033024 70129025024 3
2332033024 70665633792 5
2332033024 74423730176 6
2332033024 207567716352 3
184549376 72007811072 5
4479516672 72007811073 2
4479516672 72007811136 3
4479516672 72007815168 3
4479516672 72008073216 3
4479516672 72276246528 5
4479516672 80597745664 3
4479516672 209446764544 3
184549376 207299280896 3
184811520 207299280897 1
184811520 207299280960 3
184811520 207299284992 2
184811520 207299805184 1
184811520 207567716352 1
184811520 209446764544 5
184811520 482177187840 6
50331648 71940702208 4
117440512 71940702209 4
117440512 71940702272 4
117440512 71940706304 4
117440512 71940964352 4
117440512 72074919936 1
117440576 72074919937 5
117440576 72074920064 3
117440576 72074924032 5
117440576 72075182080 3
117440576 72343355392 3
117440576 76369887232 5
117440576 209513873408 3
117440512 76235669504 4
117440512 209379655680 4
50331648 207232172032 4
117440512 207232172033 4
117440512 207232172096 4
117440512 207232176128 4
117440512 207232434176 4
117440512 207366389760 1
117440576 207366389761 3
117440576 207366389888 5
117440576 207366393856 2
117440576 207366651904 3
117440576 207634825216 3
117440576 209513873408 3
117440576 482244296704 6
117440512 209379655680 4
117440512 482110078976 4
0 68719476736 3
262144 68719476737 2
266240 68719476739 4
17043456 68719476743 4
17043456 68719476803 4
17043456 68719484931 4
17043456 68720001027 4
17043456 68753031171 4
17043456 69793218563 4
17043456 206158430211 4
266240 68719476801 3
790528 68719476803 4
17567744 68719476807 4
17567744 68719476931 4
17567744 68719484995 4
17567744 68720525379 4
17567744 68753031235 4
17567744 69793218627 2
17567744 206158430275 4
790528 68719476929 4
17567744 68719476931 4
17567744 68719477185 4
17567744 68719485121 4
17567744 68720525505 4
17567744 68753031361 4
17567744 69793218753 4
17567744 206158430401 4
790528 68719484993 3
1839104 68719484995 3
1839104 68719485121 3
1839104 68719501377 3
1839104 68721582145 4
1839104 68736262209 3
1839104 69793226817 3
1839104 206158438465 3
790528 68720525377 2
798720 68720525379 4
798720 68720525505 2
798720 68720541761 5
798720 68722622529 1
798720 68737302593 1
798720 69794267201 5
798720 206159478849 5
790528 68736254017 3
1839104 68736254019 3
1839104 68736254145 3
1839104 68736262209 3
1839104 68738351169 2
1839104 68769808449 3
1839104 69809995841 3
1839104 206175207489 3
790528 69793218625 3
1839104 69793218627 3
1839104 69793218753 3
1839104 69793226817 3
1839104 69795315777 4
1839104 69809995841 3
1839104 71940702273 3
1839104 207232172097 3
790528 206158430273 3
1839104 206158430275 3
1839104 206158430401 3
1839104 206158438465 3
1839104 206160527425 2
1839104 206175207489 3
1839104 207232172097 3
1839104 481036337217 3
266240 68719484929 4
17043456 68719484931 4
17043456 68719484993 4
17043456 68719501313 4
17043456 68720009217 4
17043456 68753039361 4
17043456 69793226753 4
17043456 206158438401 4
266240 68720001025 4
17043456 68720001027 4
17043456 68720001089 4
17043456 68720009217 4
17043456 68721049601 4
17043456 68753555457 4
17043456 69793742849 4
17043456 206158954497 4
266240 68736253953 2
274432 68736253955 2
290816 68736253959 2
290816 68736254019 2
290816 68736286723 3
290816 68736778243 2
290816 68769808387 2
290816 69809995779 2
290816 206175207427 2
274432 68736254017 2
290816 68736254019 2
290816 68736254145 2
290816 68736286785 3
290816 68736778305 2
290816 68769808449 2
290816 69809995841 2
290816 206175207489 2
274432 68736270337 3
798720 68736270339 3
798720 68736270401 1
798720 68736303105 3
798720 68737318913 4
798720 68769824769 4
798720 69810012161 4
798720 206175223809 3
274432 68736778241 2
290816 68736778243 2
290816 68736778305 2
290816 68736811009 3
290816 68737826817 2
290816 68770332673 2
290816 69810520065 2
290816 206175731713 2
274432 68769808385 4
67383296 68769808387 2
67383296 68769808449 3
67383296 68769824769 3
67383296 68770332673 3
67383296 68904026113 3
67383296 69843550209 0
67383296 206208761857 4
274432 69809995777 2
290816 69809995779 2
290816 69809995841 2
290816 69810028545 3
290816 69810520065 2
290816 69843550209 2
290816 71957479425 2
290816 207248949249 2
274432 206175207425 3
798720 206175207427 3
798720 206175207489 1
798720 206175223809 3
798720 206176256001 2
798720 206208761857 3
798720 207248949249 4
798720 481053114369 6
266240 69793218561 3
790528 69793218563 2
798720 69793218567 0
798720 69793218627 2
798720 69793234947 1
798720 69794267139 4
798720 69809995779 5
798720 71940702211 2
798720 207232172035 1
790528 69793218625 3
1839104 69793218627 3
1839104 69793218753 3
1839104 69793226817 3
1839104 69795315777 1
1839104 69809995841 3
1839104 71940702273 3
1839104 207232172097 3
790528 69793226753 4
17567744 69793226755 4
17567744 69793226817 3
17567744 69793243137 4
17567744 69794275329 4
17567744 69826781185 4
17567744 71940710401 4
17567744 207232180225 4
790528 69794267137 2
798720 69794267139 4
798720 69794267201 0
798720 69794283521 1
798720 69796364289 4
798720 69811044353 2
798720 71941750785 4
798720 207233220609 1
790528 69809995777 4
34344960 69809995779 5
34344960 69809995841 2
34344960 69810003969 3
34344960 69811044353 5
34344960 69877104641 5
34344960 71957479425 3
34344960 207248949249 5
790528 71940702209 1
790592 71940702211 3
790592 71940702337 3
790592 71940710401 3
790592 71941750785 3
790592 71957479425 2
790592 76235669505 3
790592 209379655681 3
790528 207232172033 3
1839104 207232172035 3
1839104 207232172097 3
1839104 207232180225 3
1839104 207234269185 2
1839104 207248949249 3
1839104 209379655681 3
1839104 482110078977 3
266240 206158430209 4
17043456 206158430211 4
17043456 206158430273 4
17043456 206158438401 4
17043456 206158954497 4
17043456 206191984641 4
17043456 207232172033 4
17043456 481036337153 4
262144 68719476800 3
786432 68719476801 3
1835008 68719476803 0
1835008 68719476807 3
1835008 68719476929 3
1835008 68719480897 3
1835008 68721573953 1
1835008 68736254017 3
1835008 69793218625 3
1835008 206158430273 3
786432 68719476928 3
1835008 68719476929 3
1835008 68719477184 3
1835008 68719481024 3
1835008 68721574080 4
1835008 68736254144 3
1835008 69793218752 3
1835008 206158430400 3
786432 68719480896 2
794624 68719480897 1
794624 68719481024 3
794624 68719497280 3
794624 68720529472 1
794624 68736258112 4
794624 69793222720 3
794624 206158434368 3
786432 68720525376 3
2883584 68720525377 1
2883584 68720525504 1
2883584 68720529472 2
2883584 68724719680 1
2883584 68737302592 4
2883584 69794267200 5
2883584 206159478848 1
786432 68736254016 3
1835008 68736254017 3
1835008 68736254144 3
1835008 68736258112 3
1835008 68738351168 6
1835008 68769808448 3
1835008 69809995840 3
1835008 206175207488 3
786432 69793218624 3
1835008 69793218625 3
1835008 69793218752 3
1835008 69793222720 3
1835008 69795315776 6
1835008 69809995840 3
1835008 71940702272 3
1835008 207232172096 3
786432 206158430272 2
790528 206158430273 5
790528 206158430400 4
790528 206158438464 4
790528 206159478848 2
790528 206175207488 2
790528 207232172096 3
790528 481036337216 6
262144 68719476800 3
786432 68719476801 3
1835008 68719476803 4
1835008 68719476929 3
1835008 68719480897 3
1835008 68721573953 2
1835008 68736254017 3
1835008 69793218625 3
1835008 206158430273 3
786432 68719476928 3
1835008 68719476929 3
1835008 68719477184 3
1835008 68719481024 3
1835008 68721574080 4
1835008 68736254144 3
1835008 69793218752 3
1835008 206158430400 3
786432 68719480896 2
794624 68719480897 4
794624 68719481024 3
794624 68719497280 3
794624 68720529472 1
794624 68736258112 3
794624 69793222720 3
794624 206158434368 3
786432 68720525376 3
2883584 68720525377 5
2883584 68720525504 1
2883584 68720529472 2
2883584 68724719680 1
2883584 68737302592 4
2883584 69794267200 5
2883584 206159478848 3
786432 68736254016 3
1835008 68736254017 3
1835008 68736254144 3
1835008 68736258112 3
1835008 68738351168 3
1835008 68769808448 3
1835008 69809995840 3
1835008 206175207488 3
786432 69793218624 0
786433 69793218626 3
786433 69793218752 3
786433 69793222720 3
786433 69794267200 1
786433 69809995840 1
786433 71940702272 1
786433 207232172096 2
786432 206158430272 2
790528 206158430273 3
790528 206158430400 4
790528 206158438464 3
790528 206159478848 2
790528 206175207488 2
790528 207232172096 2
790528 481036337216 6
262144 68719480832 3
786432 68719480833 3
1835008 68719480835 3
1835008 68719480897 3
1835008 68719489025 3
1835008 68721577985 0
1835008 68736258049 3
1835008 69793222657 3
1835008 206158434305 3
786432 68719480896 3
1835008 68719480897 3
1835008 68719481024 3
1835008 68719489088 3
1835008 68721578048 2
1835008 68736258112 3
1835008 69793222720 3
1835008 206158434368 3
786432 68719489024 3
1835008 68719489025 3
1835008 68719489088 3
1835008 68719505408 3
1835008 68721586176 2
1835008 68736266240 3
1835008 69793230848 3
1835008 206158442496 3
786432 68720529408 2
794624 68720529409 2
794624 68720529472 1
794624 68720545792 6
794624 68722626560 6
794624 68737306624 4
794624 69794271232 3
794624 206159482880 2
786432 68736258048 4
34340864 68736258049 5
34340864 68736258112 5
34340864 68736266240 3
34340864 68737306624 2
34340864 68803366912 3
34340864 69809999872 5
34340864 206175211520 3
786432 69793222656 5
2148270080 69793222657 2
2148270080 69793222720 1
2148270080 69793230848 3
2148270080 69794271232 2
2148270080 69809999872 4
2148270080 74088189952 6
2148270080 207232176128 3
786432 206158434304 3
1835008 206158434305 3
1835008 206158434368 3
1835008 206158442496 3
1835008 206160531456 2
1835008 206175211520 3
1835008 207232176128 3
1835008 481036341248 3
262144 68720001024 1
262208 68720001025 3
1310784 68720001027 1
1310784 68720001153 3
1310784 68720005121 3
1310784 68722098177 2
1310784 68736778241 3
1310784 69793742849 3
1310784 206158954497 3
262208 68720001152 2
266304 68720001153 3
266304 68720001408 3
266304 68720009344 3
266304 68721049728 3
266304 68736778368 3
266304 69793742976 3
266304 206158954624 3
262208 68720005120 3
1310784 68720005121 3
1310784 68720005248 3
1310784 68720013312 3
1310784 68722102272 2
1310784 68736782336 4
1310784 69793746944 3
1310784 206158958592 3
262208 68721049600 2
266304 68721049601 3
266304 68721049728 3
266304 68721057792 3
266304 68723146752 3
266304 68737826816 3
266304 69794791424 3
266304 206160003072 3
262208 68736778240 2
266304 68736778241 3
266304 68736778368 3
266304 68736786432 3
266304 68737826816 3
266304 68770332672 3
266304 69810520064 3
266304 206175731712 3
262208 69793742848 2
266304 69793742849 3
266304 69793742976 3
266304 69793751040 3
266304 69794791424 3
266304 69810520064 3
266304 71941226496 3
266304 207232696320 3
262208 206158954496 2
266304 206158954497 3
266304 206158954624 3
266304 206158962688 3
266304 206160003072 3
266304 206175731712 3
266304 207232696320 3
266304 481036861440 3
262144 68736253952 3
786432 68736253953 0
137439739904 68736253955 3
137439739904 68736254017 6
137439739904 68736258049 3
137439739904 68737302529 4
137439739904 68769808385 3
137439739904 69809995777 3
137439739904 343614160897 4
786432 68736254016 1
786560 68736254017 4
786560 68736254272 3
786560 68736258112 3
786560 68737302592 4
786560 68769808448 3
786560 69809995840 6
786560 206175207488 2
786432 68736258048 3
1835008 68736258049 3
1835008 68736258112 3
1835008 68736266240 3
1835008 68738355200 4
1835008 68769812480 3
1835008 69809999872 3
1835008 206175211520 3
786432 68737302528 4
34340864 68737302529 4
34340864 68737302592 1
34340864 68737306624 2
34340864 68739399680 6
34340864 68804411392 6
34340864 69811044352 4
34340864 206176256000 4
786432 68769808384 4
67895296 68769808385 3
67895296 68769808448 3
67895296 68769812480 3
67895296 68770856960 4
67895296 68904026112 3
67895296 69843550208 3
67895296 206208761856 3
786432 69809995776 5
2148270080 69809995777 4
2148270080 69809995840 4
2148270080 69809999872 4
2148270080 69811044352 4
2148270080 69843550208 3
2148270080 74104963072 1
2148270080 207248949248 3
786432 206175207424 3
1835008 206175207425 3
1835008 206175207488 3
1835008 206175211520 3
1835008 206177304576 2
1835008 206208761856 3
1835008 207248949248 3
1835008 481053114368 3
262144 69793218560 3
786432 69793218561 3
1835008 69793218563 3
1835008 69793218625 0
1835008 69793222657 3
1835008 69795315713 0
1835008 69809995777 3
1835008 71940702209 3
1835008 207232172033 3
786432 69793218624 6
137439739904 69793218625 3
137439739904 69793218752 3
137439739904 69793222720 3
137439739904 69794267200 0
137439739904 69809995840 4
137439739904 71940702272 5
137439739904 344671125568 0
786432 69793222656 3
1835008 69793222657 3
1835008 69793222720 3
1835008 69793230848 3
1835008 69795319808 5
1835008 69809999872 3
1835008 71940706304 3
1835008 207232176128 3
786432 69794267136 5
2148270080 69794267137 5
2148270080 69794267200 6
2148270080 69794271232 2
2148270080 69796364288 5
2148270080 69811044352 4
2148270080 74089234432 2
2148270080 207233220608 1
786432 69809995776 0
786433 69809995778 4
786433 69809995840 5
786433 69809999872 3
786433 69811044352 4
786433 69843550208 3
786433 71957479424 2
786433 207248949248 3
786432 71940702208 2
790528 71940702209 1
790528 71940702272 3
790528 71940710400 1
790528 71941750784 1
790528 71957479424 3
790528 76235669504 5
790528 209379655680 1
786432 207232172032 1
786496 207232172033 2
786496 207232172160 2
786496 207232176128 3
786496 207233220608 2
786496 207248949248 3
786496 209379655680 2
786496 482110078976 6
262144 206158430208 3
786432 206158430209 4
17563648 206158430211 2
17563648 206158430273 5
17563648 206158434305 3
17563648 206159478785 2
17563648 206191984641 2
17563648 207232172033 4
17563648 481036337153 6
786432 206158430272 2
790528 206158430273 3
790528 206158430400 4
790528 206158438464 3
790528 206159478848 2
790528 206175207488 2
790528 207232172096 2
790528 481036337216 6
786432 206158434304 2
794624 206158434305 3
794624 206158434368 3
794624 206158450688 3
794624 206159482880 2
794624 206175211520 3
794624 207232176128 3
794624 481036341248 6
786432 206159478784 2
790528 206159478785 4
790528 206159478848 2
790528 206159486976 4
790528 206161575936 4
790528 206176256000 2
790528 207233220608 1
790528 481037385728 6
786432 206175207424 2
790528 206175207425 3
790528 206175207488 2
790528 206175215616 0
790528 206176256000 2
790528 206208761856 4
790528 207248949248 3
790528 481053114368 6
786432 207232172032 3
1835008 207232172033 0
1835008 207232172096 3
1835008 207232176128 3
1835008 207234269184 2
1835008 207248949248 3
1835008 209379655680 3
1835008 482110078976 3
786432 481036337152 6
549756600320 481036337153 2
549756600320 481036337216 3
549756600320 481036341248 3
549756600320 481037385728 2
549756600320 481053114368 1
549756600320 482110078976 3
549756600320 1580547964928 2
0 4096 5
1073741824 4097 1
1073741888 4099 5
3221225536 4103 0
3221225536 4227 1
3221225536 12291 2
3221225536 266243 3
3221225536 16781315 5
3221225536 4294971395 5
3221225536 68719480835 6
1073741888 4225 5
3221225536 4227 5
3221225536 4481 2
3221225536 12417 2
3221225536 266369 3
3221225536 16781441 5
3221225536 4294971521 0
3221225536 68719480961 6
1073741888 12289 2
1073758272 12291 2
1073758272 12417 5
1073758272 45057 5
1073758272 274433 3
1073758272 16789505 4
1073758272 2147495937 2
1073758272 68719489025 2
1073741888 266241 1
1073742016 266243 1
1073742016 266497 3
1073742016 274433 2
1073742016 790529 3
1073742016 17043457 3
1073742016 2147749889 1
1073742016 68719742977 2
1073741888 16781313 4
1107296320 16781315 2
1107296320 16781441 4
1107296320 16789505 2
1107296320 17043457 2
1107296320 83890177 2
1107296320 2164264961 2
1107296320 68736258049 2
1073741888 2147487745 2
1073750080 2147487747 2
1073750080 2147487873 2
1073750080 2147504129 1
1073750080 2147749889 3
1073750080 2164264961 4
1073750080 6442455041 1
1073750080 70866964481 2
1073741888 68719480833 2
1073750080 68719480835 2
1073750080 68719480961 2
1073750080 68719497217 0
1073750080 68719742977 2
1073750080 68736258049 4
1073750080 70866964481 1
1073750080 206158434305 2
1073741824 4160 3
1074003968 4161 3
1074528256 4163 6
1074528256 4289 4
1074528256 12353 3
1074528256 1052737 2
1074528256 16781377 4
1074528256 2147487809 2
1074528256 68719480897 5
1074003968 4288 3
1074528256 4289 4
1074528256 4544 1
1074528256 12480 4
1074528256 1052864 5
1074528256 16781504 3
1074528256 2147487936 3
1074528256 68719481024 3
1074003968 12352 2
1074020352 12353 2
1074020352 12480 2
1074020352 45120 3
1074020352 536640 3
1074020352 16789568 4
1074020352 2147496000 2
1074020352 68719489088 2
1074003968 528448 3
1075052544 528449 1
1075052544 528576 6
1075052544 536640 6
1075052544 2625600 3
1075052544 17305664 3
1075052544 2148012096 3
1075052544 68720005184 3
1074003968 16781376 3
1074528256 16781377 4
1074528256 16781504 3
1074528256 16789568 3
1074528256 17829952 3
1074528256 50335808 3
1074528256 2164265024 3
1074528256 68736258112 4
1074003968 2147487808 1
1074004096 2147487809 3
1074004096 2147488064 3
1074004096 2147496000 2
1074004096 2148012096 3
1074004096 2164265024 2
1074004096 6442455104 3
1074004096 70866964544 3
1074003968 68719480896 3
1074528256 68719480897 2
1074528256 68719481024 3
1074528256 68719489088 3
1074528256 68720529472 2
1074528256 68736258112 4
1074528256 70866964544 3
1074528256 206158434368 2
1073741824 12288 2
1073758208 12289 2
1073790976 12291 5
1073790976 12353 3
1073790976 77825 3
1073790976 274433 1
1073790976 16789505 2
1073790976 2147495937 3
1073790976 68719489025 6
1073758208 12352 3
1074020352 12353 2
1074020352 12480 2
1074020352 45120 3
1074020352 536640 3
1074020352 16789568 3
1074020352 2147496000 2
1074020352 68719489088 2
1073758208 45056 1
1073758272 45057 5
1073758272 45184 5
1073758272 110592 4
1073758272 307200 3
1073758272 16822272 5
1073758272 2147528704 5
1073758272 68719521792 4
1073758208 274432 1
1073758272 274433 1
1073758272 274560 2
1073758272 307200 3
1073758272 798720 3
1073758272 17051648 1
1073758272 2147758080 2
1073758272 68719751168 1
1073758208 16789504 1
1073758272 16789505 4
1073758272 16789632 4
1073758272 16822272 5
1073758272 17051648 5
1073758272 50343936 1
1073758272 2164273152 1
1073758272 68736266240 5
1073758208 2147495936 2
1073790976 2147495937 2
1073790976 2147496000 3
1073790976 2147561472 1
1073790976 2147758080 2
1073790976 2164273152 2
1073790976 6442463232 2
1073790976 70866972672 1
1073758208 68719489024 2
1073790976 68719489025 2
1073790976 68719489088 3
1073790976 68719554560 1
1073790976 68719751168 1
1073790976 68736266240 4
1073790976 70866972672 1
1073790976 206158442496 2
1073741824 266240 1
1073741888 266241 1
1073742016 266243 2
1073742016 266497 3
1073742016 274433 2
1073742016 790529 3
1073742016 17043457 3
1073742016 2147749889 1
1073742016 68719742977 2
1073741888 266368 5
3221225536 266369 5
3221225536 266624 3
3221225536 274560 2
3221225536 790656 3
3221225536 17043584 2
3221225536 4295233664 3
3221225536 68719743104 5
1073741888 274432 2
1073758272 274433 1
1073758272 274560 2
1073758272 307200 3
1073758272 798720 3
1073758272 17051648 3
1073758272 2147758080 2
1073758272 68719751168 2
1073741888 790528 3
1074790464 790529 3
1074790464 790656 3
1074790464 798720 3
1074790464 2887680 3
1074790464 17567744 3
1074790464 2148274176 3
1074790464 68720267264 3
1073741888 17043456 3
1074266176 17043457 2
1074266176 17043584 4
1074266176 17051648 3
1074266176 18092032 3
1074266176 50597888 3
1074266176 2164527104 2
1074266176 68736520192 4
1073741888 2147749888 3
1074266176 2147749889 3
1074266176 2147750016 3
1074266176 2147758080 3
1074266176 2148798464 3
1074266176 2164527104 3
1074266176 6442717184 1
1074266176 70867226624 2
1073741888 68719742976 3
1074266176 68719742977 3
1074266176 68719743104 5
1074266176 68719751168 2
1074266176 68720791552 3
1074266176 68736520192 4
1074266176 70867226624 1
1074266176 206158696448 2
1073741824 16781312 1
1073741888 16781313 2
1073750080 16781315 4
1073750080 16781441 2
1073750080 16797697 4
1073750080 17043457 4
1073750080 50335745 2
1073750080 2164264961 1
1073750080 68736258049 4
1073741888 16781440 5
3221225536 16781441 4
3221225536 16781696 4
3221225536 16789632 2
3221225536 17043584 4
3221225536 50335872 4
3221225536 4311748736 4
3221225536 68736258176 5
1073741888 16789504 2
1073758272 16789505 4
1073758272 16789632 4
1073758272 16822272 5
1073758272 17051648 5
1073758272 50343936 1
1073758272 2164273152 1
1073758272 68736266240 1
1073741888 17043456 3
1074266176 17043457 2
1074266176 17043584 4
1074266176 17051648 3
1074266176 18092032 3
1074266176 50597888 3
1074266176 2164527104 2
1074266176 68736520192 4
1073741888 50335744 4
1140850752 50335745 3
1140850752 50335872 5
1140850752 50343936 5
1140850752 50597888 2
1140850752 184553472 1
1140850752 2197819392 2
1140850752 68769812480 2
1073741888 2164264960 1
1073742016 2164264961 1
1073742016 2164265216 2
1073742016 2164273152 2
1073742016 2164527104 4
1073742016 2197819392 4
1073742016 6459232256 2
1073742016 70883741696 1
1073741888 68736258048 4
1107296320 68736258049 2
1107296320 68736258176 2
1107296320 68736266240 4
1107296320 68736520192 2
1107296320 68803366912 2
1107296320 70883741696 4
1107296320 206175211520 2
1073741824 2147487744 2
1073750016 2147487745 2
1073766400 2147487747 2
1073766400 2147487809 3
1073766400 2147520513 1
1073766400 2147749889 1
1073766400 2164264961 2
1073766400 6442455041 2
1073766400 70866964481 1
1073750016 2147487808 3
1074012160 2147487809 3
1074012160 2147487936 2
1074012160 2147504192 2
1074012160 2148012096 3
1074012160 2164265024 2
1074012160 6442455104 3
1074012160 70866964544 3
1073750016 2147504128 2
1073782784 2147504129 3
1073782784 2147504192 3
1073782784 2147569664 4
1073782784 2147766272 0
1073782784 2164281344 0
1073782784 6442471424 0
1073782784 70866980864 4
1073750016 2147749888 1
1073750080 2147749889 3
1073750080 2147750016 2
1073750080 2147766272 1
1073750080 2148274176 3
1073750080 2164527104 1
1073750080 6442717184 3
1073750080 70867226624 3
1073750016 2164264960 2
1073766400 2164264961 2
1073766400 2164265024 3
1073766400 2164297728 5
1073766400 2164527104 1
1073766400 2197819392 1
1073766400 6459232256 2
1073766400 70883741696 2
1073750016 6442455040 2
1073766400 6442455041 1
1073766400 6442455104 2
1073766400 6442487808 1
1073766400 6442717184 1
1073766400 6459232256 2
1073766400 15032389632 5
1073766400 75161931776 2
1073750016 70866964480 1
1073750080 70866964481 2
1073750080 70866964608 2
1073750080 70866980864 1
1073750080 70867226624 3
1073750080 70883741696 1
1073750080 75161931776 1
1073750080 208305917952 1
1073741824 68719480832 1
1073741888 68719480833 2
1073750080 68719480835 2
1073750080 68719480961 2
1073750080 68719497217 2
1073750080 68719742977 1
1073750080 68736258049 4
1073750080 70866964481 2
1073750080 206158434305 2
1073741888 68719480960 1
1073742144 68719480961 1
1073742144 68719481472 5
1073742144 68719489152 6
1073742144 68719743104 3
1073742144 68736258176 4
1073742144 70866964608 5
1073742144 206158434432 1
1073741888 68719489024 2
1073758272 68719489025 2
1073758272 68719489152 2
1073758272 68719521792 4
1073758272 68719751168 2
1073758272 68736266240 5
1073758272 70866972672 2
1073758272 206158442496 2
1073741888 68719742976 3
1074266176 68719742977 1
1074266176 68719743104 2
1074266176 68719751168 2
1074266176 68720791552 3
1074266176 68736520192 4
1074266176 70867226624 2
1074266176 206158696448 3
1073741888 68736258048 4
1107296320 68736258049 2
1107296320 68736258176 5
1107296320 68736266240 4
1107296320 68736520192 2
1107296320 68803366912 2
1107296320 70883741696 4
1107296320 206175211520 2
1073741888 70866964480 2
1073750080 70866964481 2
1073750080 70866964608 2
1073750080 70866980864 1
1073750080 70867226624 3
1073750080 70883741696 1
1073750080 75161931776 1
1073750080 208305917952 2
1073741888 206158434304 2
1073750080 206158434305 2
1073750080 206158434432 2
1073750080 206158450688 5
1073750080 206158696448 3
1073750080 206175211520 4
1073750080 208305917952 2
1073750080 481036341248 6
0 262144 3
524288 262145 2
528384 262147 3
1576960 262151 0
1576960 262211 3
1576960 270339 2
1576960 2359299 4
1576960 17039363 3
1576960 1074003971 5
1576960 68719738883 6
528384 262209 3
1576960 262211 3
1576960 262337 3
1576960 270401 3
1576960 2359361 1
1576960 17039425 4
1576960 1074004033 2
1576960 68719738945 5
528384 270337 3
1576960 270339 2
1576960 270401 3
1576960 286721 3
1576960 2367489 2
1576960 17047553 0
1576960 1074012161 6
1576960 68719747073 6
528384 1310721 2
536576 1310723 2
536576 1310785 3
536576 1327105 2
536576 3407873 0
536576 18087937 2
536576 1075052545 5
536576 68720787457 4
528384 17039361 2
536576 17039363 2
536576 17039425 1
536576 17055745 4
536576 18087937 2
536576 50593793 2
536576 1090781185 6
536576 68736516097 5
528384 1074003969 3
1576960 1074003971 5
1576960 1074004033 3
1576960 1074012161 6
1576960 1076101121 2
1576960 1090781185 6
1576960 3221487617 3
1576960 69793480705 4
528384 68719738881 2
536576 68719738883 2
536576 68719738945 2
536576 68719755265 3
536576 68720787457 4
536576 68736516097 5
536576 69793480705 4
536576 206158692353 2
524288 262208 2
528384 262209 3
1576960 262211 3
1576960 262337 3
1576960 270401 3
1576960 2359361 1
1576960 17039425 2
1576960 1074004033 3
1576960 68719738945 0
528384 262336 3
1576960 262337 3
1576960 262592 1
1576960 270528 2
1576960 2359488 0
1576960 17039552 3
1576960 1074004160 3
1576960 68719739072 3
528384 270400 3
1576960 270401 3
1576960 270528 2
1576960 286784 3
1576960 2367552 2
1576960 17047616 3
1576960 1074012224 6
1576960 68719747136 5
528384 1310784 2
536576 1310785 1
536576 1310912 2
536576 1327168 1
536576 3407936 2
536576 18088000 1
536576 1075052608 1
536576 68720787520 1
528384 17039424 3
1576960 17039425 3
1576960 17039552 3
1576960 17047616 2
1576960 19136576 2
1576960 50593856 3
1576960 1090781248 6
1576960 68736516160 5
528384 1074004032 3
1576960 1074004033 2
1576960 1074004160 3
1576960 1074012224 3
1576960 1076101184 4
1576960 1090781248 6
1576960 3221487680 3
1576960 69793480768 4
528384 68719738944 3
1576960 68719738945 6
1576960 68719739072 3
1576960 68719747136 2
1576960 68721836096 5
1576960 68736516160 5
1576960 69793480768 4
1576960 206158692416 4
524288 266240 4
17301504 266241 1
17301568 266243 4
17301568 266369 3
17301568 274433 2
17301568 1314817 4
17301568 33820673 3
17301568 1074008065 2
17301568 68719742977 4
17301504 266304 0
17301505 266306 3
17301505 266432 3
17301505 274496 2
17301505 1314880 4
17301505 33820736 4
17301505 1074008128 1
17301505 68719743040 1
17301504 274432 2
17317888 274433 1
17317888 274496 0
17317888 307200 3
17317888 1323008 4
17317888 33828864 3
17317888 1074016256 3
17317888 68719751168 3
17301504 1314816 4
50855936 1314817 1
50855936 1314880 0
50855936 1323008 2
50855936 3411968 2
50855936 68423680 2
50855936 1075056640 5
50855936 68720791552 2
17301504 33820672 3
18350080 33820673 1
18350080 33820736 0
18350080 33828864 3
18350080 35917824 3
18350080 100929536 3
18350080 1107562496 4
18350080 68753297408 2
17301504 1074008064 3
18350080 1074008065 1
18350080 1074008128 0
18350080 1074016256 3
18350080 1076105216 4
18350080 1107562496 3
18350080 3221491712 2
18350080 69793484800 4
17301504 68719742976 4
50855936 68719742977 1
50855936 68719743040 0
50855936 68719751168 4
50855936 68720791552 4
50855936 68786851840 2
50855936 69793484800 5
50855936 206158696448 4
524288 1310720 3
2621440 1310721 5
1076363264 1310723 3
1076363264 1310785 2
1076363264 1314817 1
1076363264 5505025 5
1076363264 18087937 5
1076363264 2148794369 5
1076363264 68720787457 5
2621440 1310784 0
2621441 1310786 1
2621441 1310912 1
2621441 1314880 4
2621441 5505088 1
2621441 18088000 2
2621441 1075052608 6
2621441 68720787520 4
2621440 1314816 4
19398656 1314817 1
19398656 1314880 0
19398656 1323008 2
19398656 5509120 4
19398656 34869248 4
19398656 1075056640 4
19398656 68720791552 4
2621440 5505024 5
1076363264 5505025 5
1076363264 5505088 2
1076363264 5509120 1
1076363264 13893632 1
1076363264 22282240 2
1076363264 2152988672 5
1076363264 68724981760 2
2621440 18087936 2
2625536 18087937 2
2625536 18088000 2
2625536 18096128 2
2625536 22282240 2
2625536 51642368 4
2625536 1091829760 6
2625536 68737564672 5
2621440 1075052544 4
19398656 1075052545 4
19398656 1075052608 5
19398656 1075056640 4
19398656 1079246848 4
19398656 1108606976 4
19398656 3222536192 5
19398656 69794529280 4
2621440 68720787456 1
2621504 68720787457 0
2621504 68720787584 1
2621504 68720791552 1
2621504 68724981760 1
2621504 68737564672 5
2621504 69794529280 4
2621504 206159740928 1
524288 17039360 2
528384 17039361 2
536576 17039363 2
536576 17039425 1
536576 17055745 4
536576 18087937 4
536576 50593793 2
536576 1090781185 6
536576 68736516097 5
528384 17039424 3
1576960 17039425 4
1576960 17039552 1
1576960 17047616 3
1576960 19136576 2
1576960 50593856 3
1576960 1090781248 6
1576960 68736516160 5
528384 17047552 2
544768 17047553 2
544768 17047616 3
544768 17080320 5
544768 18096128 3
544768 50601984 4
544768 1090789376 6
544768 68736524288 5
528384 18087936 2
536576 18087937 4
536576 18088000 1
536576 18104320 4
536576 20185088 4
536576 51642368 4
536576 1091829760 6
536576 68737564672 5
528384 50593792 4
67637248 50593793 3
67637248 50593856 3
67637248 50601984 3
67637248 51642368 2
67637248 184811520 3
67637248 1124335616 6
67637248 68770070528 5
528384 1090781184 6
68720005120 1090781185 5
68720005120 1090781248 5
68720005120 1090789376 2
68720005120 1091829760 2
68720005120 1124335616 4
68720005120 3238264832 3
68720005120 138529734656 3
528384 68736516096 5
1074270208 68736516097 2
1074270208 68736516160 3
1074270208 68736524288 2
1074270208 68737564672 2
1074270208 68770070528 4
1074270208 70883999744 3
1074270208 206175469568 2
524288 1074003968 4
17301504 1074003969 4
50855936 1074003971 4
50855936 1074004033 2
50855936 1074008065 1
50855936 1075052545 5
50855936 1141112833 5
50855936 3221487617 4
50855936 69793480705 5
17301504 1074004032 3
18350080 1074004033 2
18350080 1074004160 3
18350080 1074008128 0
18350080 1076101184 2
18350080 1107558464 0
18350080 3221487680 3
18350080 69793480768 2
17301504 1074008064 3
18350080 1074008065 1
18350080 1074008128 0
18350080 1074016256 2
18350080 1076105216 4
18350080 1107562496 4
18350080 3221491712 5
18350080 69793484800 4
17301504 1075052544 4
50855936 1075052545 5
50855936 1075052608 5
50855936 1075056640 5
50855936 1077149696 4
50855936 1142161408 5
50855936 3222536192 4
50855936 69794529280 5
17301504 1107558400 3
18350080 1107558401 1
18350080 1107558464 3
18350080 1107562496 3
18350080 1109655552 4
18350080 1174667264 3
18350080 3255042048 4
18350080 69827035136 3
17301504 3221487616 3
18350080 3221487617 5
18350080 3221487680 3
18350080 3221491712 2
18350080 3223584768 6
18350080 3255042048 4
18350080 7516454912 5
18350080 71940964352 3
17301504 69793480704 3
18350080 69793480705 5
18350080 69793480768 2
18350080 69793484800 3
18350080 69795577856 5
18350080 69827035136 3
18350080 71940964352 3
18350080 207232434176 3
524288 68719738880 3
1572864 68719738881 3
3670016 68719738883 3
3670016 68719738945 3
3670016 68719742977 3
3670016 68723933185 0
3670016 68736516097 3
3670016 69793480705 3
3670016 206158692353 3
1572864 68719738944 3
3670016 68719738945 3
3670016 68719739072 3
3670016 68719743040 3
3670016 68723933248 2
3670016 68736516160 3
3670016 69793480768 3
3670016 206158692416 3
1572864 68719742976 1
1572928 68719742977 1
1572928 68719743104 3
1572928 68719751168 2
1572928 68721840128 4
1572928 68736520192 5
1572928 69793484800 4
1572928 206158696448 2
1572864 68721836032 4
18350080 68721836033 4
18350080 68721836096 1
18350080 68721840128 1
18350080 68726030336 6
18350080 68755390464 4
18350080 69795577856 5
18350080 206160789504 2
1572864 68736516096 5
1075314688 68736516097 5
1075314688 68736516160 2
1075314688 68736520192 1
1075314688 68738613248 3
1075314688 68770070528 3
1075314688 70883999744 3
1075314688 206175469568 3
1572864 69793480704 4
18350080 69793480705 2
18350080 69793480768 2
18350080 69793484800 4
18350080 69795577856 5
18350080 69827035136 3
18350080 71940964352 3
18350080 207232434176 3
1572864 206158692352 3
3670016 206158692353 3
3670016 206158692416 3
3670016 206158696448 3
3670016 206162886656 2
3670016 206175469568 3
3670016 207232434176 3
3670016 481036599296 3
0 16777216 2
4096 16777217 2
12288 16777219 4
33566720 16777223 0
33566720 16777283 2
33566720 16793603 2
33566720 17039363 2
33566720 83886083 5
33566720 1090519043 3
33566720 68736253955 2
12288 16777281 5
1073754112 16777283 2
1073754112 16777409 2
1073754112 16793665 4
1073754112 17039425 3
1073754112 50331713 2
1073754112 2164260929 2
1073754112 68736254017 2
12288 16793601 4
33566720 16793603 5
33566720 16793665 6
33566720 16826369 6
33566720 17055745 3
33566720 83902465 4
33566720 1090535425 6
33566720 68736270337 5
12288 17039361 3
536576 17039363 2
536576 17039425 1
536576 17055745 4
536576 18087937 4
536576 50593793 2
536576 1090781185 6
536576 68736516097 5
12288 50331649 4
67121152 50331651 0
67121152 50331713 2
67121152 50348033 2
67121152 50593793 0
67121152 184549377 0
67121152 1124073473 3
67121152 68769808385 3
12288 1090519041 4
33566720 1090519043 3
33566720 1090519105 3
33566720 1090535425 6
33566720 1090781185 6
33566720 1157627905 4
33566720 3238002689 5
33566720 69809995777 3
12288 68736253953 3
274432 68736253955 3
274432 68736254017 3
274432 68736270337 3
274432 68736778241 2
274432 68769808385 4
274432 69809995777 2
274432 206175207425 3
4096 16777280 2
12288 16777281 2
28672 16777283 2
28672 16777409 2
28672 16810049 5
28672 17039425 2
28672 50331713 2
28672 1090519105 2
28672 68736254017 2
12288 16777408 2
28672 16777409 2
28672 16777664 2
28672 16810176 4
28672 17039552 2
28672 50331840 2
28672 1090519232 2
28672 68736254144 2
12288 16793664 4
33566720 16793665 5
33566720 16793792 1
33566720 16826432 1
33566720 17055808 3
33566720 83902528 6
33566720 1090535488 6
33566720 68736270400 5
12288 17039424 1
12416 17039425 3
12416 17039680 3
12416 17055808 3
12416 17563712 2
12416 50593856 4
12416 1090781248 6
12416 68736516160 5
12288 50331712 4
67121152 50331713 2
67121152 50331840 1
67121152 50348096 2
67121152 50593856 3
67121152 184549440 2
67121152 1124073536 6
67121152 68769808448 2
12288 1090519104 4
33566720 1090519105 2
33566720 1090519232 2
33566720 1090535488 6
33566720 1090781248 6
33566720 1157627968 1
33566720 3238002752 1
33566720 69809995840 3
12288 68736254016 2
28672 68736254017 2
28672 68736254144 2
28672 68736286784 4
28672 68736516160 2
28672 68769808448 2
28672 69809995840 2
28672 206175207488 2
4096 16785408 2
20480 16785409 4
33574912 16785411 3
33574912 16785473 2
33574912 16818177 4
33574912 17047553 3
33574912 83894273 4
33574912 1090527233 4
33574912 68736262145 2
20480 16785472 2
53248 16785473 2
53248 16785600 2
53248 16851008 4
53248 17047616 5
53248 50339904 1
53248 1090527296 3
53248 68736262208 2
20480 16818176 4
33574912 16818177 4
33574912 16818240 2
33574912 16883712 4
33574912 17080320 4
33574912 83927040 4
33574912 1090560000 4
33574912 68736294912 4
20480 17047552 3
544768 17047553 2
544768 17047616 3
544768 17080320 5
544768 18096128 3
544768 50601984 4
544768 1090789376 6
544768 68736524288 5
20480 50339840 2
53248 50339841 4
53248 50339904 1
53248 50405376 4
53248 50601984 2
53248 117448704 4
53248 1124081664 3
53248 68769816576 3
20480 1090527232 3
282624 1090527233 3
282624 1090527296 4
282624 1090560000 4
282624 1091051520 5
282624 1124081664 2
282624 3238010880 3
282624 69810003968 3
20480 68736262144 3
282624 68736262145 3
282624 68736262208 4
282624 68736294912 3
282624 68736786432 0
282624 68769816576 2
282624 69810003968 3
282624 206175215616 4
4096 17039360 3
528384 17039361 2
536576 17039363 2
536576 17039425 1
536576 17055745 4
536576 18087937 2
536576 50593793 2
536576 1090781185 6
536576 68736516097 5
528384 17039424 3
1576960 17039425 3
1576960 17039552 3
1576960 17047616 3
1576960 19136576 2
1576960 50593856 3
1576960 1090781248 6
1576960 68736516160 5
528384 17047552 2
544768 17047553 2
544768 17047616 3
544768 17080320 5
544768 18096128 3
544768 50601984 4
544768 1090789376 6
544768 68736524288 5
528384 18087936 2
536576 18087937 2
536576 18088000 1
536576 18104320 4
536576 20185088 2
536576 51642368 4
536576 1091829760 6
536576 68737564672 5
528384 50593792 4
67637248 50593793 3
67637248 50593856 3
67637248 50601984 3
67637248 51642368 2
67637248 184811520 3
67637248 1124335616 6
67637248 68770070528 5
528384 1090781184 6
68720005120 1090781185 5
68720005120 1090781248 5
68720005120 1090789376 3
68720005120 1091829760 2
68720005120 1124335616 4
68720005120 3238264832 3
68720005120 138529734656 3
528384 68736516096 5
1074270208 68736516097 2
1074270208 68736516160 3
1074270208 68736524288 2
1074270208 68737564672 2
1074270208 68770070528 4
1074270208 70883999744 3
1074270208 206175469568 3
4096 50331648 4
67112960 50331649 2
67121152 50331651 0
67121152 50331713 2
67121152 50348033 2
67121152 50593793 0
67121152 184549377 6
67121152 1124073473 3
67121152 68769808385 3
67112960 50331712 2
67121152 50331713 2
67121152 50331840 1
67121152 50348096 2
67121152 50593856 1
67121152 184549440 1
67121152 1124073536 6
67121152 68769808448 2
67112960 50339840 4
201330688 50339841 3
201330688 50339904 4
201330688 50356224 4
201330688 50601984 4
201330688 318775296 3
201330688 1124081664 3
201330688 68769816576 3
67112960 50593792 2
67121152 50593793 2
67121152 50593856 1
67121152 50610176 3
67121152 51118080 2
67121152 184811520 2
67121152 1124335616 6
67121152 68770070528 5
67112960 184549376 2
67121152 184549377 6
67121152 184549440 6
67121152 184565760 2
67121152 184811520 3
67121152 452984832 3
67121152 1258291200 3
67121152 68904026112 2
67112960 1124073472 2
67121152 1124073473 3
67121152 1124073536 6
67121152 1124089856 2
67121152 1124335616 6
67121152 1258291200 3
67121152 3271557120 3
67121152 69843550208 3
67112960 68769808384 5
1140854784 68769808385 4
1140854784 68769808448 4
1140854784 68769816576 1
1140854784 68770070528 3
1140854784 68904026112 2
1140854784 70917292032 5
1140854784 206208761856 2
4096 1090519040 5
2147487744 1090519041 6
70866964480 1090519043 5
70866964480 1090519105 6
70866964480 1090527233 4
70866964480 1090781185 3
70866964480 1124073473 4
70866964480 5385486337 4
70866964480 138529472513 5
2147487744 1090519104 6
70866964480 1090519105 2
70866964480 1090519232 5
70866964480 1090527296 5
70866964480 1090781248 3
70866964480 1124073536 4
70866964480 5385486400 2
70866964480 138529472576 2
2147487744 1090527232 5
6442455040 1090527233 5
6442455040 1090527296 5
6442455040 1090543616 5
6442455040 1090789376 6
6442455040 1124081664 5
6442455040 9680461824 2
6442455040 69810003968 3
2147487744 1090781184 6
70866964480 1090781185 3
70866964480 1090781248 3
70866964480 1090789376 5
70866964480 1091305472 3
70866964480 1124335616 4
70866964480 5385748480 3
70866964480 138529734656 2
2147487744 1124073472 4
2214596608 1124073473 6
2214596608 1124073536 6
2214596608 1124081664 3
2214596608 1124335616 6
2214596608 1258291200 6
2214596608 5419040768 5
2214596608 69843550208 3
2147487744 5385486336 2
2147495936 5385486337 5
2147495936 5385486400 6
2147495936 5385502720 6
2147495936 5385748480 6
2147495936 5419040768 4
2147495936 13975420928 6
2147495936 74104963072 3
2147487744 69809995776 3
2147749888 69809995777 3
2147749888 69809995840 3
2147749888 69810003968 3
2147749888 69810520064 1
2147749888 69843550208 4
2147749888 74104963072 3
2147749888 207248949248 5
4096 68736253952 5
1073745920 68736253953 2
1073754112 68736253955 2
1073754112 68736254017 6
1073754112 68736270337 4
1073754112 68736516097 2
1073754112 68769808385 4
1073754112 70883737601 6
1073754112 206175207425 2
1073745920 68736254016 2
1073754112 68736254017 0
1073754112 68736254144 5
1073754112 68736270400 4
1073754112 68736516160 3
1073754112 68769808448 4
1073754112 70883737664 4
1073754112 206175207488 1
1073745920 68736262144 2
1073762304 68736262145 4
1073762304 68736262208 4
1073762304 68736294912 5
1073762304 68736524288 5
1073762304 68769816576 4
1073762304 70883745792 2
1073762304 206175215616 2
1073745920 68736516096 2
1073754112 68736516097 2
1073754112 68736516160 3
1073754112 68736532480 3
1073754112 68737040384 3
1073754112 68770070528 2
1073754112 70883999744 2
1073754112 206175469568 5
1073745920 68769808384 4
1140854784 68769808385 4
1140854784 68769808448 2
1140854784 68769816576 2
1140854784 68770070528 4
1140854784 68904026112 2
1140854784 70917292032 2
1140854784 206208761856 5
1073745920 70883737600 5
5368713216 70883737601 0
5368713216 70883737664 5
5368713216 70883745792 5
5368713216 70883999744 3
5368713216 70917292032 4
5368713216 79473672192 2
5368713216 208322691072 5
1073745920 206175207424 2
1073754112 206175207425 2
1073754112 206175207488 0
1073754112 206175223808 4
1073754112 206175469568 3
1073754112 206208761856 2
1073754112 208322691072 5
1073754112 481053114368 6
0 1073741824 4
16777216 1073741825 1
16777280 1073741827 2
16781376 1073741831 4
16781376 1073741955 4
16781376 1073750019 4
16781376 1074003971 3
16781376 1107296259 4
16781376 3221225475 4
16781376 69793218563 4
16777280 1073741953 1
16777536 1073741955 3
16777536 1073742465 4
16777536 1073746049 4
16777536 1074004097 3
16777536 1107296385 1
16777536 3221225601 5
16777536 69793218689 4
16777280 1073745921 4
50331712 1073745923 5
50331712 1073746049 5
50331712 1073754113 2
50331712 1074008065 2
50331712 1140854785 2
50331712 3221229569 4
50331712 69793222657 2
16777280 1074003969 3
17301568 1074003971 4
17301568 1074004097 5
17301568 1074008065 3
17301568 1075052545 4
17301568 1107558401 3
17301568 3221487617 3
17301568 69793480705 3
16777280 1107296257 4
83886144 1107296259 5
83886144 1107296385 4
83886144 1107300353 2
83886144 1107558401 4
83886144 1241513985 1
83886144 3254779905 4
83886144 69826772993 4
16777280 3221225473 1
16777408 3221225475 4
16777408 3221225729 6
16777408 3221229569 1
16777408 3221487617 1
16777408 3254779905 0
16777408 7516192769 5
16777408 71940702209 3
16777280 69793218561 0
16777282 69793218565 3
16777282 69793218689 4
16777282 69793222657 4
16777282 69793480705 3
16777282 69826772993 1
16777282 71940702209 1
16777282 207232172033 3
16777216 1073741888 0
16777217 1073741890 4
50331649 1073741894 6
50331649 1073742018 1
50331649 1073745986 4
50331649 1074004034 4
50331649 1140850754 4
50331649 3221225538 5
50331649 69793218626 4
16777217 1073742016 1
16777473 1073742018 4
16777473 1073742528 4
16777473 1073746112 1
16777473 1074004160 3
16777473 1107296448 1
16777473 3221225664 5
16777473 69793218752 4
16777217 1073745984 4
50331649 1073745986 1
50331649 1073746112 4
50331649 1073754176 2
50331649 1074008128 3
50331649 1140854848 4
50331649 3221229632 1
50331649 69793222720 2
16777217 1074004032 3
17301505 1074004034 4
17301505 1074004160 4
17301505 1074008128 1
17301505 1075052608 4
17301505 1107558464 3
17301505 3221487680 3
17301505 69793480768 3
16777217 1107296320 4
83886081 1107296322 4
83886081 1107296448 1
83886081 1107300416 5
83886081 1107558464 6
83886081 1241514048 1
83886081 3254779968 0
83886081 69826773056 4
16777217 3221225536 1
16777345 3221225538 4
16777345 3221225792 4
16777345 3221229632 2
16777345 3221487680 3
16777345 3254779968 4
16777345 7516192832 5
16777345 71940702272 0
16777217 69793218624 4
50331649 69793218626 6
50331649 69793218752 0
50331649 69793222720 2
50331649 69793480768 4
50331649 69860327488 1
50331649 71940702272 4
50331649 207232172096 6
16777216 1073745920 4
50331648 1073745921 2
50339840 1073745923 3
50339840 1073745985 3
50339840 1073762305 5
50339840 1074008065 1
50339840 1140854785 1
50339840 3221229569 2
50339840 69793222657 3
50331648 1073745984 0
50331649 1073745986 5
50331649 1073746112 2
50331649 1073754176 2
50331649 1074008128 3
50331649 1140854848 2
50331649 3221229632 4
50331649 69793222720 2
50331648 1073754112 2
50348032 1073754113 1
50348032 1073754176 0
50348032 1073786880 0
50348032 1074016256 5
50348032 1140862976 4
50348032 3221237760 5
50348032 69793230848 4
50331648 1074008064 5
2197815296 1074008065 1
2197815296 1074008128 0
2197815296 1074016256 2
2197815296 1074532352 4
2197815296 1141116928 3
2197815296 5368975360 3
2197815296 69793484800 3
50331648 1140854784 4
184549376 1140854785 1
184549376 1140854848 0
184549376 1140862976 2
184549376 1141116928 3
184549376 1409290240 5
184549376 3288338432 5
184549376 69860331520 1
50331648 3221229568 4
117440512 3221229569 4
117440512 3221229632 4
117440512 3221237760 4
117440512 3221491712 4
117440512 3355447296 2
117440512 7516196864 4
117440512 71940706304 4
50331648 69793222656 4
117440512 69793222657 4
117440512 69793222720 4
117440512 69793230848 4
117440512 69793484800 4
117440512 69927440384 6
117440512 71940706304 4
117440512 207232176128 4
16777216 1074003968 3
17301504 1074003969 3
18350080 1074003971 2
18350080 1074004033 2
18350080 1074008065 1
18350080 1076101121 1
18350080 1107558401 1
18350080 3221487617 2
18350080 69793480705 1
17301504 1074004032 3
18350080 1074004033 2
18350080 1074004160 3
18350080 1074008128 0
18350080 1076101184 2
18350080 1107558464 3
18350080 3221487680 3
18350080 69793480768 2
17301504 1074008064 3
18350080 1074008065 1
18350080 1074008128 0
18350080 1074016256 3
18350080 1076105216 4
18350080 1107562496 3
18350080 3221491712 5
18350080 69793484800 2
17301504 1075052544 4
50855936 1075052545 5
50855936 1075052608 5
50855936 1075056640 5
50855936 1077149696 4
50855936 1142161408 5
50855936 3222536192 4
50855936 69794529280 4
17301504 1107558400 3
18350080 1107558401 3
18350080 1107558464 4
18350080 1107562496 3
18350080 1109655552 4
18350080 1174667264 3
18350080 3255042048 4
18350080 69827035136 3
17301504 3221487616 3
18350080 3221487617 5
18350080 3221487680 3
18350080 3221491712 2
18350080 3223584768 6
18350080 3255042048 4
18350080 7516454912 5
18350080 71940964352 3
17301504 69793480704 3
18350080 69793480705 3
18350080 69793480768 4
18350080 69793484800 4
18350080 69795577856 5
18350080 69827035136 3
18350080 71940964352 3
18350080 207232434176 3
16777216 1107296256 4
83886080 1107296257 4
218103808 1107296259 4
218103808 1107296321 3
218103808 1107300353 4
218103808 1107558401 1
218103808 1375731713 1
218103808 3254779905 1
218103808 69826772993 4
83886080 1107296320 4
218103808 1107296321 3
218103808 1107296448 2
218103808 1107300416 3
218103808 1107558464 3
218103808 1375731776 3
218103808 3254779968 1
218103808 69826773056 4
83886080 1107300352 4
218103808 1107300353 4
218103808 1107300416 4
218103808 1107308544 5
218103808 1107562496 3
218103808 1375735808 2
218103808 3254784000 2
218103808 69826777088 2
83886080 1107558400 3
84410368 1107558401 3
84410368 1107558464 3
84410368 1107562496 3
84410368 1108606976 3
84410368 1241776128 3
84410368 3255042048 3
84410368 69827035136 3
83886080 1241513984 5
2231369728 1241513985 3
2231369728 1241514048 1
2231369728 1241518080 2
2231369728 1241776128 5
2231369728 1509949440 5
2231369728 5536481280 6
2231369728 69960990720 5
83886080 3254779904 4
218103808 3254779905 1
218103808 3254779968 4
218103808 3254784000 2
218103808 3255042048 3
218103808 3523215360 1
218103808 7549747200 5
218103808 71974256640 3
83886080 69826772992 4
218103808 69826772993 1
218103808 69826773056 1
218103808 69826777088 4
218103808 69827035136 4
218103808 70095208448 1
218103808 71974256640 6
218103808 207265726464 4
16777216 3221225472 5
4311744512 3221225473 3
4312006656 3221225475 5
4312006656 3221225537 3
4312006656 3221229569 4
4312006656 3221749761 4
4312006656 3254779905 4
4312006656 11811160065 3
4312006656 71940702209 3
4311744512 3221225536 4
4345298944 3221225537 4
4345298944 3221225664 4
4345298944 3221229632 4
4345298944 3221487680 4
4345298944 3288334400 4
4345298944 11811160128 4
4345298944 71940702272 4
4311744512 3221229568 4
4345298944 3221229569 4
4345298944 3221229632 4
4345298944 3221237760 2
4345298944 3221491712 3
4345298944 3288338432 5
4345298944 11811164160 4
4345298944 71940706304 4
4311744512 3221487616 4
4345298944 3221487617 4
4345298944 3221487680 4
4345298944 3221491712 3
4345298944 3222011904 4
4345298944 3288596480 4
4345298944 11811422208 3
4345298944 71940964352 0
4311744512 3254779904 4
4378853376 3254779905 4
4378853376 3254779968 3
4378853376 3254784000 4
4378853376 3255042048 3
4378853376 3388997632 4
4378853376 11844714496 4
4378853376 71974256640 6
4311744512 11811160064 4
4345298944 11811160065 3
4345298944 11811160128 4
4345298944 11811164160 4
4345298944 11811422208 4
4345298944 11878268928 5
4345298944 28991029248 3
4345298944 80530636800 3
4311744512 71940702208 0
4311744513 71940702210 4
4311744513 71940702272 6
4311744513 71940706304 2
4311744513 71940964352 3
4311744513 71974256640 0
4311744513 80530636800 4
4311744513 209379655680 5
16777216 69793218560 4
50331648 69793218561 2
50335744 69793218563 3
50335744 69793218625 4
50335744 69793226753 4
50335744 69793480705 3
50335744 69860327425 5
50335744 71940702209 3
50335744 207232172033 4
50331648 69793218624 4
117440512 69793218625 4
117440512 69793218752 4
117440512 69793222720 4
117440512 69793480768 4
117440512 69927436352 1
117440512 71940702272 4
117440512 207232172096 4
50331648 69793222656 6
137489285120 69793222657 1
137489285120 69793222720 2
137489285120 69793230848 2
137489285120 69793484800 3
137489285120 69860331520 5
137489285120 71940706304 4
137489285120 344671129600 0
50331648 69793480704 4
117440512 69793480705 4
117440512 69793480768 4
117440512 69793484800 4
117440512 69794004992 4
117440512 69927698432 3
117440512 71940964352 4
117440512 207232434176 4
50331648 69860327424 5
2197815296 69860327425 5
2197815296 69860327488 5
2197815296 69860331520 5
2197815296 69860589568 3
2197815296 69994545152 2
2197815296 74155294720 4
2197815296 207299280896 6
50331648 71940702208 5
4345298944 71940702209 4
4345298944 71940702272 4
4345298944 71940706304 4
4345298944 71940964352 4
4345298944 72007811072 5
4345298944 80530636800 4
4345298944 209379655680 4
50331648 207232172032 4
117440512 207232172033 4
117440512 207232172096 4
117440512 207232176128 4
117440512 207232434176 4
117440512 207366389760 1
117440512 209379655680 4
117440512 482110078976 4
0 68719476736 5
1073741824 68719476737 5
3221225472 68719476739 3
3221487616 68719476743 0
3221487616 68719476803 4
3221487616 68719480835 2
3221487616 68720001027 2
3221487616 68736253955 5
3221487616 73014444035 3
3221487616 206158430211 3
3221225472 68719476801 3
3221487616 68719476803 4
3221487616 68719476929 4
3221487616 68719480897 5
3221487616 68720001089 3
3221487616 68736254017 3
3221487616 73014444097 3
3221487616 206158430273 2
3221225472 68719480833 3
3221487616 68719480835 3
3221487616 68719480897 3
3221487616 68719489025 2
3221487616 68720005121 3
3221487616 68736258049 5
3221487616 73014448129 3
3221487616 206158434305 5
3221225472 68719738881 2
3221229568 68719738883 5
3221229568 68719738945 3
3221229568 68719747073 3
3221229568 68720263169 3
3221229568 68736516097 4
3221229568 73014706177 3
3221229568 206158692353 3
3221225472 68736253953 5
7516192768 68736253955 5
7516192768 68736254017 5
7516192768 68736258049 5
7516192768 68736516097 5
7516192768 68769808385 5
7516192768 77326188545 3
7516192768 206175207425 5
3221225472 73014444033 6
140660178944 73014444035 0
140660178944 73014444097 2
140660178944 73014448129 1
140660178944 73014706177 3
140660178944 73031221249 2
140660178944 81604378625 0
140660178944 347892350977 6
3221225472 206158430209 5
7516192768 206158430211 5
7516192768 206158430273 5
7516192768 206158434305 5
7516192768 206158692353 5
7516192768 206175207425 5
7516192768 214748364801 3
7516192768 481036337153 5
1073741824 68719476800 2
1073745920 68719476801 6
138512699392 68719476803 3
138512699392 68719476929 5
138512699392 68719484993 5
138512699392 68719738945 3
138512699392 68736254017 4
138512699392 70866960449 2
138512699392 343597383745 3
1073745920 68719476928 5
3221229568 68719476929 3
3221229568 68719477184 1
3221229568 68719485120 6
3221229568 68719739072 5
3221229568 68736254144 5
3221229568 73014444224 2
3221229568 206158430400 2
1073745920 68719484992 2
1073762304 68719484993 2
1073762304 68719485120 2
1073762304 68719517760 4
1073762304 68719747136 2
1073762304 68736262208 5
1073762304 70866968640 2
1073762304 206158438464 1
1073745920 68719738944 3
1074270208 68719738945 3
1074270208 68719739072 3
1074270208 68719747136 3
1074270208 68720787520 5
1074270208 68736516160 4
1074270208 70867222592 1
1074270208 206158692416 2
1073745920 68736254016 2
1073754112 68736254017 5
1073754112 68736254144 4
1073754112 68736270400 4
1073754112 68736516160 4
1073754112 68769808448 2
1073754112 70883737664 2
1073754112 206175207488 0
1073745920 70866960448 2
1073754112 70866960449 3
1073754112 70866960576 3
1073754112 70866976832 1
1073754112 70867222592 3
1073754112 70883737664 2
1073754112 75161927744 4
1073754112 208305913920 3
1073745920 206158430272 2
1073754112 206158430273 4
1073754112 206158430400 5
1073754112 206158446656 5
1073754112 206158692416 2
1073754112 206175207488 1
1073754112 208305913920 2
1073754112 481036337216 6
1073741824 68719480832 1
1073741888 68719480833 2
1073750080 68719480835 2
1073750080 68719480961 2
1073750080 68719497217 5
1073750080 68719742977 3
1073750080 68736258049 4
1073750080 70866964481 1
1073750080 206158434305 2
1073741888 68719480960 5
3221225536 68719480961 2
3221225536 68719481216 6
3221225536 68719489152 5
3221225536 68719743104 2
3221225536 68736258176 5
3221225536 73014448256 2
3221225536 206158434432 5
1073741888 68719489024 2
1073758272 68719489025 2
1073758272 68719489152 2
1073758272 68719521792 4
1073758272 68719751168 1
1073758272 68736266240 5
1073758272 70866972672 2
1073758272 206158442496 2
1073741888 68719742976 3
1074266176 68719742977 3
1074266176 68719743104 5
1074266176 68719751168 2
1074266176 68720791552 2
1074266176 68736520192 4
1074266176 70867226624 2
1074266176 206158696448 1
1073741888 68736258048 4
1107296320 68736258049 2
1107296320 68736258176 4
1107296320 68736266240 4
1107296320 68736520192 2
1107296320 68803366912 2
1107296320 70883741696 4
1107296320 206175211520 2
1073741888 70866964480 2
1073750080 70866964481 2
1073750080 70866964608 2
1073750080 70866980864 1
1073750080 70867226624 3
1073750080 70883741696 1
1073750080 75161931776 1
1073750080 208305917952 1
1073741888 206158434304 2
1073750080 206158434305 2
1073750080 206158434432 2
1073750080 206158450688 5
1073750080 206158696448 3
1073750080 206175211520 4
1073750080 208305917952 1
1073750080 481036341248 6
1073741824 68719738880 3
1074266112 68719738881 3
1075314688 68719738883 3
1075314688 68719738945 2
1075314688 68719742977 1
1075314688 68721836033 5
1075314688 68736516097 5
1075314688 70867222529 3
1075314688 206158692353 3
1074266112 68719738944 2
1074270208 68719738945 3
1074270208 68719739072 3
1074270208 68719747136 3
1074270208 68720787520 2
1074270208 68736516160 4
1074270208 70867222592 1
1074270208 206158692416 2
1074266112 68719742976 1
1074266176 68719742977 1
1074266176 68719743104 1
1074266176 68719751168 2
1074266176 68720791552 3
1074266176 68736520192 4
1074266176 70867226624 3
1074266176 206158696448 2
1074266112 68720787456 3
1076363264 68720787457 6
1076363264 68720787520 2
1076363264 68720791552 1
1076363264 68724981760 2
1076363264 68737564672 2
1076363264 70868271104 5
1076363264 206159740928 6
1074266112 68736516096 1
1074266176 68736516097 4
1074266176 68736516224 3
1074266176 68736520192 4
1074266176 68737564672 4
1074266176 68770070528 3
1074266176 70883999744 1
1074266176 206175469568 6
1074266112 70867222528 3
1075314688 70867222529 3
1075314688 70867222592 2
1075314688 70867226624 3
1075314688 70869319680 2
1075314688 70883999744 3
1075314688 75162189824 3
1075314688 208306176000 3
1074266112 206158692352 3
1075314688 206158692353 3
1075314688 206158692416 2
1075314688 206158696448 3
1075314688 206160789504 2
1075314688 206175469568 3
1075314688 208306176000 3
1075314688 481036599296 6
1073741824 68736253952 4
1107296256 68736253953 4
1174405120 68736253955 4
1174405120 68736254017 4
1174405120 68736258049 2
1174405120 68736516097 3
1174405120 68870471681 3
1174405120 70883737601 5
1174405120 206175207425 4
1107296256 68736254016 3
1107558400 68736254017 3
1107558400 68736254144 3
1107558400 68736258112 3
1107558400 68736778304 3
1107558400 68803362880 3
1107558400 70883737664 5
1107558400 206175207488 4
1107296256 68736258048 2
1107304448 68736258049 1
1107304448 68736258112 3
1107304448 68736274432 5
1107304448 68736520192 1
1107304448 68803366912 1
1107304448 70883741696 2
1107304448 206175211520 1
1107296256 68736516096 3
1107820544 68736516097 4
1107820544 68736516160 2
1107820544 68736520192 1
1107820544 68737564672 4
1107820544 68803624960 3
1107820544 70883999744 3
1107820544 206175469568 3
1107296256 68803362816 5
3254779904 68803362817 5
3254779904 68803362880 5
3254779904 68803366912 5
3254779904 68803624960 3
3254779904 68937580544 5
3254779904 73098330112 2
3254779904 206242316288 5
1107296256 70883737600 4
1174405120 70883737601 5
1174405120 70883737664 4
1174405120 70883741696 4
1174405120 70883999744 1
1174405120 71017955328 1
1174405120 75178704896 4
1174405120 208322691072 5
1107296256 206175207424 4
1174405120 206175207425 4
1174405120 206175207488 4
1174405120 206175211520 2
1174405120 206175469568 4
1174405120 206309425152 3
1174405120 208322691072 4
1174405120 481053114368 6
1073741824 70866960384 5
5368709120 70866960385 2
5368713216 70866960387 5
5368713216 70866960449 2
5368713216 70866968577 5
5368713216 70867222529 3
5368713216 70883737601 2
5368713216 79456894977 2
5368713216 208305913857 5
5368709120 70866960448 2
5368713216 70866960449 2
5368713216 70866960576 1
5368713216 70866968640 5
5368713216 70867222592 3
5368713216 70883737664 2
5368713216 79456895040 2
5368713216 208305913920 1
5368709120 70866964480 1
5368709184 70866964481 1
5368709184 70866964608 1
5368709184 70866972672 5
5368709184 70867226624 3
5368709184 70883741696 2
5368709184 79456899072 1
5368709184 208305917952 2
5368709120 70867222528 3
5369233408 70867222529 2
5369233408 70867222592 2
5369233408 70867226624 1
5369233408 70868271104 3
5369233408 70883999744 2
5369233408 79457157120 3
5369233408 208306176000 3
5368709120 70883737600 2
5368713216 70883737601 0
5368713216 70883737664 5
5368713216 70883745792 5
5368713216 70883999744 3
5368713216 70917292032 4
5368713216 79473672192 2
5368713216 208322691072 2
5368709120 79456894976 2
5368713216 79456894977 2
5368713216 79456895040 2
5368713216 79456903168 2
5368713216 79457157120 3
5368713216 79473672192 2
5368713216 96636764160 3
5368713216 216895848448 3
5368709120 208305913856 2
5368713216 208305913857 5
5368713216 208305913920 3
5368713216 208305922048 2
5368713216 208306176000 3
5368713216 208322691072 4
5368713216 216895848448 3
5368713216 483183820800 6
1073741824 206158430208 3
1074003968 206158430209 3
1074528256 206158430211 2
1074528256 206158430273 2
1074528256 206158434305 3
1074528256 206159478785 2
1074528256 206175207425 3
1074528256 208305913857 2
1074528256 481036337153 6
1074003968 206158430272 3
1074528256 206158430273 2
1074528256 206158430400 3
1074528256 206158434368 2
1074528256 206159478848 5
1074528256 206175207488 3
1074528256 208305913920 2
1074528256 481036337216 6
1074003968 206158434304 2
1074012160 206158434305 3
1074012160 206158434368 3
1074012160 206158450688 3
1074012160 206158958592 3
1074012160 206175211520 3
1074012160 208305917952 3
1074012160 481036341248 6
1074003968 206158954496 3
1075052544 206158954497 2
1075052544 206158954560 4
1075052544 206158958592 3
1075052544 206161051648 5
1075052544 206175731712 3
1075052544 208306438144 3
1075052544 481036861440 6
1074003968 206175207424 6
275951910912 206175207425 5
275951910912 206175207488 3
275951910912 206175211520 4
275951910912 206175731712 3
275951910912 206208761856 3
275951910912 208322691072 3
275951910912 755931021312 3
1074003968 208305913856 3
1074528256 208305913857 3
1074528256 208305913920 2
1074528256 208305917952 3
1074528256 208306962432 3
1074528256 208322691072 5
1074528256 212600881152 2
1074528256 483183820800 6
1074003968 481036337152 6
550829817856 481036337153 2
550829817856 481036337216 3
550829817856 481036341248 3
550829817856 481036861440 3
550829817856 481053114368 4
550829817856 483183820800 3
550829817856 1580547964928 2
4096 65 2
12288 67 2
28672 71 2
28672 195 2
28672 32835 5
1073770496 32839 0
1073770504 32855 3
1073770504 32967 3
1073770504 98375 3
1073770504 294983 3
1073770504 16810055 2
1073770504 2147516487 3
1073770504 68719509575 3
1073770496 32963 3
1074032640 32967 5
1074032640 33219 5
1074032640 98499 5
1074032640 557251 5
1074032640 16810179 1
1074032640 2147516611 5
1074032640 68719509699 5
1073770496 98371 3
1074032640 98375 5
1074032640 98499 5
1074032640 229443 5
1074032640 622659 5
1074032640 16875587 3
1074032640 2147582019 5
1074032640 68719575107 5
1073770496 294979 3
1074294784 294983 0
1074294784 295107 5
1074294784 360515 3
1074294784 1343555 1
1074294784 17072195 4
1074294784 2147778627 0
1074294784 68719771715 3
1073770496 16810051 4
1107324928 16810055 0
1107324928 16810179 1
1107324928 16875587 4
1107324928 17072195 3
1107324928 83918915 0
1107324928 2164293699 3
1107324928 68736286787 3
1073770496 2147516483 1
1073770624 2147516487 0
1073770624 2147516739 4
1073770624 2147582019 4
1073770624 2147778627 3
1073770624 2164293699 1
1073770624 6442483779 4
1073770624 70866993219 1
1073770496 68719509571 3
1074032640 68719509575 5
1074032640 68719509699 5
1074032640 68719575107 5
1074032640 68720033859 5
1074032640 68736286787 3
1074032640 70866993219 5
1074032640 206158463043 5
28672 262211 2
28672 16777283 2
28672 1073741891 2
28672 68719476803 2
12288 193 2
28672 195 2
28672 449 2
28672 32961 0
28674 32965 6
68719505410 32973 0
68719505410 33221 1
68719505410 98501 0
68719505410 295109 3
68719505410 16810181 4
68719505410 1073774789 1
68719505410 137438986437 2
28674 33217 1
29186 33221 1
29186 34241 6
29186 98753 1
29186 295361 3
29186 16810433 4
29186 1073775041 1
29186 68719509953 1
28674 98497 6
68719505410 98501 0
68719505410 98753 1
68719505410 229569 6
68719505410 360641 3
68719505410 16875713 4
68719505410 1073840321 1
68719505410 137439051969 1
28674 295105 3
552962 295109 3
552962 295361 1
552962 360641 4
552962 1343681 6
552962 17072321 3
552962 1074036929 3
552962 68719771841 4
28674 16810177 4
33583106 16810181 5
33583106 16810433 1
33583106 16875713 5
33583106 17072321 3
33583106 83919041 1
33583106 1090552001 6
33583106 68736286913 1
28674 1073774785 5
2147512322 1073774789 5
2147512322 1073775041 1
2147512322 1073840321 1
2147512322 1074036929 3
2147512322 1090552001 4
2147512322 5368742081 1
2147512322 69793251521 5
28674 68719509697 5
1073770498 68719509701 5
1073770498 68719509953 1
1073770498 68719575233 3
1073770498 68719771841 3
1073770498 68736286913 4
1073770498 70866993345 3
1073770498 206158463169 1
28672 262337 2
28672 16777409 2
28672 1073742017 2
28672 68719476929 2
12288 16449 1
12416 16451 1
12672 16455 0
12680 16471 2
12680 16967 2
12680 49223 2
12680 278599 1
12680 16793671 2
12680 1073758279 2
12680 68719493191 2
12672 16963 0
12676 16971 5
12676 17987 0
12676 49731 5
12676 279107 3
12676 16794179 4
12676 1073758787 6
12676 68719493699 3
12672 49219 2
78208 49223 0
78208 49731 3
78208 180291 5
78208 311363 3
78208 16826435 4
78208 1073791043 6
78208 68719525955 5
12672 278595 1
13184 278599 1
13184 279619 2
13184 311363 1
13184 802883 1
13184 17055811 1
13184 1074020419 1
13184 68719755331 1
12672 16793667 1
13184 16793671 1
13184 16794691 2
13184 16826435 1
13184 17055811 1
13184 50348099 1
13184 1090535491 1
13184 68736270403 1
12672 1073758275 1
13184 1073758279 1
13184 1073759299 2
13184 1073791043 1
13184 1074020419 1
13184 1090535491 1
13184 3221241923 1
13184 69793235011 1
12672 68719493187 1
13184 68719493191 1
13184 68719494211 2
13184 68719525955 1
13184 68719755331 1
13184 68736270403 1
13184 69793235011 1
13184 206158446659 1
12416 16705 2
45184 16707 0
45188 16715 6
45188 17219 0
45188 82243 3
45188 278851 0
45188 16793923 2
45188 1073758531 4
45188 68719493443 1
45184 17217 2
110720 17219 0
110720 18241 2
110720 148289 0
110720 279361 3
110720 16794433 3
110720 1073759041 5
110720 68719493953 3
45184 82241 6
68719521920 82243 0
68719521920 82753 0
68719521920 213313 1
68719521920 344385 1
68719521920 16859457 6
68719521920 1073824065 6
68719521920 137439035713 1
45184 278849 3
569472 278851 3
569472 279361 3
569472 344385 3
569472 1327425 3
569472 17056065 3
569472 1074020673 3
569472 68719755585 3
45184 16793921 6
68719521920 16793923 0
68719521920 16794433 4
68719521920 16859457 3
68719521920 17056065 3
68719521920 50348353 4
68719521920 1090535745 4
68719521920 137455747393 4
45184 1073758529 0
45186 1073758533 6
45186 1073759041 0
45186 1073824065 3
45186 1074020673 2
45186 1090535745 6
45186 3221242177 1
45186 69793235265 4
45184 68719493441 1
45696 68719493443 0
45696 68719494465 5
45696 68719558977 5
45696 68719755585 3
45696 68736270657 4
45696 69793235265 3
45696 206158446913 2
12416 49217 4
16789632 49219 4
50344064 49223 0
50344064 49475 3
50344064 114755 3
50344064 311363 4
50344064 67158083 3
50344064 1073791043 1
50344064 68719525955 5
16789632 49473 5
1090531456 49475 5
1090531456 49985 5
1090531456 115009 5
1090531456 311617 3
1090531456 33603905 5
1090531456 2147533121 5
1090531456 68719526209 5
16789632 114753 3
16920704 114755 4
16920704 115009 5
16920704 376897 3
16920704 33669185 0
16920704 1073856577 1
16920704 68719591489 3
16789632 311361 3
17313920 311363 3
17313920 311617 3
17313920 376897 3
17313920 1359937 3
17313920 33865793 3
17313920 1074053185 3
17313920 68719788097 3
16789632 33603649 0
16789634 33603653 5
16789634 33603905 5
16789634 33669185 3
16789634 33865793 2
16789634 100712513 5
16789634 1107345473 1
16789634 68753080385 3
16789632 1073791041 1
16789888 1073791043 1
16789888 1073791553 2
16789888 1073856577 3
16789888 1074053185 3
16789888 1107345473 0
16789888 3221274689 0
16789888 69793267777 2
16789632 68719525953 5
1090531456 68719525955 5
1090531456 68719526209 5
1090531456 68719591489 5
1090531456 68719788097 3
1090531456 68753080385 5
1090531456 70867009601 5
1090531456 206158479425 5
12416 278593 1
12672 278595 2
45440 278599 0
45440 279107 3
45440 344131 1
45440 802883 1
45440 17055811 3
45440 1074020419 3
45440 68719755331 1
12672 279105 3
536960 279107 3
536960 280129 3
536960 311873 3
536960 1327681 3
536960 17056321 3
536960 1074020929 3
536960 68719755841 3
12672 311361 3
536960 311363 0
536960 311873 3
536960 376897 3
536960 1359937 3
536960 17088577 3
536960 1074053185 3
536960 68719788097 3
12672 802881 1
13184 802883 1
13184 803905 2
13184 835649 1
13184 1851457 1
13184 17580097 1
13184 1074544705 1
13184 68720279617 1
12672 17055809 3
536960 17055811 3
536960 17056321 3
536960 17088577 3
536960 18104385 3
536960 50610241 3
536960 1090797633 3
536960 68736532545 3
12672 1074020417 3
536960 1074020419 2
536960 1074020929 3
536960 1074053185 3
536960 1075068993 3
536960 1090797633 3
536960 3221504065 3
536960 69793497153 3
12672 68719755329 0
12674 68719755333 2
12674 68719755841 2
12674 68719788097 2
12674 68720279617 1
12674 68736532545 2
12674 69793497153 2
12674 206158708801 2
12416 16793665 1
12672 16793667 4
33567104 16793671 0
33567104 16794179 6
33567104 16826435 4
33567104 17055811 4
33567104 83902531 5
33567104 1090535491 5
33567104 68736270403 3
12672 16794177 6
68719489408 16794179 4
68719489408 16795201 4
68719489408 16826945 1
68719489408 17056321 3
68719489408 50348609 0
68719489408 1090536001 1
68719489408 137455747649 4
12672 16826433 2
78208 16826435 1
78208 16826945 0
78208 16957505 4
78208 17088577 3
78208 50380865 0
78208 1090568257 6
78208 68736303169 4
12672 17055809 3
536960 17055811 3
536960 17056321 3
536960 17088577 3
536960 18104385 3
536960 50610241 3
536960 1090797633 3
536960 68736532545 3
12672 50348097 0
12674 50348101 3
12674 50348609 1
12674 50380865 5
12674 50610241 2
12674 117456961 4
12674 1124089921 1
12674 68769824833 5
12672 1090535489 2
45440 1090535491 6
45440 1090536001 6
45440 1090601025 6
45440 1090797633 6
45440 1124089921 1
45440 3238019137 6
45440 69810012225 3
12672 68736270401 0
12674 68736270405 0
12674 68736270913 5
12674 68736303169 5
12674 68736532545 2
12674 68769824833 5
12674 69810012225 3
12674 206175223873 3
12416 1073758273 1
12672 1073758275 1
13184 1073758279 1
13184 1073759299 2
13184 1073791043 1
13184 1074020419 1
13184 1090535491 1
13184 3221241923 1
13184 69793235011 1
12672 1073758785 0
12674 1073758789 0
12674 1073759809 2
12674 1073791553 6
12674 1074020929 2
12674 1090536001 6
12674 3221242433 4
12674 69793235521 4
12672 1073791041 0
12674 1073791045 0
12674 1073791553 1
12674 1073856577 3
12674 1074053185 2
12674 1090568257 1
12674 3221274689 2
12674 69793267777 1
12672 1074020417 3
536960 1074020419 2
536960 1074020929 3
536960 1074053185 3
536960 1075068993 3
536960 1090797633 3
536960 3221504065 3
536960 69793497153 3
12672 1090535489 0
12674 1090535493 3
12674 1090536001 6
12674 1090568257 1
12674 1090797633 2
12674 1124089921 4
12674 3238019137 5
12674 69810012225 3
12672 3221241921 1
13184 3221241923 1
13184 3221242945 5
13184 3221274689 1
13184 3221504065 1
13184 3238019137 1
13184 7516209217 1
13184 71940718657 1
12672 69793235009 1
13184 69793235011 1
13184 69793236033 0
13184 69793267777 1
13184 69793497153 1
13184 69810012225 1
13184 71940718657 1
13184 207232188481 1
12416 68719493185 4
16789632 68719493187 4
50344064 68719493191 0
50344064 68719493443 3
50344064 68719525955 5
50344064 68719755331 4
50344064 68786602051 3
50344064 69793235011 4
50344064 206158446659 3
16789632 68719493441 5
1090531456 68719493443 5
1090531456 68719493953 5
1090531456 68719526209 5
1090531456 68719755585 3
1090531456 68753047873 5
1090531456 70866977089 5
1090531456 206158446913 5
16789632 68719525953 5
1090531456 68719525955 5
1090531456 68719526209 5
1090531456 68719591489 5
1090531456 68719788097 3
1090531456 68753080385 5
1090531456 70867009601 5
1090531456 206158479425 5
16789632 68719755329 3
17313920 68719755331 3
17313920 68719755585 3
17313920 68719788097 3
17313920 68720803905 3
17313920 68753309761 3
17313920 69793497153 3
17313920 206158708801 3
16789632 68753047617 0
16789634 68753047621 3
16789634 68753047873 3
16789634 68753080385 3
16789634 68753309761 2
16789634 68820156481 5
16789634 69826789441 1
16789634 206192001089 5
16789632 69793235009 1
16789888 69793235011 1
16789888 69793235521 1
16789888 69793267777 4
16789888 69793497153 3
16789888 69826789441 4
16789888 71940718657 5
16789888 207232188481 2
16789632 206158446657 5
1090531456 206158446659 5
1090531456 206158446913 5
1090531456 206158479425 5
1090531456 206158708801 3
1090531456 206192001089 5
1090531456 208305930305 5
1090531456 481036353601 5
12288 262209 2
28672 262211 2
28672 262337 2
28672 294977 3
552960 294979 3
1601536 294983 0
1601536 295107 4
1601536 360515 0
1601536 2392131 0
1601536 17072195 4
1601536 1074036803 1
1601536 68719771715 0
552960 295105 4
17330176 295107 3
17330176 295361 4
17330176 360641 3
17330176 1343681 4
17330176 33849537 3
17330176 1074036929 1
17330176 68719771841 3
552960 360513 1
553088 360515 4
553088 360769 3
553088 491585 3
553088 1409089 3
553088 17137729 3
553088 1074102337 3
553088 68719837249 3
552960 1343553 1
553088 1343555 5
553088 1343809 3
553088 1409089 3
553088 3440705 3
553088 18120769 3
553088 1075085377 3
553088 68720820289 3
552960 17072193 1
553088 17072195 3
553088 17072449 3
553088 17137729 3
553088 18120769 3
553088 50626625 3
553088 1090814017 3
553088 68736548929 3
552960 1074036801 4
17330176 1074036803 4
17330176 1074036929 4
17330176 1074102337 1
17330176 1075085377 4
17330176 1107591233 3
17330176 3221520449 1
17330176 69793513537 1
552960 68719771713 1
553088 68719771715 4
553088 68719771969 3
553088 68719837249 3
553088 68720820289 3
553088 68736548929 3
553088 69793513537 3
553088 206158725185 3
28672 786497 2
28672 17039425 2
28672 1074004033 2
28672 68719738945 2
12288 16777281 0
12290 16777285 4
33566722 16777293 3
33828866 16777309 1
33828866 16777421 2
33828866 16793677 3
33828866 17301581 3
33828866 83886157 3
33828866 1090519117 3
33828866 68736254029 3
33566722 16777413 5
1107308546 16777421 1
1107308546 16777669 1
1107308546 16793797 5
1107308546 17039557 2
1107308546 83886277 2
1107308546 2164261061 2
1107308546 68736254149 1
33566722 16793669 4
100675586 16793677 1
100675586 16793797 1
100675586 16826437 2
100675586 17055813 4
100675586 151011397 6
100675586 1090535493 4
100675586 68736270405 4
33566722 17039429 3
34091010 17039437 3
34091010 17039557 5
34091010 17055813 3
34091010 18088005 3
34091010 84148293 3
34091010 1090781253 4
34091010 68736516165 3
33566722 83886149 5
1107308546 83886157 6
1107308546 83886277 5
1107308546 83902533 2
1107308546 84148293 3
1107308546 218103877 0
1107308546 2231369797 2
1107308546 68803362885 0
33566722 1090519109 2
33583106 1090519117 2
33583106 1090519237 2
33583106 1090551877 4
33583106 1090781253 2
33583106 1157627973 2
33583106 3238002757 2
33583106 69809995845 2
33566722 68736254021 4
100675586 68736254029 3
100675586 68736254149 4
100675586 68736270405 4
100675586 68736516165 5
100675586 68870471749 5
100675586 69809995845 3
100675586 206175207493 5
12290 16777409 2
28674 16777413 2
28674 16777665 2
28674 16810177 4
33583106 16810181 2
33583106 16810433 1
33583106 16875713 1
33583106 17072321 3
33583106 83919041 1
33583106 1090552001 1
33583106 68736286913 1
28674 17039553 2
28674 50331841 2
28674 1090519233 2
28674 68736254145 2
12290 16793665 1
12418 16793669 1
12674 16793677 1
12674 16794181 0
12674 16826437 0
12674 17055813 2
12674 50348101 0
12674 1090535493 3
12674 68736270405 3
12418 16793921 2
45186 16793925 6
45186 16794433 0
45186 16859457 1
45186 17056065 2
45186 50348353 5
45186 1090535745 6
45186 68736270657 5
12418 16826433 1
12674 16826437 0
12674 16826945 1
12674 16891969 3
12674 17088577 2
12674 50380865 2
12674 1090568257 6
12674 68736303169 1
12418 17055809 2
12418 50348097 1
12674 50348101 3
12674 50348609 2
12674 50380865 4
12674 50610241 2
12674 117456961 4
12674 1124089921 3
12674 68769824833 1
12418 1090535489 1
12674 1090535493 0
12674 1090536001 6
12674 1090568257 1
12674 1090797633 2
12674 1124089921 3
12674 3238019137 6
12674 69810012225 3
12418 68736270401 1
12674 68736270405 0
12674 68736270913 5
12674 68736303169 5
12674 68736532545 2
12674 68769824833 6
12674 69810012225 3
12674 206175223873 1
12290 17039425 3
536578 17039429 3
536578 17039553 3
1585154 17039557 4
1585154 17039809 1
1585154 17055937 3
1585154 19136705 2
1585154 50593985 2
1585154 1090781377 6
1585154 68736516289 5
536578 17055809 3
536578 18088001 3
536578 50593857 3
536578 1090781249 3
536578 68736516161 3
12290 50331713 2
28674 50331717 2
28674 50331841 2
28674 50364481 1
28802 50364485 4
28802 50364737 0
28802 50430017 1
28802 50626625 2
28802 117473345 4
28802 1124106305 1
28802 68769841217 1
28674 50593857 2
28674 117440577 2
28674 1124073537 2
28674 68769808449 2
12290 1090519105 1
12418 1090519109 1
12674 1090519117 6
12674 1090519621 0
12674 1090535493 3
12674 1090781253 2
12674 1124073541 3
12674 3238002757 0
12674 69809995845 3
12418 1090519361 6
68719489154 1090519365 0
68719489154 1090519873 4
68719489154 1090535745 1
68719489154 1090781505 2
68719489154 1124073793 0
68719489154 3238003009 1
68719489154 138529472833 1
12418 1090535489 1
12674 1090535493 0
12674 1090536001 6
12674 1090568257 6
12674 1090797633 2
12674 1124089921 4
12674 3238019137 2
12674 69810012225 3
12418 1090781249 2
12418 1124073537 2
28802 1124073541 2
28802 1124073793 2
28802 1124106305 1
28802 1124335681 2
28802 1191182401 2
28802 3271557185 2
28802 69843550273 2
12418 3238002753 2
28802 3238002757 2
28802 3238003009 2
28802 3238035521 1
28802 3238264897 2
28802 3271557185 2
28802 7532970049 2
28802 71957479489 2
12418 69809995841 3
274562 69809995845 2
274562 69809996097 2
274562 69810012225 2
274562 69810520129 1
274562 69843550273 2
274562 71957479489 2
274562 207248949313 2
12290 68736254017 1
12418 68736254021 4
33566850 68736254029 1
33566850 68736254277 2
33566850 68736270405 1
33566850 68736516165 2
33566850 68803362885 2
33566850 69809995845 3
33566850 206175207493 1
12418 68736254273 5
1073754242 68736254277 4
1073754242 68736254785 5
1073754242 68736270657 5
1073754242 68736516417 2
1073754242 68769808705 4
1073754242 70883737921 4
1073754242 206175207745 2
12418 68736270401 1
12674 68736270405 0
12674 68736270913 5
12674 68736303169 1
12674 68736532545 2
12674 68769824833 4
12674 69810012225 3
12674 206175223873 1
12418 68736516161 2
12418 68769808449 2
28802 68769808453 2
28802 68769808705 2
28802 68769841217 1
28802 68770070593 2
28802 68836917313 2
28802 69843550273 2
28802 206208761921 2
12418 69809995841 3
274562 69809995845 2
274562 69809996097 2
274562 69810012225 2
274562 69810520129 2
274562 69843550273 2
274562 71957479489 2
274562 207248949313 2
12418 206175207489 2
28802 206175207493 2
28802 206175207745 2
28802 206175240257 1
28802 206175469633 2
28802 206208761921 2
28802 207248949313 2
28802 481053114433 2
12288 1073741889 1
12416 1073741891 2
28800 1073741895 2
28800 1073742147 2
28800 1073774659 1
29056 1073774663 0
29056 1073775171 3
29056 1073840195 4
29056 1074036803 1
29056 1090551875 4
29056 3221258307 1
29056 69793251395 4
28800 1074004035 2
28800 1090519107 2
28800 3221225539 2
28800 69793218627 2
12416 1073742145 0
12418 1073742149 5
2147496066 1073742157 2
2147496066 1073742661 2
2147496066 1073758533 0
2147496066 1074004293 2
2147496066 1090519365 2
2147496066 5368709445 0
2147496066 69793218885 2
12418 1073742657 1
13442 1073742661 0
13442 1073744705 0
13442 1073759041 2
13442 1074004801 2
13442 1090519873 5
13442 3221226305 2
13442 69793219393 5
12418 1073758529 0
12422 1073758537 5
12422 1073759041 4
12422 1073791297 4
12422 1074020673 2
12422 1090535745 6
12422 3221242177 1
12422 69793235265 0
12418 1074004289 2
12418 1090519361 2
28802 1090519365 2
28802 1090519873 2
28802 1090552129 6
28802 1090781505 2
28802 1124073793 2
28802 3238003009 2
28802 69809996097 2
12418 3221225793 6
68719489154 3221225797 2
68719489154 3221226305 2
68719489154 3221242177 5
68719489154 3221487937 2
68719489154 3238003009 2
68719489154 7516193089 5
68719489154 140660179265 2
12418 69793218881 4
16789634 69793218885 4
16789634 69793219393 2
16789634 69793235265 2
16789634 69793481025 2
16789634 69826773313 6
16789634 71940702529 6
16789634 207232172353 6
12416 1073758273 1
12672 1073758275 1
13184 1073758279 1
13184 1073759299 2
13184 1073791043 1
13184 1074020419 1
13184 1090535491 1
13184 3221241923 1
13184 69793235011 1
12672 1073758785 0
12674 1073758789 0
12674 1073759809 5
12674 1073791553 5
12674 1074020929 2
12674 1090536001 6
12674 3221242433 4
12674 69793235521 4
12672 1073791041 1
13184 1073791043 1
13184 1073792065 4
13184 1073856577 1
13184 1074053185 1
13184 1090568257 1
13184 3221274689 1
13184 69793267777 1
12672 1074020417 3
536960 1074020419 2
536960 1074020929 3
536960 1074053185 3
536960 1075068993 3
536960 1090797633 3
536960 3221504065 3
536960 69793497153 3
12672 1090535489 2
45440 1090535491 1
45440 1090536001 6
45440 1090601025 6
45440 1090797633 6
45440 1124089921 0
45440 3238019137 4
45440 69810012225 3
12672 3221241921 1
13184 3221241923 1
13184 3221242945 5
13184 3221274689 1
13184 3221504065 1
13184 3238019137 1
13184 7516209217 1
13184 71940718657 1
12672 69793235009 0
12674 69793235013 0
12674 69793235521 4
12674 69793267777 1
12674 69793497153 2
12674 69810012225 3
12674 71940718657 1
12674 207232188481 1
12416 1074004033 3
536704 1074004035 2
553088 1074004039 2
553088 1074004291 2
553088 1074036803 1
553088 1075052611 2
553088 1090781251 3
553088 3221487683 2
553088 69793480771 2
536704 1074004289 3
536704 1074020417 3
536704 1075052609 3
536704 1090781249 3
536704 3221487681 3
536704 69793480769 3
12416 1090519105 2
28800 1090519107 2
28800 1090519361 2
28800 1090551873 1
29056 1090551875 4
29056 1090552385 3
29056 1090617409 3
29056 1090814017 6
29056 1124106305 0
29056 3238035521 3
29056 69810028609 3
28800 1090781249 2
28800 1124073537 2
28800 3238002753 2
28800 69809995841 2
12416 3221225537 2
28800 3221225539 2
28800 3221225793 2
28800 3221258305 1
29056 3221258307 1
29056 3221258817 0
29056 3221323841 3
29056 3221520449 3
29056 3238035521 0
29056 7516225601 5
29056 71940735041 3
28800 3221487681 2
28800 3238002753 2
28800 7516192833 2
28800 71940702273 2
12416 69793218625 2
28800 69793218627 2
28800 69793218881 2
28800 69793251393 1
29056 69793251395 4
29056 69793251905 0
29056 69793316929 3
29056 69793513537 4
29056 69810028609 3
29056 71940735041 0
29056 207232204865 3
28800 69793480769 2
28800 69809995841 2
28800 71940702273 2
28800 207232172097 2
12288 68719476801 4
16789504 68719476803 2
16805888 68719476807 2
16805888 68719476931 2
16805888 68719509571 3
17068032 68719509575 4
17068032 68719509699 4
17068032 68719575107 4
17068032 68720033859 4
17068032 68753064003 4
17068032 69793251395 3
17068032 206158463043 4
16805888 68719738947 2
16805888 68753031235 2
16805888 69793218627 2
16805888 206158430275 2
16789504 68719476929 3
17051648 68719476931 4
17051648 68719477185 4
17051648 68719493313 4
17051648 68720001217 4
17051648 68753031361 4
17051648 69793218753 2
17068032 69793218755 2
17068032 69793219009 2
17068032 69793251521 3
17068032 69793743041 2
17068032 69826773185 2
17068032 71940702401 2
17068032 207232172225 2
17051648 206158430401 4
16789504 68719493185 4
50343936 68719493187 3
50606080 68719493191 4
50606080 68719493315 4
50606080 68719525955 4
50606080 68720017475 4
50606080 68786602051 4
50606080 69793235011 3
50606080 206158446659 4
50343936 68719493313 4
117452800 68719493315 4
117452800 68719493569 4
117452800 68719526081 4
117452800 68719755457 4
117452800 68853711041 3
117452800 69793235137 4
117452800 206158446785 4
50343936 68719525953 5
1124085760 68719525955 5
1124085760 68719526081 5
1124085760 68719591489 5
1124085760 68719788097 3
1124085760 68786634817 5
1124085760 70867009601 5
1124085760 206158479425 5
50343936 68719755329 4
117452800 68719755331 4
117452800 68719755457 4
117452800 68719788097 4
117452800 68720279617 4
117452800 68853973057 3
117452800 69793497153 4
117452800 206158708801 4
50343936 68786602049 3
50606080 68786602051 4
50606080 68786602177 4
50606080 68786634817 4
50606080 68787126337 4
50606080 68920819777 4
50606080 69860343873 3
50606080 206225555521 4
50343936 69793235009 2
50376704 69793235011 6
50376704 69793235137 4
50376704 69793300545 3
50376704 69793497153 3
50376704 69860343873 4
50376704 71940718657 4
50376704 207232188481 4
50343936 206158446657 3
50606080 206158446659 4
50606080 206158446785 4
50606080 206158479425 4
50606080 206158970945 4
50606080 206225555521 4
50606080 207232188481 3
50606080 481036353601 4
16789504 68719738945 3
17313792 68719738947 1
17313920 68719738951 3
17313920 68719739203 3
17313920 68719755331 3
17313920 68720787523 3
17313920 68753293379 2
17313920 69793480771 3
17313920 206158692419 3
17313792 68719739073 2
17330176 68719739075 2
17330176 68719739329 4
17330176 68719771841 3
17330176 68720787649 2
17330176 68753293505 2
17330176 69793480897 2
17330176 206158692545 2
17313792 68719755329 1
17313920 68719755331 3
17313920 68719755585 3
17313920 68719788097 3
17313920 68720803905 3
17313920 68753309761 3
17313920 69793497153 3
17313920 206158708801 0
17313792 68720787521 1
17313920 68720787523 3
17313920 68720787777 3
17313920 68720803905 3
17313920 68722884673 3
17313920 68754341953 3
17313920 69794529345 3
17313920 206159740993 3
17313792 68753293377 1
17313920 68753293379 2
17313920 68753293633 3
17313920 68753309761 3
17313920 68754341953 3
17313920 68820402241 3
17313920 69827035201 3
17313920 206192246849 3
17313792 69793480769 4
50868224 69793480771 4
50868224 69793480897 4
50868224 69793497153 4
50868224 69794529345 4
50868224 69860589633 4
50868224 71940964417 4
50868224 207232434241 4
17313792 206158692417 1
17313920 206158692419 3
17313920 206158692673 3
17313920 206158708801 3
17313920 206159740993 3
17313920 206192246849 3
17313920 207232434241 3
17313920 481036599361 3
16789504 68753031233 2
16805888 68753031235 2
16805888 68753031361 2
16805888 68753064001 5
1090547712 68753064003 5
1090547712 68753064129 5
1090547712 68753129537 5
1090547712 68753326145 4
1090547712 68820172865 5
1090547712 70900547649 5
1090547712 206192017473 5
16805888 68753293377 2
16805888 68820140097 2
16805888 69826773057 2
16805888 206191984705 2
16789504 69793218625 2
16805888 69793218627 2
16805888 69793218753 2
16805888 69793251393 4
50360320 69793251395 4
50360320 69793251521 4
50360320 69793316929 4
50360320 69793513537 3
50360320 69860360257 4
50360320 71940735041 4
50360320 207232204865 4
16805888 69793480769 2
16805888 69826773057 2
16805888 71940702273 2
16805888 207232172097 2
16789504 206158430273 5
1090531328 206158430275 5
1090531328 206158430401 5
1090531328 206158446657 5
1090531328 206158692417 3
1091055616 206158692419 4
1091055616 206158692545 2
1091055616 206158708801 4
1091055616 206159740993 1
1091055616 206192246849 0
1091055616 208306176065 1
1091055616 481036599361 6
1090531328 206191984705 5
1090531328 208305913921 5
1090531328 481036337217 5
4096 192 1
4352 193 1
4864 195 2
13056 199 0
13064 215 2
13064 1223 2
13064 16583 2
13064 262343 2
13064 16777415 2
13064 1073742023 2
13064 68719476935 2
13056 1219 2
29440 1223 2
29440 3267 2
29440 33987 4
29440 263363 2
29440 16778435 2
29440 1073743043 2
29440 68719477955 2
13056 16579 3
275200 16583 3
275200 17603 5
275200 49347 1
275200 540867 1
275200 16793795 1
275200 1073758403 1
275200 68719493315 1
13056 262339 2
29440 262343 2
29440 263363 2
29440 295107 1
29440 786627 2
29440 17039555 2
29440 1074004163 2
29440 68719739075 2
13056 16777411 2
29440 16777415 2
29440 16778435 2
29440 16810179 3
29440 17039555 2
29440 50331843 2
29440 1090519235 2
29440 68736254147 2
13056 1073742019 2
29440 1073742023 2
29440 1073743043 2
29440 1073774787 4
29440 1074004163 2
29440 1090519235 2
29440 3221225667 2
29440 69793218755 2
13056 68719476931 2
29440 68719476935 2
29440 68719477955 2
29440 68719509699 0
29440 68719739075 2
29440 68736254147 2
29440 69793218755 2
29440 206158430403 2
4864 1217 2
13056 1219 2
29440 1223 2
29440 3267 2
29440 33987 4
29440 263363 2
29440 16778435 2
29440 1073743043 2
29440 68719477955 2
13056 3265 2
29440 3267 2
29440 36033 4
29440 265409 2
29440 16780481 2
29440 1073745089 2
29440 68719480001 2
13056 17601 2
45824 17603 3
45824 19649 3
45824 83137 6
45824 279745 3
45824 16794817 4
45824 1073759425 5
45824 68719494337 5
13056 263361 2
29440 263363 2
29440 265409 2
29440 296129 4
29440 787649 2
29440 17040577 2
29440 1074005185 2
29440 68719740097 2
13056 16778433 2
29440 16778435 2
29440 16780481 2
29440 16811201 3
29440 17040577 2
29440 50332865 2
29440 1090520257 2
29440 68736255169 2
13056 1073743041 2
29440 1073743043 2
29440 1073745089 2
29440 1073775809 3
29440 1074005185 2
29440 1090520257 2
29440 3221226689 2
29440 69793219777 2
13056 68719477953 2
29440 68719477955 2
29440 68719480001 2
29440 68719510721 4
29440 68719740097 2
29440 68736255169 2
29440 69793219777 2
29440 206158431425 2
4864 8385 2
21248 8387 1
22272 8391 1
22272 10435 2
22272 41155 1
22272 270531 1
22272 16785603 1
22272 1073750211 1
22272 68719485123 1
21248 9409 0
21250 9413 4
21250 11457 4
21250 42177 4
21250 271553 3
21250 16786625 3
21250 1073751233 3
21250 68719486145 4
21248 41153 4
16798464 41155 5
16798464 42177 3
16798464 106689 5
16798464 303297 4
16798464 33595585 5
16798464 1073782977 4
16798464 68719517889 3
21248 270529 3
545536 270531 3
545536 271553 3
545536 303297 3
545536 1319105 3
545536 17047745 2
545536 1074012353 3
545536 68719747265 3
21248 16785601 4
33575680 16785603 1
33575680 16786625 0
33575680 16818369 1
33575680 17047745 2
33575680 83894465 0
33575680 1090527425 3
33575680 68736262337 0
21248 1073750209 1
22272 1073750211 1
22272 1073752257 0
22272 1073782977 1
22272 1074012353 1
22272 1090527425 1
22272 3221233857 1
22272 69793226945 1
21248 68719485121 0
21250 68719485125 1
21250 68719486145 4
21250 68719517889 4
21250 68719747265 2
21250 68736262337 1
21250 69793226945 3
21250 206158438593 4
4864 262337 3
529152 262339 6
68720005888 262343 0
68720005888 263363 2
68720005888 270531 2
68720005888 1310915 1
68720005888 17039555 6
68720005888 1074004163 1
68720005888 137439215811 1
529152 263361 4
17306368 263363 4
17306368 265409 4
17306368 271553 4
17306368 1311937 3
17306368 33817793 3
17306368 1074005185 5
17306368 68719740097 4
529152 270529 2
545536 270531 3
545536 271553 3
545536 303297 3
545536 1319105 3
545536 17047745 2
545536 1074012353 3
545536 68719747265 3
529152 1310913 3
2626304 1310915 4
2626304 1311937 4
2626304 1319105 2
2626304 5505217 4
2626304 18088129 1
2626304 1075052737 1
2626304 68720787649 4
529152 17039553 6
68720005888 17039555 4
68720005888 17040577 4
68720005888 17047745 3
68720005888 18088129 3
68720005888 50593985 4
68720005888 1090781377 1
68720005888 137455993025 2
529152 1074004161 1
530176 1074004163 1
530176 1074006209 3
530176 1074012353 1
530176 1075052737 1
530176 1090781377 1
530176 3221487809 1
530176 69793480897 1
529152 68719739073 4
17306368 68719739075 1
17306368 68719740097 4
17306368 68719747265 4
17306368 68720787649 1
17306368 68753293505 3
17306368 69793480897 4
17306368 206158692545 4
4864 16777409 2
13056 16777411 2
29440 16777415 2
29440 16778435 2
29440 16810179 3
29440 17039555 2
29440 50331843 2
29440 1090519235 2
29440 68736254147 2
13056 16778433 2
29440 16778435 2
29440 16780481 2
29440 16811201 3
29440 17040577 2
29440 50332865 2
29440 1090520257 2
29440 68736255169 2
13056 16793793 1
14080 16793795 1
14080 16795841 2
14080 16826561 1
14080 17055937 1
14080 50348225 1
14080 1090535617 1
14080 68736270529 1
13056 17039553 3
537344 17039555 4
537344 17040577 3
537344 17055937 1
537344 18088129 3
537344 50593985 4
537344 1090781377 6
537344 68736516289 5
13056 50331841 2
29440 50331843 2
29440 50332865 2
29440 50364609 3
29440 50593985 2
29440 117440705 2
29440 1124073665 2
29440 68769808577 2
13056 1090519233 2
29440 1090519235 2
29440 1090520257 2
29440 1090552001 3
29440 1090781377 2
29440 1124073665 2
29440 3238002881 2
29440 69809995969 2
13056 68736254145 2
29440 68736254147 2
29440 68736255169 2
29440 68736286913 3
29440 68736516289 2
29440 68769808577 2
29440 69809995969 2
29440 206175207617 2
4864 1073742017 2
13056 1073742019 2
29440 1073742023 2
29440 1073743043 2
29440 1073774787 3
29440 1074004163 2
29440 1090519235 2
29440 3221225667 2
29440 69793218755 2
13056 1073743041 2
29440 1073743043 2
29440 1073745089 2
29440 1073775809 3
29440 1074005185 2
29440 1090520257 2
29440 3221226689 2
29440 69793219777 2
13056 1073758401 2
45824 1073758403 6
45824 1073759425 3
45824 1073823937 4
45824 1074020545 1
45824 1090535617 1
45824 3221242049 5
45824 69793235137 1
13056 1074004161 2
29440 1074004163 2
29440 1074005185 2
29440 1074036929 4
29440 1074528449 2
29440 1090781377 2
29440 3221487809 2
29440 69793480897 2
13056 1090519233 2
29440 1090519235 2
29440 1090520257 2
29440 1090552001 3
29440 1090781377 2
29440 1124073665 2
29440 3238002881 2
29440 69809995969 2
13056 3221225665 2
29440 3221225667 2
29440 3221226689 2
29440 3221258433 3
29440 3221487809 2
29440 3238002881 2
29440 7516192961 2
29440 71940702401 2
13056 69793218753 2
29440 69793218755 2
29440 69793219777 2
29440 69793251521 3
29440 69793480897 2
29440 69809995969 2
29440 71940702401 2
29440 207232172225 2
4864 68719476929 1
5888 68719476931 1
5888 68719478977 2
14080 68719478979 2
14080 68719495361 3
14080 68719741121 2
14080 68736256193 2
14080 69793220801 2
14080 206158432449 2
5888 68719485121 1
5888 68719739073 1
5888 68736254145 1
5888 69793218753 1
5888 206158430401 1
4352 704 2
12544 705 2
28928 707 2
28928 1729 2
28928 33473 3
291072 33475 4
291072 34497 2
291072 99009 6
291072 557761 3
291072 16810689 4
291072 1073775297 2
291072 68719510209 4
28928 262849 2
28928 16777921 2
28928 1073742529 2
28928 68719477441 2
12544 1728 2
28928 1729 2
28928 3776 2
28928 34496 3
291072 34497 5
291072 36544 3
291072 100032 0
291072 558784 3
291072 16811712 4
291072 1073776320 3
291072 68719511232 3
28928 263872 2
28928 16778944 2
28928 1073743552 2
28928 68719478464 2
12544 17088 2
45312 17089 3
307456 17091 3
307456 18113 3
307456 82625 3
307456 541377 4
307456 16794305 3
307456 1073758913 3
307456 68719493825 3
45312 18112 2
110848 18113 3
110848 20160 3
110848 149184 3
110848 280256 3
110848 16795328 6
110848 1073759936 5
110848 68719494848 3
45312 82624 1
46336 82625 6
46336 84672 3
46336 213696 3
46336 344768 3
46336 16859840 6
46336 1073824448 4
46336 68719559360 3
45312 279232 3
569600 279233 6
569600 280256 6
569600 344768 3
569600 1327808 3
569600 17056448 6
569600 1074021056 6
569600 68719755968 5
45312 16794304 6
68719522048 16794305 4
68719522048 16795328 2
68719522048 16859840 1
68719522048 17056448 3
68719522048 50348736 4
68719522048 1090536128 5
68719522048 137455747776 2
45312 1073758912 4
16822528 1073758913 5
16822528 1073759936 5
16822528 1073824448 5
16822528 1074021056 4
16822528 1107313344 4
16822528 3221242560 5
16822528 69793235648 2
45312 68719493824 4
16822528 68719493825 4
16822528 68719494848 3
16822528 68719559360 4
16822528 68719755968 4
16822528 68753048256 3
16822528 69793235648 5
16822528 206158447296 3
12544 262848 3
536832 262849 2
553216 262851 2
553216 263873 2
553216 295617 3
553216 1311425 2
553216 17040065 2
553216 1074004673 2
553216 68719739585 2
536832 263872 2
553216 263873 2
553216 265920 2
553216 296640 3
553216 1312448 2
553216 17041088 2
553216 1074005696 2
553216 68719740608 2
536832 279232 6
68720013568 279233 2
68720013568 280256 2
68720013568 312000 2
68720013568 1327808 3
68720013568 17056448 1
68720013568 1074021056 5
68720013568 137439232704 6
536832 1311424 3
2633984 1311425 3
2633984 1312448 3
2633984 1327808 3
2633984 5505728 6
2633984 18088640 5
2633984 1075053248 3
2633984 68720788160 3
536832 17040064 2
553216 17040065 2
553216 17041088 2
553216 17072832 3
553216 18088640 2
553216 50594496 2
553216 1090781888 2
553216 68736516800 2
536832 1074004672 3
1585408 1074004673 2
1585408 1074005696 2
1585408 1074021056 3
1585408 1076101824 2
1585408 1090781888 6
1585408 3221488320 3
1585408 69793481408 4
536832 68719739584 2
553216 68719739585 2
553216 68719740608 2
553216 68719772352 3
553216 68720788160 2
553216 68736516800 2
553216 69793481408 2
553216 206158693056 2
12544 16777920 2
28928 16777921 2
28928 16778944 2
28928 16810688 4
33583360 16810689 3
33583360 16811712 3
33583360 16876224 3
33583360 17072832 3
33583360 83919552 3
33583360 1090552512 5
33583360 68736287424 3
28928 17040064 2
28928 50332352 2
28928 1090519744 2
28928 68736254656 2
12544 1073742528 2
28928 1073742529 2
28928 1073743552 2
28928 1073775296 3
291072 1073775297 3
291072 1073776320 3
291072 1073840832 5
291072 1074299584 3
291072 1090552512 3
291072 3221258944 5
291072 69793252032 3
28928 1074004672 2
28928 1090519744 2
28928 3221226176 2
28928 69793219264 2
12544 68719477440 2
28928 68719477441 2
28928 68719478464 2
28928 68719510208 3
291072 68719510209 4
291072 68719511232 2
291072 68719575744 1
291072 68720034496 3
291072 68736287424 3
291072 69793252032 3
291072 206158463680 5
28928 68719739584 2
28928 68736254656 2
28928 69793219264 2
28928 206158430912 2
4352 8384 2
20736 8385 1
21248 8387 4
16798464 8391 0
16798464 9411 5
16798464 41155 5
16798464 270531 4
16798464 33562819 5
16798464 1073750211 6
16798464 68719485123 5
21248 9409 0
21250 9413 3
21250 11457 4
21250 42177 4
21250 271553 0
21250 16786625 3
21250 1073751233 3
21250 68719486145 4
21248 41153 1
22272 41155 1
22272 43201 4
22272 106689 1
22272 303297 1
22272 16818369 1
22272 1073782977 1
22272 68719517889 1
21248 270529 3
545536 270531 3
545536 271553 3
545536 303297 3
545536 1319105 3
545536 17047745 2
545536 1074012353 3
545536 68719747265 3
21248 16785601 1
22272 16785603 1
22272 16787649 4
22272 16818369 1
22272 17047745 1
22272 50340033 1
22272 1090527425 1
22272 68736262337 1
21248 1073750209 1
22272 1073750211 1
22272 1073752257 6
22272 1073782977 1
22272 1074012353 1
22272 1090527425 1
22272 3221233857 1
22272 69793226945 1
21248 68719485121 4
16798464 68719485123 5
16798464 68719486145 3
16798464 68719517889 5
16798464 68719747265 4
16798464 68753039553 5
16798464 69793226945 4
16798464 206158438593 3
20736 8896 2
53504 8897 5
1073795328 8899 2
1073795328 9921 4
1073795328 74433 1
1073795328 271041 3
1073795328 16786113 2
1073795328 2147492545 0
1073795328 68719485633 6
53504 9920 2
119040 9921 2
119040 11968 3
119040 140992 0
119040 272064 0
119040 16787136 0
119040 1073751744 2
119040 68719486656 2
53504 74432 1
54528 74433 6
54528 76480 3
54528 205504 3
54528 336576 6
54528 16851648 4
54528 1073816256 3
54528 68719551168 5
53504 271040 1
54528 271041 0
54528 273088 3
54528 336576 5
54528 795328 3
54528 17048256 2
54528 1074012864 6
54528 68719747776 5
53504 16786112 2
119040 16786113 2
119040 16787136 2
119040 16917184 4
119040 17048256 2
119040 50340544 2
119040 1090527936 2
119040 68736262848 2
53504 1073750720 6
68719530240 1073750721 0
68719530240 1073751744 2
68719530240 1073816256 1
68719530240 1074012864 2
68719530240 1090527936 2
68719530240 3221234368 3
68719530240 138512704192 2
53504 68719485632 2
119040 68719485633 2
119040 68719486656 2
119040 68719616704 3
119040 68719747776 2
119040 68736262848 2
119040 69793227456 2
119040 206158439104 2
20736 41152 2
86272 41153 4
16863488 41155 3
16863488 41665 4
16863488 172225 3
16863488 303297 3
16863488 33595585 1
16863488 1073782977 5
16863488 68719517889 3
86272 41664 5
1073828096 41665 5
1073828096 42688 5
1073828096 172736 5
1073828096 303808 3
1073828096 16818880 4
1073828096 2147525312 5
1073828096 68719518400 3
86272 172224 4
16863488 172225 3
16863488 172736 4
16863488 434368 3
16863488 33726656 1
16863488 1073914048 1
16863488 68719648960 3
86272 303296 3
610560 303297 4
610560 303808 3
610560 434368 4
610560 1351872 4
610560 17080512 3
610560 1074045120 3
610560 68719780032 3
86272 16818368 4
33640704 16818369 0
33640704 16818880 3
33640704 16949440 3
33640704 17080512 3
33640704 83927232 4
33640704 1090560192 3
33640704 68736295104 3
86272 1073782976 4
16863488 1073782977 4
16863488 1073783488 4
16863488 1073914048 4
16863488 1074045120 3
16863488 1107337408 1
16863488 3221266624 1
16863488 69793259712 1
86272 68719517888 5
1073828096 68719517889 4
1073828096 68719518400 3
1073828096 68719648960 4
1073828096 68719780032 3
1073828096 68736295104 4
1073828096 70867001536 4
1073828096 206158471360 4
20736 270528 3
545024 270529 1
545536 270531 3
545536 271553 3
545536 303297 3
545536 1319105 4
545536 17047745 0
545536 1074012353 0
545536 68719747265 0
545024 271040 0
545024 271041 3
1593600 272064 3
1593600 303808 4
1593600 2368192 2
1593600 17048256 4
1593600 1074012864 4
1593600 68719747776 2
545024 303296 4
17322240 303297 4
17322240 303808 3
17322240 368832 4
17322240 1351872 4
17322240 33857728 4
17322240 1074045120 4
17322240 68719780032 4
545024 1319104 4
17322240 1319105 4
17322240 1319616 4
17322240 1351872 4
17322240 3416256 4
17322240 34873536 4
17322240 1075060928 4
17322240 68720795840 4
545024 17047744 3
1593600 17047745 3
1593600 17048256 4
1593600 17080512 2
1593600 19144896 5
1593600 50602176 3
1593600 1090789568 6
1593600 68736524480 5
545024 1074012352 4
17322240 1074012353 4
17322240 1074012864 2
17322240 1074045120 4
17322240 1075060928 4
17322240 1107566784 4
17322240 3221496000 4
17322240 69793489088 4
545024 68719747264 2
577792 68719747265 4
577792 68719747776 2
577792 68719812800 4
577792 68720795840 2
577792 68736524480 5
577792 69793489088 4
577792 206158700736 4
20736 16785600 2
53504 16785601 2
119040 16785603 2
119040 16786113 2
119040 16916673 6
119040 17047745 2
119040 50340033 2
119040 1090527425 2
119040 68736262337 2
53504 16786112 4
33607936 16786113 2
33607936 16787136 2
33607936 16851648 1
33607936 17048256 5
33607936 83894976 4
33607936 1090527936 2
33607936 68736262848 3
53504 16851136 1
54016 16851137 1
54016 16852160 4
54016 16982208 4
54016 17113280 3
54016 50405568 0
54016 1090592960 1
54016 68736327872 1
53504 17047744 2
119040 17047745 2
119040 17048256 2
119040 17178816 3
119040 17572032 2
119040 50602176 2
119040 1090789568 2
119040 68736524480 2
53504 50340032 1
54016 50340033 2
54016 50341056 2
54016 50405568 5
54016 50602176 3
54016 117448896 4
54016 1124081856 0
54016 68769816768 5
53504 1090527424 2
119040 1090527425 2
119040 1090527936 2
119040 1090658496 3
119040 1090789568 2
119040 1124081856 2
119040 3238011072 2
119040 69810004160 2
53504 68736262336 5
1073795328 68736262337 2
1073795328 68736262848 2
1073795328 68736327872 6
1073795328 68736524480 3
1073795328 68769816768 2
1073795328 70883745984 4
1073795328 206175215808 2
20736 1073750208 4
16797952 1073750209 1
16798464 1073750211 5
16798464 1073751233 2
16798464 1073782977 2
16798464 1074012353 4
16798464 1107304641 2
16798464 3221233857 5
16798464 69793226945 2
16797952 1073750720 4
50352384 1073750721 0
50352384 1073751744 5
50352384 1073783488 2
50352384 1074012864 5
50352384 1140859584 4
50352384 3221234368 2
50352384 69793227456 5
16797952 1073782976 1
16798464 1073782977 6
16798464 1073784000 2
16798464 1073848512 4
16798464 1074045120 4
16798464 1107337408 1
16798464 3221266624 1
16798464 69793259712 1
16797952 1074012352 3
17322240 1074012353 4
17322240 1074012864 3
17322240 1074045120 4
17322240 1075060928 4
17322240 1107566784 4
17322240 3221496000 4
17322240 69793489088 4
16797952 1107304640 1
16798464 1107304641 2
16798464 1107305664 4
16798464 1107337408 2
16798464 1107566784 4
16798464 1174413504 5
16798464 3254788288 4
16798464 69826781376 0
16797952 3221233856 1
16798464 3221233857 0
16798464 3221234880 6
16798464 3221266624 1
16798464 3221496000 4
16798464 3254788288 1
16798464 7516201152 5
16798464 71940710592 1
16797952 69793226944 1
16798464 69793226945 0
16798464 69793227968 2
16798464 69793259712 0
16798464 69793489088 4
16798464 69826781376 6
16798464 71940710592 4
16798464 207232180416 4
20736 68719485120 5
1073762560 68719485121 4
1090539776 68719485123 5
1090539776 68719485633 5
1090539776 68719517889 5
1090539776 68719747265 3
1090539776 68753039553 5
1090539776 70866968769 5
1090539776 206158438593 5
1073762560 68719485632 2
1073795328 68719485633 5
1073795328 68719486656 5
1073795328 68719551168 6
1073795328 68719747776 2
1073795328 68736262848 4
1073795328 70866969280 3
1073795328 206158439104 3
1073762560 68719517888 4
1090539776 68719517889 5
1090539776 68719518400 5
1090539776 68719583424 5
1090539776 68719780032 3
1090539776 68753072320 5
1090539776 70867001536 5
1090539776 206158471360 5
1073762560 68719747264 3
1074286848 68719747265 1
1074286848 68719747776 3
1074286848 68719780032 4
1074286848 68720795840 5
1074286848 68736524480 3
1074286848 70867230912 2
1074286848 206158700736 2
1073762560 68736262336 4
1107316992 68736262337 1
1107316992 68736262848 1
1107316992 68736295104 5
1107316992 68736524480 2
1107316992 68803371200 4
1107316992 70883745984 1
1107316992 206175215808 2
1073762560 70866968768 4
1090539776 70866968769 5
1090539776 70866969280 5
1090539776 70867001536 0
1090539776 70867230912 0
1090539776 70900523200 0
1090539776 75161936064 0
1090539776 208305922240 3
1073762560 206158438592 0
1107316992 206158438593 4
1090539776 206158439104 0
1090539776 206158471360 0
1090539776 206158700736 0
1090539776 206191993024 0
1090539776 208305922240 0
1090539776 481036345536 0
4352 262336 0
8392960 262337 4
528640 262339 1
529152 262343 6
68720005888 263363 0
68720005888 270531 0
68720005888 1310915 0
68720005888 17039555 3
68720005888 1074004163 1
68720005888 137439215811 6
529152 263361 4
17306368 263363 0
17306368 265409 0
17306368 271553 0
17306368 1311937 0
17306368 33817793 0
17306368 1074005185 0
17306368 68719740097 4
529152 270529 2
545536 270531 3
545536 271553 3
545536 303297 4
545536 1319105 0
545536 17047745 0
545536 1074012353 0
545536 68719747265 0
529152 1310913 0
529152 1310915 3
2626304 1311937 4
2626304 1319105 2
2626304 5505217 1
2626304 18088129 0
2626304 1075052737 0
2626304 68720787649 0
529152 17039553 0
529152 17039555 6
68720005888 17040577 0
68720005888 17047745 0
68720005888 18088129 1
68720005888 50593985 1
68720005888 1090781377 5
68720005888 137455993025 6
529152 1074004161 3
1577728 1074004163 3
1577728 1074005185 3
1577728 1074012353 3
1577728 1076101313 1
1577728 1090781377 6
1577728 3221487809 1
1577728 69793480897 4
529152 68719739073 1
530176 68719739075 1
530176 68719741121 4
530176 68719747265 1
530176 68720787649 1
530176 68736516289 1
530176 69793480897 1
530176 206158692545 1
528640 262848 3
1577216 262849 3
3674368 262851 3
3674368 263873 3
3674368 271041 3
3674368 4457153 6
3674368 17040065 3
3674368 1074004673 3
3674368 68719739585 3
1577216 263872 3
3674368 263873 3
3674368 265920 3
3674368 272064 3
3674368 4458176 2
3674368 17041088 3
3674368 1074005696 3
3674368 68719740608 3
1577216 271040 3
3674368 271041 3
3674368 272064 3
3674368 287424 3
3674368 4465344 2
3674368 17048256 3
3674368 1074012864 3
3674368 68719747776 3
1577216 2360000 0
1577217 2360002 0
1577217 2361024 3
1577217 2368192 2
1577217 6554304 5
1577217 19137216 3
1577217 1076101824 5
1577217 68721836736 4
1577216 17040064 3
3674368 17040065 3
3674368 17041088 3
3674368 17048256 3
3674368 21234368 0
3674368 50594496 3
3674368 1090781888 3
3674368 68736516800 3
1577216 1074004672 2
1585408 1074004673 2
1585408 1074005696 2
1585408 1074021056 3
1585408 1076101824 2
1585408 1090781888 6
1585408 3221488320 3
1585408 69793481408 4
1577216 68719739584 3
3674368 68719739585 3
3674368 68719740608 3
3674368 68719747776 3
3674368 68723933888 4
3674368 68736516800 3
3674368 69793481408 3
3674368 206158693056 3
528640 270528 3
1577216 270529 2
1593600 270531 3
1593600 271041 2
1593600 303297 3
1593600 2367681 2
1593600 17047745 2
1593600 1074012353 2
1593600 68719747265 4
1577216 271040 3
3674368 271041 3
3674368 272064 3
3674368 287424 3
3674368 4465344 2
3674368 17048256 3
3674368 1074012864 3
3674368 68719747776 3
1577216 286912 3
3674368 286913 3
3674368 287424 3
3674368 319680 3
3674368 4481216 2
3674368 17064128 3
3674368 1074028736 3
3674368 68719763648 3
1577216 2367680 2
1593600 2367681 2
1593600 2368192 2
1593600 2400448 4
1593600 6561984 4
1593600 19144896 5
1593600 1076109504 4
1593600 68721844416 4
1577216 17047744 5
1075319040 17047745 3
1075319040 17048256 3
1075319040 17064128 3
1075319040 19144896 2
1075319040 50602176 3
1075319040 2164531392 5
1075319040 68736524480 3
1577216 1074012352 3
3674368 1074012353 3
3674368 1074012864 3
3674368 1074028736 3
3674368 1078206656 4
3674368 1090789568 3
3674368 3221496000 3
3674368 69793489088 3
1577216 68719747264 2
1593600 68719747265 4
1593600 68719747776 5
1593600 68719780032 4
1593600 68721844416 4
1593600 68736524480 5
1593600 69793489088 4
1593600 206158700736 4
528640 1310912 3
2625792 1310913 6
68722102528 1310915 3
68722102528 1311425 3
68722102528 1319105 6
68722102528 5505217 1
68722102528 18088129 6
68722102528 1075052737 5
68722102528 137440264385 2
2625792 1311424 5
1076367616 1311425 5
1076367616 1312448 5
1076367616 1319616 3
1076367616 5505728 5
1076367616 18088640 2
1076367616 2148795072 5
1076367616 68720788160 3
2625792 1319104 3
6820096 1319105 0
6820096 1319616 5
6820096 1335488 1
6820096 9707712 5
6820096 18096320 5
6820096 1075060928 0
6820096 68720795840 5
2625792 5505216 2
2633984 5505217 1
2633984 5505728 6
2633984 5521600 6
2633984 13893824 1
2633984 22282432 6
2633984 1079247040 5
2633984 68724981952 4
2625792 18088128 5
1076367616 18088129 5
1076367616 18088640 5
1076367616 18096320 5
1076367616 22282432 5
1076367616 51642560 4
1076367616 2165571776 5
1076367616 68737564864 5
2625792 1075052736 5
2150109440 1075052737 6
2150109440 1075053248 6
2150109440 1075060928 1
2150109440 1079247040 6
2150109440 1091829952 6
2150109440 5370020032 6
2150109440 69794529472 4
2625792 68720787648 5
1076367616 68720787649 1
1076367616 68720788160 3
1076367616 68720795840 1
1076367616 68724981952 1
1076367616 68737564864 5
1076367616 70868271296 1
1076367616 206159741120 3
528640 17039552 3
1577216 17039553 5
1075319040 17039555 3
1075319040 17040065 5
1075319040 17047745 3
1075319040 19136705 5
1075319040 50593985 4
1075319040 2164523201 3
1075319040 68736516289 4
1577216 17040064 3
3674368 17040065 3
3674368 17041088 3
3674368 17048256 3
3674368 21234368 0
3674368 50594496 4
3674368 1090781888 0
3674368 68736516800 0
1577216 17047744 0
1577216 17047745 0
1577217 17048256 3
1577217 17064128 3
1577217 19144896 2
1577217 50602176 4
1577217 1090789568 6
1577217 68736524480 5
1577216 19136704 0
1577217 19136706 5
1577217 19137216 6
1577217 19144896 2
1577217 23331008 1
1577217 52691136 4
1577217 1092878528 6
1577217 68738613440 5
1577216 50593984 3
3674368 50593985 3
3674368 50594496 3
3674368 50602176 3
3674368 54788288 4
3674368 117702848 3
3674368 1124335808 3
3674368 68770070720 3
1577216 1090781376 6
68721053952 1090781377 5
68721053952 1090781888 5
68721053952 1090789568 3
68721053952 1092878528 4
68721053952 1124335808 4
68721053952 3238265024 3
68721053952 138529734848 3
1577216 68736516288 5
1075319040 68736516289 3
1075319040 68736516800 4
1075319040 68736524480 5
1075319040 68738613440 4
1075319040 68770070720 3
1075319040 70883999936 3
1075319040 206175469760 4
528640 1074004160 3
1577216 1074004161 2
1585408 1074004163 2
1585408 1074004673 2
1585408 1074020545 3
1585408 1076101313 2
1585408 1090781377 6
1585408 3221487809 3
1585408 69793480897 4
1577216 1074004672 3
3674368 1074004673 3
3674368 1074005696 3
3674368 1074012864 3
3674368 1078198976 5
3674368 1090781888 3
3674368 3221488320 3
3674368 69793481408 3
1577216 1074012352 2
1593600 1074012353 0
1593600 1074012864 4
1593600 1074045120 3
1593600 1076109504 4
1593600 1090789568 6
1593600 3221496000 2
1593600 69793489088 4
1577216 1076101312 5
2149060864 1076101313 3
2149060864 1076101824 3
2149060864 1076109504 2
2149060864 1080295616 4
2149060864 1092878528 6
2149060864 5371068608 5
2149060864 69795578048 4
1577216 1090781376 6
68721053952 1090781377 3
68721053952 1090781888 3
68721053952 1090789568 3
68721053952 1092878528 4
68721053952 1124335808 3
68721053952 3238265024 1
68721053952 138529734848 3
1577216 3221487808 1
1577728 3221487809 3
1577728 3221488832 3
1577728 3221496000 1
1577728 3223584960 4
1577728 3238265024 6
1577728 7516455104 5
1577728 71940964544 4
1577216 69793480896 4
18354432 69793480897 3
18354432 69793481408 4
18354432 69793489088 4
18354432 69795578048 5
18354432 69827035328 3
18354432 71940964544 3
18354432 207232434368 6
528640 68719739072 3
1577216 68719739073 3
3674368 68719739075 3
3674368 68719739585 3
3674368 68719747265 3
3674368 68723933377 4
3674368 68736516289 3
3674368 69793480897 3
3674368 206158692545 3
1577216 68719739584 4
18354432 68719739585 3
18354432 68719740608 0
18354432 68719747776 3
18354432 68721836736 0
18354432 68753294016 4
18354432 69793481408 4
18354432 206158693056 4
1577216 68719747264 6
137440530688 68719747265 3
137440530688 68719747776 6
137440530688 68719763648 3
137440530688 68721844416 2
137440530688 68736524480 5
137440530688 69793489088 4
137440530688 343597654208 3
1577216 68721836224 0
1577217 68721836226 4
1577217 68721836736 3
1577217 68721844416 2
1577217 68726030528 1
1577217 68738613440 5
1577217 69795578048 4
1577217 206160789696 3
1577216 68736516288 5
1075319040 68736516289 4
1075319040 68736516800 4
1075319040 68736524480 5
1075319040 68738613440 4
1075319040 68770070720 3
1075319040 70883999936 3
1075319040 206175469760 4
1577216 69793480896 4
18354432 69793480897 4
18354432 69793481408 4
18354432 69793489088 4
18354432 69795578048 5
18354432 69827035328 3
18354432 71940964544 3
18354432 207232434368 3
1577216 206158692544 4
18354432 206158692545 3
18354432 206158693056 3
18354432 206158700736 2
18354432 206160789696 0
18354432 206192246976 3
18354432 207232434368 6
18354432 481036599488 6
4352 16777408 2
12544 16777409 2
28928 16777411 2
28928 16777921 2
28928 16810177 3
291072 16810179 1
291072 16810689 4
291072 16875713 1
291072 17334465 3
291072 50364609 1
291072 1090552001 1
291072 68736286913 1
28928 17039553 2
28928 50331841 2
28928 1090519233 2
28928 68736254145 2
12544 16777920 2
28928 16777921 2
28928 16778944 2
28928 16810688 4
33583360 16810689 3
33583360 16811712 3
33583360 16876224 3
33583360 17072832 3
33583360 83919552 3
33583360 1090552512 5
33583360 68736287424 3
28928 17040064 2
28928 50332352 2
28928 1090519744 2
28928 68736254656 2
12544 16793792 1
13056 16793793 2
45824 16793795 1
45824 16794817 4
45824 16859329 1
45824 17055937 1
45824 50348225 4
45824 1090535617 1
45824 68736270529 1
13056 16794816 2
45824 16794817 5
45824 16796864 4
45824 16860352 6
45824 17056960 3
45824 50349248 4
45824 1090536640 3
45824 68736271552 5
13056 16826560 1
14080 16826561 1
14080 16828608 4
14080 16892096 1
14080 17088704 1
14080 50380992 1
14080 1090568384 1
14080 68736303296 1
13056 17055936 1
14080 17055937 1
14080 17057984 6
14080 17088704 1
14080 17580224 1
14080 50610368 1
14080 1090797760 1
14080 68736532672 1
13056 50348224 1
14080 50348225 1
14080 50350272 4
14080 50380992 1
14080 50610368 1
14080 117457088 1
14080 1124090048 1
14080 68769824960 1
13056 1090535616 2
45824 1090535617 1
45824 1090536640 3
45824 1090601152 6
45824 1090797760 6
45824 1124090048 4
45824 3238019264 0
45824 69810012352 3
13056 68736270528 3
275200 68736270529 3
275200 68736271552 2
275200 68736303296 1
275200 68736794816 1
275200 68769824960 1
275200 69810012352 1
275200 206175224000 4
12544 17039552 3
536832 17039553 3
1585408 17039555 2
1585408 17040065 3
1585408 17055937 3
1585408 19136705 2
1585408 50593985 2
1585408 1090781377 6
1585408 68736516289 5
536832 17040064 2
553216 17040065 2
553216 17041088 2
553216 17072832 3
553216 18088640 2
553216 50594496 2
553216 1090781888 2
553216 68736516800 2
536832 17055936 2
569600 17055937 4
569600 17056448 6
569600 17121472 4
569600 18104512 3
569600 50610368 4
569600 1090797760 6
569600 68736532672 5
536832 18088128 3
2633984 18088129 6
2633984 18088640 5
2633984 18104512 2
2633984 22282432 6
2633984 51642560 4
2633984 1091829952 6
2633984 68737564864 5
536832 50593984 4
67645696 50593985 2
67645696 50594496 2
67645696 50610368 2
67645696 51642560 3
67645696 184811712 2
67645696 1124335808 6
67645696 68770070720 5
536832 1090781376 6
68720013568 1090781377 4
68720013568 1090781888 5
68720013568 1090797760 2
68720013568 1091829952 3
68720013568 1124335808 4
68720013568 3238265024 2
68720013568 138529734848 5
536832 68736516288 5
1074278656 68736516289 5
1074278656 68736516800 5
1074278656 68736532672 4
1074278656 68737564864 3
1074278656 68770070720 2
1074278656 70883999936 2
1074278656 206175469760 5
12544 50331840 4
67121408 50331841 2
67137792 50331843 2
67137792 50332353 2
67137792 50364609 1
67137792 50593985 2
67137792 184549569 2
67137792 1124073665 2
67137792 68769808577 2
67121408 50332352 1
67122432 50332353 3
67122432 50334400 2
67122432 50348736 6
67122432 50594496 6
67122432 184550080 3
67122432 1124074176 6
67122432 68769809088 3
67121408 50348224 2
67154176 50348225 6
67154176 50348736 6
67154176 50413760 6
67154176 50610368 3
67154176 184565952 6
67154176 1124090048 3
67154176 68769824960 3
67121408 50593984 2
67137792 50593985 2
67137792 50594496 2
67137792 50626752 1
67137792 51118272 2
67137792 184811712 2
67137792 1124335808 2
67137792 68770070720 2
67121408 184549568 2
67137792 184549569 2
67137792 184550080 2
67137792 184582336 1
67137792 184811712 2
67137792 452985024 2
67137792 1258291392 2
67137792 68904026304 2
67121408 1124073664 2
67137792 1124073665 2
67137792 1124074176 2
67137792 1124106432 1
67137792 1124335808 2
67137792 1258291392 2
67137792 3271557312 2
67137792 69843550400 2
67121408 68769808576 2
67137792 68769808577 2
67137792 68769809088 2
67137792 68769841344 1
67137792 68770070720 2
67137792 68904026304 2
67137792 69843550400 2
67137792 206208762048 2
12544 1090519232 2
28928 1090519233 2
28928 1090519744 2
28928 1090552000 1
29440 1090552001 3
29440 1090553024 3
29440 1090617536 3
29440 1090814144 6
29440 1124106432 4
29440 3238035648 3
29440 69810028736 3
28928 1090781376 2
28928 1124073664 2
28928 3238002880 2
28928 69809995968 2
12544 68736254144 2
28928 68736254145 2
28928 68736254656 2
28928 68736286912 3
291072 68736286913 1
291072 68736287424 4
291072 68736352448 1
291072 68736811200 3
291072 68769841344 1
291072 69810028736 5
291072 206175240384 1
28928 68736516288 2
28928 68769808576 2
28928 69809995968 2
28928 206175207616 2
4352 1073742016 6
68719481088 1073742017 6
206158434560 1073742019 2
206158442752 1073742023 0
206158442752 1073742531 5
206158442752 1073758403 2
206158442752 1074004163 3
206158442752 1090519235 2
206158442752 3221225667 2
206158442752 275951648963 2
206158434560 1073742529 2
206158442752 1073742531 5
206158442752 1073743553 5
206158442752 1073758913 5
206158442752 1074004673 3
206158442752 1090519745 5
206158442752 3221226177 2
206158442752 275951649473 2
206158434560 1073750209 5
208305918208 1073750211 2
208305918208 1073750721 1
208305918208 1073766593 0
208305918208 1074012353 6
208305918208 1090527425 6
208305918208 5368717505 0
208305918208 275951657153 0
206158434560 1074004161 3
206158958848 1074004163 3
206158958848 1074004673 3
206158958848 1074012353 3
206158958848 1075052737 6
206158958848 1090781377 5
206158958848 3221487809 6
206158958848 275951911105 5
206158434560 1090519233 2
206158442752 1090519235 2
206158442752 1090519745 2
206158442752 1090535617 2
206158442752 1090781377 2
206158442752 1124073665 4
206158442752 3238002881 5
206158442752 275968426177 2
206158434560 3221225665 5
210453401856 3221225667 3
210453401856 3221226177 5
210453401856 3221233857 1
210453401856 3221487809 6
210453401856 3238002881 2
210453401856 11811160257 1
210453401856 278099132609 1
206158434560 275951648961 2
206158442752 275951648963 2
206158442752 275951649473 2
206158442752 275951665345 5
206158442752 275951911105 5
206158442752 275968426177 2
206158442752 278099132609 2
206158442752 825707462849 2
68719481088 1073742528 5
70866964736 1073742529 2
70866972928 1073742531 2
70866972928 1073743553 3
70866972928 1073758913 2
70866972928 1074004673 3
70866972928 1090519745 2
70866972928 5368709825 2
70866972928 138512696001 3
70866964736 1073743552 2
70866972928 1073743553 3
70866972928 1073745600 2
70866972928 1073759936 2
70866972928 1074005696 3
70866972928 1090520768 2
70866972928 5368710848 2
70866972928 138512697024 3
70866964736 1073750720 6
208305918208 1073750721 2
208305918208 1073751744 6
208305918208 1073767104 5
208305918208 1074012864 3
208305918208 1090527936 5
208305918208 5368718016 6
208305918208 275951657664 1
70866964736 1074004672 3
70867489024 1074004673 4
70867489024 1074005696 0
70867489024 1074012864 3
70867489024 1075053248 3
70867489024 1090781888 4
70867489024 5368971968 5
70867489024 138512958144 3
70866964736 1090519744 2
70866972928 1090519745 2
70866972928 1090520768 2
70866972928 1090536128 2
70866972928 1090781888 2
70866972928 1124074176 4
70866972928 5385487040 2
70866972928 138529473216 2
70866964736 5368709824 2
70866972928 5368709825 2
70866972928 5368710848 2
70866972928 5368726208 1
70866972928 5368971968 3
70866972928 5385487040 2
70866972928 13958644416 2
70866972928 142807663296 2
70866964736 138512696000 2
70866972928 138512696001 3
70866972928 138512697024 2
70866972928 138512712384 2
70866972928 138512958144 5
70866972928 138529473216 2
70866972928 142807663296 2
70866972928 413390602944 2
68719481088 1073750208 6
206158434560 1073750209 5
208305918208 1073750211 1
208305918208 1073750721 5
208305918208 1073766593 6
208305918208 1074012353 6
208305918208 1090527425 5
208305918208 5368717505 1
208305918208 275951657153 5
206158434560 1073750720 5
208305918208 1073750721 5
208305918208 1073751744 2
208305918208 1073767104 6
208305918208 1074012864 3
208305918208 1090527936 6
208305918208 5368718016 1
208305918208 275951657664 6
206158434560 1073766592 6
481036341504 1073766593 6
481036341504 1073767104 6
481036341504 1073799360 6
481036341504 1074028736 6
481036341504 1090543808 6
481036341504 3221250240 6
481036341504 550829580480 5
206158434560 1074012352 3
206158958848 1074012353 3
206158958848 1074012864 3
206158958848 1074028736 6
206158958848 1075060928 3
206158958848 1090789568 5
206158958848 3221496000 3
206158958848 275951919296 2
206158434560 1090527424 6
481036341504 1090527425 6
481036341504 1090527936 6
481036341504 1090543808 6
481036341504 1090789568 6
481036341504 1124081856 6
481036341504 3238011072 6
481036341504 550846341312 5
206158434560 3221233856 6
481036341504 3221233857 6
481036341504 3221234368 6
481036341504 3221250240 6
481036341504 3221496000 6
481036341504 3238011072 6
481036341504 7516201152 6
481036341504 552977047744 5
206158434560 275951657152 5
208305918208 275951657153 5
208305918208 275951657664 0
208305918208 275951673536 0
208305918208 275951919296 3
208305918208 275968434368 4
208305918208 280246624448 2
208305918208 825707471040 5
68719481088 1074004160 3
68720005376 1074004161 5
70867489024 1074004163 4
70867489024 1074004673 4
70867489024 1074012353 3
70867489024 1075052737 3
70867489024 1090781377 4
70867489024 5368971457 5
70867489024 138512957633 1
68720005376 1074004672 3
68721053952 1074004673 3
68721053952 1074005696 3
68721053952 1074012864 5
68721053952 1076101824 5
68721053952 1090781888 3
68721053952 3221488320 5
68721053952 138512958144 2
68720005376 1074012352 2
68720021760 1074012353 1
68720021760 1074012864 3
68720021760 1074045120 1
68720021760 1075060928 1
68720021760 1090789568 1
68720021760 3221496000 1
68720021760 138512965824 1
68720005376 1075052736 3
68722102528 1075052737 5
68722102528 1075053248 5
68722102528 1075060928 6
68722102528 1079247040 5
68722102528 1091829952 5
68722102528 3222536384 5
68722102528 138514006208 5
68720005376 1090781376 5
70867489024 1090781377 4
70867489024 1090781888 4
70867489024 1090789568 6
70867489024 1091829952 4
70867489024 1124335808 4
70867489024 5385748672 4
70867489024 138529734848 2
68720005376 3221487808 3
68721053952 3221487809 3
68721053952 3221488320 0
68721053952 3221496000 3
68721053952 3223584960 5
68721053952 3238265024 1
68721053952 7516455104 5
68721053952 140660441280 3
68720005376 138512957632 1
68720005888 138512957633 5
68720005888 138512958656 5
68720005888 138512965824 2
68720005888 138514006208 1
68720005888 138529734848 1
68720005888 140660441280 3
68720005888 413390864576 5
68719481088 1090519232 4
68753035520 1090519233 2
68753043712 1090519235 2
68753043712 1090519745 2
68753043712 1090535617 4
68753043712 1090781377 5
68753043712 1157628097 2
68753043712 3238002881 2
68753043712 138529472705 2
68753035520 1090519744 5
70900519168 1090519745 2
70900519168 1090520768 2
70900519168 1090527936 4
70900519168 1090781888 3
70900519168 1157628608 2
70900519168 5385487040 2
70900519168 138529473216 2
68753035520 1090527424 1
68753036032 1090527425 1
68753036032 1090528448 6
68753036032 1090543808 1
68753036032 1090789568 3
68753036032 1157636288 1
68753036032 3238011072 1
68753036032 138529480896 1
68753035520 1090781376 5
70900519168 1090781377 3
70900519168 1090781888 3
70900519168 1090789568 4
70900519168 1091305664 4
70900519168 1157890240 3
70900519168 5385748672 3
70900519168 138529734848 2
68753035520 1157628096 5
70900519168 1157628097 2
70900519168 1157628608 2
70900519168 1157636288 6
70900519168 1157890240 3
70900519168 1291845824 2
70900519168 5452595392 2
70900519168 138596581568 2
68753035520 3238002880 5
73048002816 3238002881 1
73048002816 3238003392 3
73048002816 3238011072 3
73048002816 3238265024 5
73048002816 3305111744 4
73048002816 11827937472 3
73048002816 140676956352 5
68753035520 138529472704 4
68820144384 138529472705 1
68820144384 138529473216 4
68820144384 138529480896 4
68820144384 138529734848 3
68820144384 138663690432 2
68820144384 140676956352 4
68820144384 413407379648 4
68719481088 3221225664 5
73014448384 3221225665 1
73014448896 3221225667 1
73014448896 3221226689 2
73014448896 3221233857 0
73014448896 3221487809 1
73014448896 3238002881 1
73014448896 11811160257 2
73014448896 140660179137 1
73014448384 3221226176 5
81604382976 3221226177 5
81604382976 3221227200 5
81604382976 3221234368 5
81604382976 3221488320 3
81604382976 3238003392 2
81604382976 20401095360 2
81604382976 140660179648 2
73014448384 3221233856 1
73014448896 3221233857 0
73014448896 3221234880 3
73014448896 3221250240 2
73014448896 3221496000 3
73014448896 3238011072 1
73014448896 11811168448 3
73014448896 140660187328 1
73014448384 3221487808 1
73014448896 3221487809 1
73014448896 3221488832 3
73014448896 3221496000 3
73014448896 3222012096 1
73014448896 3238265024 5
73014448896 11811422400 2
73014448896 140660441280 3
73014448384 3238002880 5
81604382976 3238002881 4
81604382976 3238003392 5
81604382976 3238011072 5
81604382976 3238265024 4
81604382976 3271557312 5
81604382976 20417872064 4
81604382976 140676956352 4
73014448384 11811160256 1
73014448896 11811160257 1
73014448896 11811161280 3
73014448896 11811168448 1
73014448896 11811422400 1
73014448896 11827937472 3
73014448896 28991029440 2
73014448896 149250113728 1
73014448384 140660179136 3
73014710528 140660179137 3
73014710528 140660179648 3
73014710528 140660187328 1
73014710528 140660703424 1
73014710528 140676956352 4
73014710528 149250113728 2
73014710528 415538086080 6
68719481088 138512695488 2
68719489280 138512695489 2
68719505664 138512695491 2
68719505664 138512696001 2
68719505664 138512728257 5
68719505664 138512957633 2
68719505664 138529472705 2
68719505664 140660179137 2
68719505664 413390602433 2
68719489280 138512696000 5
70866972928 138512696001 3
70866972928 138512697024 2
70866972928 138512712384 5
70866972928 138512958144 0
70866972928 138529473216 2
70866972928 142807663296 2
70866972928 413390602944 2
68719489280 138512711872 5
70866972928 138512711873 2
70866972928 138512712384 1
70866972928 138512744640 2
70866972928 138512974016 3
70866972928 138529489088 5
70866972928 142807679168 5
70866972928 413390618816 5
68719489280 138512957632 1
68719489792 138512957633 2
68719489792 138512958656 2
68719489792 138512974016 1
68719489792 138513481920 3
68719489792 138529734848 5
68719489792 140660441280 1
68719489792 413390864576 2
68719489280 138529472704 2
68719505664 138529472705 2
68719505664 138529473216 2
68719505664 138529505472 4
68719505664 138529734848 2
68719505664 138563027136 2
68719505664 140676956352 2
68719505664 413407379648 2
68719489280 140660179136 2
68719505664 140660179137 2
68719505664 140660179648 2
68719505664 140660211904 1
68719505664 140660441280 2
68719505664 140676956352 2
68719505664 144955146432 2
68719505664 415538086080 2
68719489280 413390602432 2
68719505664 413390602433 2
68719505664 413390602944 2
68719505664 413390635200 3
68719505664 413390864576 2
68719505664 413407379648 2
68719505664 415538086080 2
68719505664 963146416320 2
4352 68719476928 3
266496 68719476929 3
790784 68719476931 4
17568000 68719476935 4
17568000 68719477443 4
17568000 68719485123 4
17568000 68720525507 4
17568000 68753031363 4
17568000 69793218755 4
17568000 206158430403 4
790784 68719477441 4
17568000 68719477443 4
17568000 68719478465 4
17568000 68719485633 4
17568000 68720526017 4
17568000 68753031873 4
17568000 69793219265 4
17568000 206158430913 0
790784 68719485121 3
1839360 68719485123 3
1839360 68719485633 3
1839360 68719501505 3
1839360 68721582273 2
1839360 68736262337 3
1839360 69793226945 3
1839360 206158438593 3
790784 68720525505 2
798976 68720525507 2
798976 68720526017 5
798976 68720541889 3
798976 68722622657 2
798976 68737302721 2
798976 69794267329 2
798976 206159478977 2
790784 68736254145 4
34345216 68736254147 3
34345216 68736254657 3
34345216 68736262337 3
34345216 68737302721 2
34345216 68803363009 2
34345216 69809995969 5
34345216 206175207617 3
790784 69793218753 1
791296 69793218755 1
791296 69793219777 0
791296 69793226945 2
791296 69794267329 2
791296 69809995969 4
791296 71940702401 5
791296 207232172225 0
790784 206158430401 4
17568000 206158430403 4
17568000 206158430913 4
17568000 206158438593 4
17568000 206159478977 4
17568000 206191984833 4
17568000 207232172225 4
17568000 481036337345 4
266496 68719477440 3
790784 68719477441 3
1839360 68719477443 3
1839360 68719478465 3
1839360 68719485633 3
1839360 68721574593 5
1839360 68736254657 3
1839360 69793219265 3
1839360 206158430913 3
790784 68719478464 5
1074532608 68719478465 5
1074532608 68719480512 5
1074532608 68719486656 5
1074532608 68720527040 5
1074532608 68736255680 4
1074532608 70866962112 5
1074532608 206158431936 5
790784 68719485632 0
790784 68719485633 0
790784 68719478464 4
790784 68719485632 3
790784 68720526016 2
790784 68736254656 3
790784 69793219264 3
790784 206158430912 4
266496 68720001216 2
274688 68720001217 2
274688 68720001728 2
274688 68720017600 5
274688 68721049792 3
274688 68736778432 2
274688 69793743040 2
274688 206158954688 2
266496 68736254144 2
274688 68736254145 2
274688 68736254656 2
274688 68736270528 4
274688 68736778432 2
274688 68769808576 2
274688 69809995968 2
274688 206175207616 2
266496 69793218752 1
267008 69793218753 1
267008 69793219776 3
267008 69793226944 2
267008 69793743040 1
267008 69809995968 1
267008 71940702400 5
267008 207232172224 3
266496 206158430400 1
267008 206158430401 1
267008 206158431424 3
267008 206158438592 1
267008 206158954688 1
267008 206175207616 2
267008 207232172224 3
267008 481036337344 6
4352 8384 2
20736 8385 0
20738 8389 1
20738 8897 3
20738 41153 1
20738 270529 3
20738 16785601 4
20738 1073750209 3
20738 68719485121 1
20736 8896 3
282880 8897 3
282880 9920 3
282880 41664 3
282880 533184 2
282880 16786112 3
282880 1073750720 3
282880 68719485632 3
20736 41152 5
1073762560 41153 4
1073762560 41664 2
1073762560 106688 4
1073762560 303296 3
1073762560 16818368 4
1073762560 2147524800 4
1073762560 68719517888 4
20736 270528 3
545024 270529 1
545024 271040 3
545024 303296 4
545024 1319104 4
545024 17047744 3
545024 1074012352 6
545024 68719747264 2
20736 16785600 2
53504 16785601 6
53504 16786112 4
53504 16851136 1
53504 17047744 3
53504 50340032 1
53504 1090527424 2
53504 68736262336 4
20736 1073750208 3
282880 1073750209 3
282880 1073750720 3
282880 1073782976 3
282880 1074274496 2
282880 1090527424 3
282880 3221233856 5
282880 69793226944 1
20736 68719485120 5
1073762560 68719485121 4
1073762560 68719485632 5
1073762560 68719517888 4
1073762560 68719747264 3
1073762560 68736262336 4
1073762560 70866968768 4
1073762560 206158438592 4
4352 262336 3
528640 262337 1
529152 262339 4
529152 263361 4
529152 270529 2
529152 1310913 1
529152 17039553 6
529152 1074004161 1
529152 68719739073 4
528640 262848 3
1577216 262849 3
1577216 263872 4
1577216 271040 2
1577216 2360000 0
1577216 17040064 3
1577216 1074004672 3
1577216 68719739584 3
528640 270528 3
1577216 270529 2
1577216 271040 3
1577216 286912 3
1577216 2367680 2
1577216 17047744 2
1577216 1074012352 2
1577216 68719747264 1
528640 1310912 3
2625792 1310913 6
2625792 1311424 2
2625792 1319104 2
2625792 5505216 6
2625792 18088128 5
2625792 1075052736 5
2625792 68720787648 5
528640 17039552 3
1577216 17039553 3
1577216 17040064 3
1577216 17047744 3
1577216 19136704 5
1577216 50593984 4
1577216 1090781376 6
1577216 68736516288 5
528640 1074004160 3
1577216 1074004161 2
1577216 1074004672 5
1577216 1074012352 5
1577216 1076101312 0
1577216 1090781376 6
1577216 3221487808 3
1577216 69793480896 4
528640 68719739072 3
1577216 68719739073 3
1577216 68719739584 3
1577216 68719747264 6
1577216 68721836224 0
1577216 68736516288 5
1577216 69793480896 4
1577216 206158692544 4
4352 16777408 2
12544 16777409 2
28928 16777411 2
28928 16777921 2
28928 16810177 3
28928 17039553 2
28928 50331841 2
28928 1090519233 2
28928 68736254145 2
12544 16777920 2
28928 16777921 2
28928 16778944 2
28928 16810688 4
28928 17040064 2
28928 50332352 2
28928 1090519744 2
28928 68736254656 2
12544 16793792 4
33566976 16793793 4
33566976 16794304 1
33566976 16826560 2
33566976 17055936 4
33566976 83902656 1
33566976 1090535616 3
33566976 68736270528 3
12544 17039552 3
536832 17039553 2
536832 17040064 2
536832 17055936 2
536832 18088128 3
536832 50593984 4
536832 1090781376 6
536832 68736516288 5
12544 50331840 4
67121408 50331841 2
67121408 50332352 1
67121408 50348224 2
67121408 50593984 2
67121408 184549568 2
67121408 1124073664 2
67121408 68769808576 2
12544 1090519232 2
28928 1090519233 2
28928 1090519744 2
28928 1090552000 1
28928 1090781376 2
28928 1124073664 2
28928 3238002880 2
28928 69809995968 2
12544 68736254144 2
28928 68736254145 2
28928 68736254656 2
28928 68736286912 3
28928 68736516288 2
28928 68769808576 2
28928 69809995968 2
28928 206175207616 2
4352 1073742016 5
2147488000 1073742017 6
70866964736 1073742019 2
70866964736 1073742529 2
70866964736 1073750209 6
70866964736 1074004161 3
70866964736 1090519233 2
70866964736 5368709313 0
70866964736 138512695489 0
2147488000 1073742528 0
2147488000 1073742529 2
2147496192 1073743552 0
2147496192 1073758912 0
2147496192 1074004672 0
2147496192 1090519744 0
2147496192 5368709824 0
2147496192 69793219264 0
2147488000 1073750208 0
2147488000 1073750209 0
2147488000 1073742528 6
2147488000 1073750208 0
2147488000 1074004160 0
2147488000 1090519232 0
2147488000 5368709312 0
2147488000 69793218752 0
4352 262336 2
12544 262337 6
12544 262848 3
12544 278720 2
12544 786624 2
12544 17039552 3
12544 1074004160 2
12544 68719739072 2
4352 16777408 2
12544 16777409 2
12544 16777920 2
12544 16793792 1
12544 17039552 3
12544 50331840 4
12544 1090519232 2
12544 68736254144 2
4352 1073742016 1
4864 1073742017 2
4864 1073743040 4
4864 1073750208 2
4864 1074004160 1
4864 1090519232 5
4864 3221225664 1
4864 69793218752 1
4352 68719476928 5
1073746176 68719476929 1
1073746176 68719477440 2
1073746176 68719485120 5
1073746176 68719739072 3
1073746176 68736254144 5
1073746176 70866960576 5
1073746176 206158430400 3
4096 68719476800 1
4224 68719476801 1
4480 68719476803 4
4480 68719477313 2
4480 68719484993 1
4480 68719738945 3
4480 68736254017 1
4480 69793218625 5
4480 206158430273 1
4224 68719477056 2
12416 68719477057 1
12416 68719477568 2
12416 68719493440 5
12416 68719739200 2
12416 68736254272 5
12416 69793218880 2
12416 206158430528 5
4224 68719484992 1
4480 68719484993 1
4480 68719485504 2
4480 68719501376 1
4480 68719747136 1
4480 68736262208 1
4480 69793226816 2
4480 206158438464 1
4224 68719738944 3
528512 68719738945 2
528512 68719739200 3
528512 68719747136 3
528512 68720787520 2
528512 68736516160 5
528512 69793480768 4
528512 206158692416 3
4224 68736254016 4
33558656 68736254017 2
33558656 68736254272 5
33558656 68736262208 1
33558656 68736516160 5
33558656 68803362880 2
33558656 69809995840 3
33558656 206175207488 1
4224 69793218624 4
16781440 69793218625 1
16781440 69793218880 2
16781440 69793226816 2
16781440 69793480768 3
16781440 69826773056 1
16781440 71940702272 1
16781440 207232172096 1
4224 206158430272 1
4480 206158430273 4
4480 206158430784 2
4480 206158438464 1
4480 206158692416 3
4480 206175207488 1
4480 207232172096 4
4480 481036337216 6
0 4096 5
1073741824 4097 1
1073741888 4099 2
1073750080 4103 0
1073750088 4119 3
1073750088 4231 1
1073750088 20487 5
1073750088 266247 2
1073750088 16781319 4
1073750088 2147487751 2
1073750088 68719480839 2
1073750080 4227 2
1073766464 4231 0
1073766464 4483 2
1073766464 36995 1
1073766464 266371 2
1073766464 16781443 4
1073766464 2147487875 1
1073766464 68719480963 0
1073750080 20483 5
3221233728 20487 0
3221233728 20611 5
3221233728 53251 6
3221233728 282627 3
3221233728 16797699 4
3221233728 4294987779 2
3221233728 68719497219 0
1073750080 266243 2
1073766464 266247 0
1073766464 266371 2
1073766464 299011 3
1073766464 790531 3
1073766464 17043459 4
1073766464 2147749891 2
1073766464 68719742979 2
1073750080 16781315 4
1107304512 16781319 0
1107304512 16781443 5
1107304512 16797699 2
1107304512 17043459 3
1107304512 83890179 4
1107304512 2164264963 1
1107304512 68736258051 6
1073750080 2147487747 2
1073766464 2147487751 0
1073766464 2147487875 2
1073766464 2147520515 3
1073766464 2147749891 2
1073766464 2164264963 4
1073766464 6442455043 1
1073766464 70866964483 2
1073750080 68719480835 2
1073766464 68719480839 0
1073766464 68719480963 5
1073766464 68719513603 3
1073766464 68719742979 3
1073766464 68736258051 2
1073766464 70866964483 2
1073766464 206158434307 5
1073741888 4225 5
3221225536 4227 5
7516192832 4231 5
7516192832 4483 5
7516192832 12419 5
7516192832 266371 5
7516192832 16781443 5
7516192832 8589938819 2
7516192832 68719480963 5
3221225536 4481 5
7516192832 4483 5
7516192832 4993 5
7516192832 12673 5
7516192832 266625 5
7516192832 16781697 5
7516192832 8589939073 1
7516192832 68719481217 5
3221225536 12417 2
3221241920 12419 5
3221241920 12673 5
3221241920 45185 4
3221241920 274561 3
3221241920 16789633 4
3221241920 4294979713 5
3221241920 68719489153 5
3221225536 266369 3
3221749824 266371 5
3221749824 266625 3
3221749824 274561 5
3221749824 1314945 5
3221749824 17043585 4
3221749824 4295233665 1
3221749824 68719743105 4
3221225536 16781441 4
3254779968 16781443 2
3254779968 16781697 5
3254779968 16789633 5
3254779968 17043585 3
3254779968 83890305 2
3254779968 4311748737 4
3254779968 68736258177 2
3221225536 4294971521 2
3221233728 4294971523 2
3221233728 4294971777 2
3221233728 4294987905 0
3221233728 4295233665 2
3221233728 4311748737 2
3221233728 12884906113 2
3221233728 73014448257 2
3221225536 68719480961 1
3221225792 68719480963 1
3221225792 68719481473 0
3221225792 68719489153 5
3221225792 68719743105 3
3221225792 68736258177 5
3221225792 73014448257 1
3221225792 206158434433 2
1073741888 12289 2
1073758272 12291 5
3221241920 12295 0
3221241920 12419 5
3221241920 45059 4
3221241920 274435 5
3221241920 16789507 4
3221241920 4294979587 1
3221241920 68719489027 5
1073758272 12417 5
3221241920 12419 0
3221241920 12673 5
3221241920 45185 0
3221241920 274561 3
3221241920 16789633 4
3221241920 4294979713 1
3221241920 68719489153 5
1073758272 45057 5
3221241920 45059 5
3221241920 45185 1
3221241920 110593 5
3221241920 307201 1
3221241920 16822273 4
3221241920 4295012353 4
3221241920 68719521793 5
1073758272 274433 3
1074282560 274435 3
1074282560 274561 2
1074282560 307201 3
1074282560 1323009 5
1074282560 17051649 2
1074282560 2147758081 3
1074282560 68719751169 3
1073758272 16789505 4
1107312704 16789507 1
1107312704 16789633 2
1107312704 16822273 4
1107312704 17051649 5
1107312704 83898369 2
1107312704 2164273153 2
1107312704 68736266241 1
1073758272 2147495937 2
1073791040 2147495939 1
1073791040 2147496065 0
1073791040 2147561473 0
1073791040 2147758081 2
1073791040 2164273153 4
1073791040 6442463233 5
1073791040 70866972673 1
1073758272 68719489025 2
1073791040 68719489027 2
1073791040 68719489153 0
1073791040 68719554561 0
1073791040 68719751169 5
1073791040 68736266241 2
1073791040 70866972673 2
1073791040 206158442497 3
1073741888 266241 3
1074266176 266243 3
1075314752 266247 0
1075314752 266371 4
1075314752 274435 3
1075314752 2363395 1
1075314752 17043459 2
1075314752 2147749891 2
1075314752 68719742979 5
1074266176 266369 5
3221749824 266371 5
3221749824 266625 5
3221749824 274561 2
3221749824 1314945 3
3221749824 17043585 2
3221749824 4295233665 1
3221749824 68719743105 4
1074266176 274433 2
1074282560 274435 2
1074282560 274561 3
1074282560 307201 5
1074282560 1323009 3
1074282560 17051649 2
1074282560 2147758081 3
1074282560 68719751169 3
1074266176 1314817 2
1074274368 1314819 2
1074274368 1314945 5
1074274368 1331201 1
1074274368 3411969 2
1074274368 18092033 1
1074274368 2148798465 1
1074274368 68720791553 3
1074266176 17043457 2
1074274368 17043459 4
1074274368 17043585 3
1074274368 17059841 4
1074274368 18092033 4
1074274368 50597889 3
1074274368 2164527105 1
1074274368 68736520193 4
1074266176 2147749889 3
1075314752 2147749891 2
1075314752 2147750017 2
1075314752 2147758081 3
1075314752 2149847041 2
1075314752 2164527105 2
1075314752 6442717185 2
1075314752 70867226625 4
1074266176 68719742977 1
1074266304 68719742979 2
1074266304 68719743233 3
1074266304 68719751169 1
1074266304 68720791553 2
1074266304 68736520193 2
1074266304 70867226625 3
1074266304 206158696449 3
1073741888 16781313 2
1073750080 16781315 4
1107304512 16781319 0
1107304512 16781443 5
1107304512 16797699 2
1107304512 17043459 3
1107304512 83890179 4
1107304512 2164264963 1
1107304512 68736258051 6
1073750080 16781441 2
1073766464 16781443 2
1073766464 16781697 5
1073766464 16814209 5
1073766464 17043585 5
1073766464 50335873 4
1073766464 2164265089 2
1073766464 68736258177 0
1073750080 16797697 4
1107304512 16797699 2
1107304512 16797825 5
1107304512 16830465 0
1107304512 17059841 3
1107304512 83906561 2
1107304512 2164281345 1
1107304512 68736274433 2
1073750080 17043457 4
1107304512 17043459 3
1107304512 17043585 5
1107304512 17059841 3
1107304512 17567745 3
1107304512 84152321 3
1107304512 2164527105 3
1107304512 68736520193 3
1073750080 50335745 2
1073766464 50335747 4
1073766464 50335873 4
1073766464 50368513 1
1073766464 50597889 3
1073766464 117444609 4
1073766464 2197819393 1
1073766464 68769812481 5
1073750080 2164264961 2
1073766464 2164264963 4
1073766464 2164265089 2
1073766464 2164297729 4
1073766464 2164527105 3
1073766464 2197819393 1
1073766464 6459232257 2
1073766464 70883741697 2
1073750080 68736258049 4
1107304512 68736258051 6
1107304512 68736258177 5
1107304512 68736274433 2
1107304512 68736520193 3
1107304512 68803366913 4
1107304512 70883741697 1
1107304512 206175211521 3
1073741888 2147487745 2
1073750080 2147487747 2
1073766464 2147487751 0
1073766464 2147487875 3
1073766464 2147520515 3
1073766464 2147749891 2
1073766464 2164264963 2
1073766464 6442455043 3
1073766464 70866964483 2
1073750080 2147487873 2
1073766464 2147487875 1
1073766464 2147488129 2
1073766464 2147520641 1
1073766464 2147750017 2
1073766464 2164265089 2
1073766464 6442455169 2
1073766464 70866964609 1
1073750080 2147504129 1
1073750208 2147504131 1
1073750208 2147504385 2
1073750208 2147536897 1
1073750208 2147766273 1
1073750208 2164281345 4
1073750208 6442471425 2
1073750208 70866980865 2
1073750080 2147749889 3
1074274368 2147749891 3
1074274368 2147750017 3
1074274368 2147766273 3
1074274368 2148798465 1
1074274368 2164527105 1
1074274368 6442717185 2
1074274368 70867226625 1
1073750080 2164264961 1
1073750208 2164264963 4
1073750208 2164265217 1
1073750208 2164281345 4
1073750208 2164527105 3
1073750208 2197819393 2
1073750208 6459232257 1
1073750208 70883741697 4
1073750080 6442455041 1
1073750208 6442455043 2
1073750208 6442455297 6
1073750208 6442471425 4
1073750208 6442717185 2
1073750208 6459232257 1
1073750208 15032389633 5
1073750208 75161931777 1
1073750080 70866964481 2
1073766464 70866964483 2
1073766464 70866964609 3
1073766464 70866997249 1
1073766464 70867226625 1
1073766464 70883741697 4
1073766464 75161931777 2
1073766464 208305917953 5
1073741888 68719480833 2
1073750080 68719480835 2
1073766464 68719480839 0
1073766464 68719480963 0
1073766464 68719513603 3
1073766464 68719742979 3
1073766464 68736258051 2
1073766464 70866964483 2
1073766464 206158434307 2
1073750080 68719480961 2
1073766464 68719480963 2
1073766464 68719481217 2
1073766464 68719513729 1
1073766464 68719743105 2
1073766464 68736258177 4
1073766464 70866964609 2
1073766464 206158434433 2
1073750080 68719497217 0
1073750082 68719497221 5
1073750082 68719497345 5
1073750082 68719529985 2
1073750082 68719759361 3
1073750082 68736274433 4
1073750082 70866980865 1
1073750082 206158450689 0
1073750080 68719742977 1
1073750208 68719742979 3
1073750208 68719743233 3
1073750208 68719759361 3
1073750208 68720267265 3
1073750208 68736520193 3
1073750208 70867226625 2
1073750208 206158696449 2
1073750080 68736258049 4
1107304512 68736258051 3
1107304512 68736258177 5
1107304512 68736274433 2
1107304512 68736520193 3
1107304512 68803366913 4
1107304512 70883741697 1
1107304512 206175211521 3
1073750080 70866964481 2
1073766464 70866964483 2
1073766464 70866964609 1
1073766464 70866997249 1
1073766464 70867226625 1
1073766464 70883741697 4
1073766464 75161931777 2
1073766464 208305917953 0
1073750080 206158434305 2
1073766464 206158434307 5
1073766464 206158434433 2
1073766464 206158467073 0
1073766464 206158696449 1
1073766464 206175211521 2
1073766464 208305917953 1
1073766464 481036341249 6
1073741824 4160 3
1074003968 4161 3
1074528256 4163 2
1074536448 4167 0
1074536448 4291 3
1074536448 20547 4
1074536448 1052739 6
1074536448 16781379 4
1074536448 2147487811 6
1074536448 68719480899 3
1074528256 4289 3
1075576832 4291 3
1075576832 4545 3
1075576832 12481 3
1075576832 2101441 4
1075576832 16781505 3
1075576832 2147487937 3
1075576832 68719481025 3
1074528256 12353 4
1091305472 12355 5
1091305472 12481 5
1091305472 28737 5
1091305472 1060929 5
1091305472 33566785 5
1091305472 2147496001 5
1091305472 68719489089 3
1074528256 1052737 2
1074536448 1052739 4
1074536448 1052865 2
1074536448 1069121 6
1074536448 3149889 6
1074536448 17829953 4
1074536448 2148536385 1
1074536448 68720529473 5
1074528256 16781377 4
1108082688 16781379 2
1108082688 16781505 5
1108082688 16789569 3
1108082688 17829953 2
1108082688 83890241 2
1108082688 2164265025 2
1108082688 68736258113 2
1074528256 2147487809 3
1075576832 2147487811 3
1075576832 2147487937 3
1075576832 2147496001 3
1075576832 2149584961 2
1075576832 2164265025 3
1075576832 6442455105 3
1075576832 70866964545 3
1074528256 68719480897 3
1075576832 68719480899 3
1075576832 68719481025 3
1075576832 68719489089 3
1075576832 68721578049 2
1075576832 68736258113 3
1075576832 70866964545 3
1075576832 206158434369 3
1074003968 4288 3
1074528256 4289 3
1075576832 4291 3
1075576832 4545 3
1075576832 12481 3
1075576832 2101441 4
1075576832 16781505 3
1075576832 2147487937 3
1075576832 68719481025 3
1074528256 4544 1
1074528768 4545 4
1074528768 5568 4
1074528768 12736 4
1074528768 1053120 5
1074528768 16781760 3
1074528768 2147488192 3
1074528768 68719481280 3
1074528256 12480 3
1075576832 12481 3
1075576832 12736 3
1075576832 28864 3
1075576832 2109632 4
1075576832 16789696 3
1075576832 2147496128 3
1075576832 68719489216 3
1074528256 1052864 5
3222011904 1052865 4
3222011904 1053120 1
3222011904 1061056 5
3222011904 3150016 6
3222011904 17830080 4
3222011904 4296020160 4
3222011904 68720529600 1
1074528256 16781504 3
1075576832 16781505 3
1075576832 16781760 3
1075576832 16789696 3
1075576832 18878656 1
1075576832 50335936 3
1075576832 2164265152 3
1075576832 68736258240 3
1074528256 2147487936 3
1075576832 2147487937 3
1075576832 2147488192 3
1075576832 2147496128 3
1075576832 2149585088 6
1075576832 2164265152 3
1075576832 6442455232 3
1075576832 70866964672 3
1074528256 68719481024 3
1075576832 68719481025 3
1075576832 68719481280 3
1075576832 68719489216 3
1075576832 68721578176 1
1075576832 68736258240 3
1075576832 70866964672 3
1075576832 206158434496 3
1074003968 12352 2
1074020352 12353 3
1074544640 12355 4
1074544640 12481 3
1074544640 45121 3
1074544640 1060929 3
1074544640 16789569 3
1074544640 2147496001 3
1074544640 68719489089 3
1074020352 12480 3
1074544640 12481 3
1074544640 12736 1
1074544640 45248 3
1074544640 1061056 3
1074544640 16789696 3
1074544640 2147496128 1
1074544640 68719489216 3
1074020352 45120 3
1074544640 45121 4
1074544640 45248 4
1074544640 110656 3
1074544640 1093696 5
1074544640 16822336 3
1074544640 2147528768 4
1074544640 68719521856 3
1074020352 536640 3
1075068928 536641 4
1075068928 536768 2
1075068928 569408 6
1075068928 2633792 6
1075068928 17313856 4
1075068928 2148020288 6
1075068928 68720013376 1
1074020352 16789568 1
1074020480 16789569 3
1074020480 16789824 4
1074020480 16822336 3
1074020480 17313856 2
1074020480 50344000 5
1074020480 2164273216 0
1074020480 68736266304 3
1074020352 2147496000 2
1074053120 2147496001 2
1074053120 2147496128 4
1074053120 2147561536 6
1074053120 2148020288 3
1074053120 2164273216 4
1074053120 6442463296 5
1074053120 70866972736 0
1074020352 68719489088 3
1074544640 68719489089 3
1074544640 68719489216 3
1074544640 68719521856 3
1074544640 68720537664 3
1074544640 68736266304 3
1074544640 70866972736 3
1074544640 206158442560 3
1074003968 528448 3
1075052544 528449 1
1075052672 528451 3
1075052672 528705 3
1075052672 536641 4
1075052672 2625601 1
1075052672 17305665 3
1075052672 2148012097 1
1075052672 68720005185 3
1075052544 528576 4
1091829760 528577 5
1091829760 528832 5
1091829760 536768 5
1091829760 2625728 5
1091829760 34083008 5
1091829760 2148012224 5
1091829760 68720005312 3
1075052544 536640 3
1077149696 536641 6
1077149696 536768 6
1077149696 553024 2
1077149696 4730944 1
1077149696 17313856 4
1077149696 2148020288 6
1077149696 68720013376 0
1075052544 2625600 2
1075060736 2625601 6
1075060736 2625728 6
1075060736 2641984 2
1075060736 6819904 2
1075060736 19402816 4
1075060736 2150109248 2
1075060736 68722102336 2
1075052544 17305664 3
1077149696 17305665 2
1077149696 17305792 6
1077149696 17313856 3
1077149696 21499968 4
1077149696 50860096 3
1077149696 2164789312 4
1077149696 68736782400 3
1075052544 2148012096 3
1077149696 2148012097 3
1077149696 2148012224 1
1077149696 2148020288 6
1077149696 2152206400 2
1077149696 2164789312 4
1077149696 6442979392 2
1077149696 70867488832 3
1075052544 68720005184 3
1077149696 68720005185 3
1077149696 68720005312 1
1077149696 68720013376 5
1077149696 68724199488 5
1077149696 68736782400 3
1077149696 70867488832 2
1077149696 206158958656 3
1074003968 16781376 4
1107558400 16781377 3
1108082688 16781379 2
1108082688 16781505 3
1108082688 16789569 3
1108082688 17829953 2
1108082688 83890241 2
1108082688 2164265025 3
1108082688 68736258113 2
1107558400 16781504 4
1174667264 16781505 4
1174667264 16781760 1
1174667264 16789696 4
1174667264 17305792 5
1174667264 150999232 2
1174667264 2164265152 2
1174667264 68736258240 3
1107558400 16789568 2
1107574784 16789569 2
1107574784 16789696 2
1107574784 16822336 5
1107574784 17313856 3
1107574784 83898432 4
1107574784 2164273216 2
1107574784 68736266304 5
1107558400 17305664 4
1174667264 17305665 3
1174667264 17305792 4
1174667264 17313856 3
1174667264 18354240 4
1174667264 151523392 3
1174667264 2164789312 3
1174667264 68736782400 4
1107558400 83890240 2
1107566592 83890241 3
1107566592 83890368 1
1107566592 83906624 3
1107566592 84414528 3
1107566592 218107968 3
1107566592 2231373888 2
1107566592 68803366976 3
1107558400 2164265024 2
1107566592 2164265025 3
1107566592 2164265152 4
1107566592 2164281408 3
1107566592 2164789312 3
1107566592 2231373888 2
1107566592 6459232320 4
1107566592 70883741760 1
1107558400 68736258112 3
1108082688 68736258113 5
1108082688 68736258240 5
1108082688 68736266304 3
1108082688 68737306688 5
1108082688 68803366976 5
1108082688 70883741760 1
1108082688 206175211584 2
1074003968 2147487808 1
1074004096 2147487809 3
1074528384 2147487811 6
1074528384 2147488065 6
1074528384 2147496001 4
1074528384 2148536385 4
1074528384 2164265025 2
1074528384 6442455105 6
1074528384 70866964545 2
1074004096 2147488064 3
1074528384 2147488065 6
1074528384 2147488576 4
1074528384 2147496256 3
1074528384 2148536640 2
1074528384 2164265280 2
1074528384 6442455360 4
1074528384 70866964800 3
1074004096 2147496000 2
1074020480 2147496001 2
1074020480 2147496256 2
1074020480 2147528768 0
1074020480 2148020288 3
1074020480 2164273216 0
1074020480 6442463296 0
1074020480 70866972736 1
1074004096 2148012096 3
1075052672 2148012097 1
1075052672 2148012352 3
1075052672 2148020288 6
1075052672 2150109248 6
1075052672 2164789312 4
1075052672 6442979392 5
1075052672 70867488832 3
1074004096 2164265024 3
1074528384 2164265025 2
1074528384 2164265280 2
1074528384 2164273216 3
1074528384 2165313600 2
1074528384 2197819456 4
1074528384 6459232320 2
1074528384 70883741760 4
1074004096 6442455104 3
1074528384 6442455105 2
1074528384 6442455360 4
1074528384 6442463296 3
1074528384 6443503680 2
1074528384 6459232320 2
1074528384 15032389696 5
1074528384 75161931840 2
1074004096 70866964544 3
1074528384 70866964545 3
1074528384 70866964800 2
1074528384 70866972736 3
1074528384 70868013120 2
1074528384 70883741760 4
1074528384 75161931840 2
1074528384 208305918016 3
1074003968 68719480896 3
1074528256 68719480897 1
1074528384 68719480899 1
1074528384 68719481153 3
1074528384 68719489089 3
1074528384 68720529473 2
1074528384 68736258113 2
1074528384 70866964545 3
1074528384 206158434369 3
1074528256 68719481024 3
1075576832 68719481025 3
1075576832 68719481280 3
1075576832 68719489216 3
1075576832 68721578176 1
1075576832 68736258240 3
1075576832 70866964672 3
1075576832 206158434496 3
1074528256 68719489088 3
1075576832 68719489089 3
1075576832 68719489216 3
1075576832 68719505472 3
1075576832 68721586240 2
1075576832 68736266304 3
1075576832 70866972736 3
1075576832 206158442560 3
1074528256 68720529472 2
1074536448 68720529473 5
1074536448 68720529600 1
1074536448 68720545856 1
1074536448 68722626624 1
1074536448 68737306688 4
1074536448 70868013120 1
1074536448 206159482944 2
1074528256 68736258112 4
1108082688 68736258113 5
1108082688 68736258240 5
1108082688 68736266304 5
1108082688 68737306688 2
1108082688 68803366976 5
1108082688 70883741760 1
1108082688 206175211584 2
1074528256 70866964544 3
1075576832 70866964545 3
1075576832 70866964672 3
1075576832 70866972736 3
1075576832 70869061696 2
1075576832 70883741760 3
1075576832 75161931840 3
1075576832 208305918016 3
1074528256 206158434368 3
1075576832 206158434369 3
1075576832 206158434496 3
1075576832 206158442560 3
1075576832 206160531520 2
1075576832 206175211584 3
1075576832 208305918016 3
1075576832 481036341312 3
1073741824 12288 2
1073758208 12289 2
1073790976 12291 5
3221274624 12295 0
3221274624 12355 3
3221274624 77827 3
3221274624 274435 1
3221274624 16789507 2
3221274624 4294979587 3
3221274624 68719489027 2
1073790976 12353 3
1074053120 12355 2
1074053120 12481 2
1074053120 77889 3
1074053120 536641 2
1074053120 16789569 4
1074053120 2147496001 0
1074053120 68719489089 3
1073790976 77825 1
1073791040 77827 0
1073791040 77953 0
1073791040 208897 6
1073791040 339969 3
1073791040 16855041 4
1073791040 2147561473 0
1073791040 68719554561 0
1073790976 274433 1
1073791040 274435 2
1073791040 274561 3
1073791040 339969 3
1073791040 798721 3
1073791040 17051649 5
1073791040 2147758081 2
1073791040 68719751169 1
1073790976 16789505 2
1073856512 16789507 2
1073856512 16789569 2
1073856512 16920577 4
1073856512 17051649 2
1073856512 50343937 2
1073856512 2164273153 2
1073856512 68736266241 2
1073790976 2147495937 1
1073791040 2147495939 2
1073791040 2147496065 0
1073791040 2147561473 3
1073791040 2147758081 2
1073791040 2164273153 4
1073791040 6442463233 5
1073791040 70866972673 3
1073790976 68719489025 1
1073791040 68719489027 2
1073791040 68719489153 0
1073791040 68719554561 3
1073791040 68719751169 1
1073791040 68736266241 4
1073791040 70866972673 0
1073791040 206158442497 3
1073758208 12352 3
1074020352 12353 3
1074544640 12355 3
1074544640 12481 3
1074544640 45121 3
1074544640 1060929 5
1074544640 16789569 3
1074544640 2147496001 3
1074544640 68719489089 3
1074020352 12480 2
1074053120 12481 3
1074053120 12736 1
1074053120 78016 5
1074053120 536768 3
1074053120 16789696 2
1074053120 2147496128 6
1074053120 68719489216 2
1074020352 45120 3
1074544640 45121 3
1074544640 45248 3
1074544640 110656 4
1074544640 1093696 3
1074544640 16822336 3
1074544640 2147528768 4
1074544640 68719521856 3
1074020352 536640 3
1075068928 536641 4
1075068928 536768 2
1075068928 569408 4
1075068928 2633792 6
1075068928 17313856 4
1075068928 2148020288 6
1075068928 68720013376 2
1074020352 16789568 3
1074544640 16789569 3
1074544640 16789696 3
1074544640 16822336 3
1074544640 17838144 5
1074544640 50344000 3
1074544640 2164273216 3
1074544640 68736266304 3
1074020352 2147496000 2
1074053120 2147496001 5
1074053120 2147496128 2
1074053120 2147561536 1
1074053120 2148020288 3
1074053120 2164273216 4
1074053120 6442463296 5
1074053120 70866972736 5
1074020352 68719489088 3
1074544640 68719489089 3
1074544640 68719489216 3
1074544640 68719521856 3
1074544640 68720537664 3
1074544640 68736266304 3
1074544640 70866972736 3
1074544640 206158442560 3
1073758208 45056 4
1090535424 45057 1
1090535488 45059 5
1090535488 45185 5
1090535488 110593 4
1090535488 307201 3
1090535488 33599489 5
1090535488 2147528705 5
1090535488 68719521793 0
1090535424 45120 3
1090797568 45121 5
1090797568 45248 5
1090797568 110656 5
1090797568 569408 5
1090797568 33599552 5
1090797568 2147528768 5
1090797568 68719521856 3
1090535424 110592 5
3238019072 110593 4
3238019072 110656 5
3238019072 241664 5
3238019072 372736 3
3238019072 33665024 5
3238019072 4295077888 4
3238019072 68719587328 0
1090535424 307200 3
1091059712 307201 1
1091059712 307264 0
1091059712 372736 3
1091059712 1355776 5
1091059712 33861632 3
1091059712 2147790848 3
1091059712 68719783936 3
1090535424 33599488 4
1157644288 33599489 5
1157644288 33599552 3
1157644288 33665024 3
1157644288 33861632 3
1157644288 167817216 1
1157644288 2181083136 4
1157644288 68753076224 4
1090535424 2147528704 5
5385502720 2147528705 3
5385502720 2147528768 3
5385502720 2147594240 1
5385502720 2147790848 3
5385502720 2181083136 6
5385502720 10737463296 0
5385502720 70867005440 5
1090535424 68719521792 1
1090535488 68719521793 0
1090535488 68719521920 5
1090535488 68719587328 1
1090535488 68719783936 1
1090535488 68753076224 4
1090535488 70867005440 5
1090535488 206158475264 1
1073758208 274432 1
1073758272 274433 2
1073791040 274435 2
1073791040 274561 2
1073791040 339969 3
1073791040 798721 3
1073791040 17051649 5
1073791040 2147758081 1
1073791040 68719751169 6
1073758272 274560 2
1073791040 274561 2
1073791040 274816 1
1073791040 340096 3
1073791040 798848 3
1073791040 17051776 3
1073791040 2147758208 6
1073791040 68719751296 6
1073758272 307200 3
1074282560 307201 0
1074282560 307328 5
1074282560 372736 3
1074282560 1355776 5
1074282560 17084416 3
1074282560 2147790848 3
1074282560 68719783936 3
1073758272 798720 3
1074806848 798721 1
1074806848 798848 2
1074806848 831488 3
1074806848 2895872 1
1074806848 17575936 4
1074806848 2148282368 2
1074806848 68720275456 3
1073758272 17051648 5
3221241920 17051649 2
3221241920 17051776 3
3221241920 17084416 3
3221241920 17575936 1
3221241920 50606080 1
3221241920 4312018944 1
3221241920 68736528384 1
1073758272 2147758080 2
1073791040 2147758081 2
1073791040 2147758208 6
1073791040 2147823616 1
1073791040 2148282368 2
1073791040 2164535296 2
1073791040 6442725376 5
1073791040 70867234816 2
1073758272 68719751168 2
1073791040 68719751169 2
1073791040 68719751296 2
1073791040 68719816704 0
1073791040 68720275456 2
1073791040 68736528384 1
1073791040 70867234816 1
1073791040 206158704640 2
1073758208 16789504 1
1073758272 16789505 4
1107312704 16789507 1
1107312704 16789633 4
1107312704 16822273 4
1107312704 17051649 5
1107312704 83898369 2
1107312704 2164273153 2
1107312704 68736266241 2
1073758272 16789632 4
1107312704 16789633 1
1107312704 16789888 5
1107312704 16822400 5
1107312704 17051776 2
1107312704 83898496 2
1107312704 2164273280 2
1107312704 68736266368 2
1073758272 16822272 5
3221241920 16822273 5
3221241920 16822400 5
3221241920 16887808 4
3221241920 17084416 1
3221241920 50376704 5
3221241920 4311789568 4
3221241920 68736299008 1
1073758272 17051648 3
1074282560 17051649 2
1074282560 17051776 1
1074282560 17084416 4
1074282560 18100224 3
1074282560 50606080 4
1074282560 2164535296 3
1074282560 68736528384 4
1073758272 50343936 4
1140867136 50343937 5
1140867136 50344064 4
1140867136 50376704 1
1140867136 50606080 3
1140867136 184561664 5
1140867136 2197827584 1
1140867136 68769820672 2
1073758272 2164273152 1
1073758400 2164273153 4
1073758400 2164273408 5
1073758400 2164305920 1
1073758400 2164535296 4
1073758400 2197827584 1
1073758400 6459240448 1
1073758400 70883749888 6
1073758272 68736266240 4
1107312704 68736266241 2
1107312704 68736266368 2
1107312704 68736299008 4
1107312704 68736528384 3
1107312704 68803375104 4
1107312704 70883749888 2
1107312704 206175219712 4
1073758208 2147495936 2
1073790976 2147495937 1
1073791040 2147495939 1
1073791040 2147496065 0
1073791040 2147561473 0
1073791040 2147758081 2
1073791040 2164273153 4
1073791040 6442463233 5
1073791040 70866972673 2
1073790976 2147496000 3
1074053120 2147496001 5
1074053120 2147496128 4
1074053120 2147561536 1
1074053120 2148020288 2
1074053120 2164273216 2
1074053120 6442463296 5
1074053120 70866972736 1
1073790976 2147561472 1
1073791040 2147561473 0
1073791040 2147561600 3
1073791040 2147692544 6
1073791040 2147823616 1
1073791040 2164338688 4
1073791040 6442528768 5
1073791040 70867038208 1
1073790976 2147758080 1
1073791040 2147758081 1
1073791040 2147758208 6
1073791040 2147823616 1
1073791040 2148282368 3
1073791040 2164535296 4
1073791040 6442725376 2
1073791040 70867234816 0
1073790976 2164273152 4
1107345408 2164273153 0
1107345408 2164273216 3
1107345408 2164338688 6
1107345408 2164535296 1
1107345408 2231382016 4
1107345408 6459240448 2
1107345408 70883749888 1
1073790976 6442463232 5
9663725568 6442463233 2
9663725568 6442463296 3
9663725568 6442528768 1
9663725568 6442725376 1
9663725568 6459240448 4
9663725568 23622332416 1
9663725568 75161939968 1
1073790976 70866972672 1
1073791040 70866972673 5
1073791040 70866972800 3
1073791040 70867038208 3
1073791040 70867234816 2
1073791040 70883749888 2
1073791040 75161939968 5
1073791040 208305926144 2
1073758208 68719489024 2
1073790976 68719489025 1
1073791040 68719489027 2
1073791040 68719489153 0
1073791040 68719554561 0
1073791040 68719751169 5
1073791040 68736266241 2
1073791040 70866972673 2
1073791040 206158442497 1
1073790976 68719489088 2
1073856512 68719489089 2
1073856512 68719489216 2
1073856512 68719620160 3
1073856512 68719751232 2
1073856512 68736266304 2
1073856512 70866972736 2
1073856512 206158442560 2
1073790976 68719554560 1
1073791040 68719554561 6
1073791040 68719554688 0
1073791040 68719685632 3
1073791040 68719816704 3
1073791040 68736331776 4
1073791040 70867038208 1
1073791040 206158508032 6
1073790976 68719751168 2
1073856512 68719751169 2
1073856512 68719751232 2
1073856512 68719882240 1
1073856512 68720275456 2
1073856512 68736528384 2
1073856512 70867234816 2
1073856512 206158704640 2
1073790976 68736266240 4
1107345408 68736266241 1
1107345408 68736266304 3
1107345408 68736331776 3
1107345408 68736528384 1
1107345408 68803375104 2
1107345408 70883749888 1
1107345408 206175219712 6
1073790976 70866972672 1
1073791040 70866972673 3
1073791040 70866972800 3
1073791040 70867038208 1
1073791040 70867234816 2
1073791040 70883749888 2
1073791040 75161939968 5
1073791040 208305926144 2
1073790976 206158442496 6
275951697920 206158442497 1
275951697920 206158442560 2
275951697920 206158508032 5
275951697920 206158704640 2
275951697920 206175219712 4
275951697920 208305926144 0
275951697920 755914256384 5
1073741824 266240 1
1073741888 266241 1
1073742016 266243 3
1074266304 266247 0
1074266304 266499 3
1074266304 274435 5
1074266304 1314819 2
1074266304 17043459 2
1074266304 2147749891 3
1074266304 68719742979 2
1073742016 266497 3
1074266304 266499 3
1074266304 267009 3
1074266304 274689 3
1074266304 1315073 2
1074266304 17043713 2
1074266304 2147750145 2
1074266304 68719743233 1
1073742016 274433 2
1073758400 274435 2
1073758400 274689 2
1073758400 307201 5
1073758400 798721 1
1073758400 17051649 2
1073758400 2147758081 2
1073758400 68719751169 2
1073742016 790529 3
1074790592 790531 3
1074790592 790785 1
1074790592 798721 1
1074790592 2887681 3
1074790592 17567745 3
1074790592 2148274177 3
1074790592 68720267265 3
1073742016 17043457 3
1074266304 17043459 4
1074266304 17043713 2
1074266304 17051649 3
1074266304 18092033 2
1074266304 50597889 1
1074266304 2164527105 2
1074266304 68736520193 2
1073742016 2147749889 3
1074266304 2147749891 3
1074266304 2147750145 2
1074266304 2147758081 3
1074266304 2148798465 2
1074266304 2164527105 2
1074266304 6442717185 2
1074266304 70867226625 2
1073742016 68719742977 2
1073750208 68719742979 2
1073750208 68719743233 3
1073750208 68719759361 3
1073750208 68720267265 3
1073750208 68736520193 3
1073750208 70867226625 2
1073750208 206158696449 2
1073741888 266368 5
3221225536 266369 3
3221749824 266371 3
3221749824 266625 2
3221749824 274561 5
3221749824 1314945 3
3221749824 17043585 4
3221749824 4295233665 6
3221749824 68719743105 5
3221225536 266624 3
3221749824 266625 5
3221749824 267136 1
3221749824 274816 3
3221749824 1315200 3
3221749824 17043840 2
3221749824 4295233920 1
3221749824 68719743360 3
3221225536 274560 2
3221241920 274561 3
3221241920 274816 3
3221241920 307328 5
3221241920 798848 3
3221241920 17051776 3
3221241920 4295241856 2
3221241920 68719751296 2
3221225536 790656 3
3222274112 790657 3
3222274112 790912 3
3222274112 798848 3
3222274112 2887808 2
3222274112 17567872 2
3222274112 4295757952 5
3222274112 68720267392 3
3221225536 17043584 2
3221233728 17043585 4
3221233728 17043840 3
3221233728 17059968 4
3221233728 17567872 3
3221233728 50598016 4
3221233728 4312010880 4
3221233728 68736520320 4
3221225536 4295233664 3
3221749824 4295233665 0
3221749824 4295233920 3
3221749824 4295241856 3
3221749824 4296282240 3
3221749824 4312010880 3
3221749824 12885168256 1
3221749824 73014710400 1
3221225536 68719743104 3
3221749824 68719743105 3
3221749824 68719743360 5
3221749824 68719751296 5
3221749824 68720791680 5
3221749824 68736520320 4
3221749824 73014710400 1
3221749824 206158696576 3
1073741888 274432 2
1073758272 274433 2
1073791040 274435 2
1073791040 274561 3
1073791040 339969 3
1073791040 798721 2
1073791040 17051649 5
1073791040 2147758081 1
1073791040 68719751169 6
1073758272 274560 2
1073791040 274561 3
1073791040 274816 1
1073791040 340096 3
1073791040 798848 3
1073791040 17051776 2
1073791040 2147758208 6
1073791040 68719751296 6
1073758272 307200 3
1074282560 307201 0
1074282560 307328 5
1074282560 372736 3
1074282560 1355776 5
1074282560 17084416 3
1074282560 2147790848 3
1074282560 68719783936 3
1073758272 798720 3
1074806848 798721 1
1074806848 798848 2
1074806848 831488 1
1074806848 2895872 1
1074806848 17575936 4
1074806848 2148282368 2
1074806848 68720275456 1
1073758272 17051648 4
1107312704 17051649 5
1107312704 17051776 2
1107312704 17084416 4
1107312704 17575936 3
1107312704 84160512 3
1107312704 2164535296 2
1107312704 68736528384 3
1073758272 2147758080 2
1073791040 2147758081 2
1073791040 2147758208 6
1073791040 2147823616 1
1073791040 2148282368 3
1073791040 2164535296 4
1073791040 6442725376 1
1073791040 70867234816 1
1073758272 68719751168 2
1073791040 68719751169 6
1073791040 68719751296 5
1073791040 68719816704 3
1073791040 68720275456 2
1073791040 68736528384 2
1073791040 70867234816 2
1073791040 206158704640 2
1073741888 790528 3
1074790464 790529 3
1076887616 790531 2
1076887616 790657 3
1076887616 798721 0
1076887616 4984833 2
1076887616 17567745 2
1076887616 2148274177 2
1076887616 68720267265 2
1074790464 790656 3
1076887616 790657 2
1076887616 790912 1
1076887616 798848 3
1076887616 4984960 6
1076887616 17567872 2
1076887616 2148274304 0
1076887616 68720267392 5
1074790464 798720 3
1076887616 798721 3
1076887616 798848 6
1076887616 815104 2
1076887616 4993024 2
1076887616 17575936 3
1076887616 2148282368 1
1076887616 68720275456 2
1074790464 2887680 2
1074798656 2887681 1
1074798656 2887808 2
1074798656 2904064 2
1074798656 7081984 2
1074798656 19664896 4
1074798656 2150371328 6
1074798656 68722364416 1
1074790464 17567744 3
1076887616 17567745 2
1076887616 17567872 2
1076887616 17575936 3
1076887616 21762048 4
1076887616 51122176 3
1076887616 2165051392 4
1076887616 68737044480 4
1074790464 2148274176 3
1076887616 2148274177 3
1076887616 2148274304 3
1076887616 2148282368 3
1076887616 2152468480 2
1076887616 2165051392 4
1076887616 6443241472 5
1076887616 70867750912 0
1074790464 68720267264 3
1076887616 68720267265 2
1076887616 68720267392 1
1076887616 68720275456 1
1076887616 68724461568 5
1076887616 68737044480 4
1076887616 70867750912 6
1076887616 206159220736 3
1073741888 17043456 3
1074266176 17043457 2
1074274368 17043459 4
1074274368 17043585 5
1074274368 17059841 4
1074274368 18092033 4
1074274368 50597889 3
1074274368 2164527105 1
1074274368 68736520193 1
1074266176 17043584 3
1075314752 17043585 4
1075314752 17043840 2
1075314752 17051776 5
1075314752 19140736 4
1075314752 50598016 3
1075314752 2164527232 4
1075314752 68736520320 4
1074266176 17051648 3
1075314752 17051649 5
1075314752 17051776 3
1075314752 17068032 2
1075314752 19148800 4
1075314752 50606080 3
1075314752 2164535296 3
1075314752 68736528384 4
1074266176 18092032 3
1076363328 18092033 2
1076363328 18092160 5
1076363328 18100224 2
1076363328 22286336 2
1076363328 51646464 4
1076363328 2165575680 1
1076363328 68737568768 4
1074266176 50597888 3
1075314752 50597889 3
1075314752 50598016 3
1075314752 50606080 3
1075314752 52695040 2
1075314752 117706752 4
1075314752 2198081536 2
1075314752 68770074624 1
1074266176 2164527104 2
1074274368 2164527105 1
1074274368 2164527232 3
1074274368 2164543488 3
1074274368 2165575680 1
1074274368 2198081536 3
1074274368 6459494400 1
1074274368 70884003840 4
1074266176 68736520192 4
1107820608 68736520193 2
1107820608 68736520320 5
1107820608 68736528384 3
1107820608 68737568768 2
1107820608 68803629056 5
1107820608 70884003840 3
1107820608 206175473664 2
1073741888 2147749888 2
1073750080 2147749889 1
1073750208 2147749891 0
1073750208 2147750145 3
1073750208 2147766273 0
1073750208 2148274177 3
1073750208 2164527105 3
1073750208 6442717185 2
1073750208 70867226625 2
1073750080 2147750016 2
1073766464 2147750017 2
1073766464 2147750272 2
1073766464 2147782784 5
1073766464 2148274304 2
1073766464 2164527232 2
1073766464 6442717312 2
1073766464 70867226752 2
1073750080 2147766272 1
1073750208 2147766273 1
1073750208 2147766528 3
1073750208 2147799040 3
1073750208 2148290560 3
1073750208 2164543488 3
1073750208 6442733568 3
1073750208 70867243008 1
1073750080 2148274176 3
1074798656 2148274177 2
1074798656 2148274304 2
1074798656 2148290560 2
1074798656 2150371328 6
1074798656 2165051392 4
1074798656 6443241472 5
1074798656 70867750912 3
1073750080 2164527104 2
1073766464 2164527105 3
1073766464 2164527232 2
1073766464 2164559872 1
1073766464 2165051392 2
1073766464 2198081536 1
1073766464 6459494400 1
1073766464 70884003840 1
1073750080 6442717184 3
1074274368 6442717185 1
1074274368 6442717312 3
1074274368 6442733568 1
1074274368 6443765760 1
1074274368 6459494400 1
1074274368 15032651776 5
1074274368 75162193920 2
1073750080 70867226624 3
1074274368 70867226625 3
1074274368 70867226752 3
1074274368 70867243008 1
1074274368 70868275200 1
1074274368 70884003840 1
1074274368 75162193920 2
1074274368 208306180096 2
1073741888 68719742976 3
1074266176 68719742977 2
1074274368 68719742979 3
1074274368 68719743105 3
1074274368 68719759361 3
1074274368 68720791553 2
1074274368 68736520193 1
1074274368 70867226625 2
1074274368 206158696449 0
1074266176 68719743104 5
3221749824 68719743105 5
3221749824 68719743360 5
3221749824 68719751296 5
3221749824 68720791680 5
3221749824 68736520320 4
3221749824 73014710400 1
3221749824 206158696576 2
1074266176 68719751168 2
1074282560 68719751169 3
1074282560 68719751296 3
1074282560 68719783936 3
1074282560 68720799744 3
1074282560 68736528384 3
1074282560 70867234816 3
1074282560 206158704640 3
1074266176 68720791552 3
1076363328 68720791553 2
1076363328 68720791680 5
1076363328 68720799744 2
1076363328 68724985856 2
1076363328 68737568768 4
1076363328 70868275200 1
1076363328 206159745024 2
1074266176 68736520192 4
1107820608 68736520193 5
1107820608 68736520320 5
1107820608 68736528384 3
1107820608 68737568768 2
1107820608 68803629056 5
1107820608 70884003840 2
1107820608 206175473664 2
1074266176 70867226624 2
1074274368 70867226625 2
1074274368 70867226752 3
1074274368 70867243008 1
1074274368 70868275200 1
1074274368 70884003840 3
1074274368 75162193920 2
1074274368 208306180096 2
1074266176 206158696448 2
1074274368 206158696449 0
1074274368 206158696576 3
1074274368 206158712832 1
1074274368 206159745024 1
1074274368 206175473664 4
1074274368 208306180096 2
1074274368 481036603392 6
1073741824 16781312 1
1073741888 16781313 4
1107296320 16781315 2
1107304512 16781319 0
1107304512 16781443 5
1107304512 16797699 2
1107304512 17043459 3
1107304512 83890179 4
1107304512 2164264963 1
1107304512 68736258051 6
1107296320 16781441 5
3254779968 16781443 2
3254779968 16781697 5
3254779968 16789633 5
3254779968 17043585 2
3254779968 83890305 2
3254779968 4311748737 0
3254779968 68736258177 2
1107296320 16789505 2
1107312704 16789507 1
1107312704 16789633 4
1107312704 16822273 4
1107312704 17051649 5
1107312704 83898369 2
1107312704 2164273153 2
1107312704 68736266241 1
1107296320 17043457 2
1107304512 17043459 3
1107304512 17043585 3
1107304512 17059841 3
1107304512 17567745 3
1107304512 84152321 3
1107304512 2164527105 1
1107304512 68736520193 3
1107296320 83890177 2
1107304512 83890179 4
1107304512 83890305 5
1107304512 83906561 2
1107304512 84152321 3
1107304512 218107905 0
1107304512 2231373825 1
1107304512 68803366913 4
1107296320 2164264961 2
1107304512 2164264963 1
1107304512 2164265089 2
1107304512 2164281345 1
1107304512 2164527105 3
1107304512 2231373825 1
1107304512 6459232257 1
1107304512 70883741697 1
1107296320 68736258049 2
1107304512 68736258051 6
1107304512 68736258177 5
1107304512 68736274433 2
1107304512 68736520193 3
1107304512 68803366913 4
1107304512 70883741697 1
1107304512 206175211521 3
1073741888 16781440 5
3221225536 16781441 4
3254779968 16781443 2
3254779968 16781697 5
3254779968 16789633 1
3254779968 17043585 2
3254779968 83890305 2
3254779968 4311748737 5
3254779968 68736258177 2
3221225536 16781696 4
3254779968 16781697 5
3254779968 16782208 1
3254779968 16789888 2
3254779968 17043840 5
3254779968 83890560 5
3254779968 4311748992 5
3254779968 68736258432 3
3221225536 16789632 2
3221241920 16789633 4
3221241920 16789888 4
3221241920 16822400 5
3221241920 17051776 3
3221241920 50344064 5
3221241920 4311756928 4
3221241920 68736266368 5
3221225536 17043584 4
3254779968 17043585 2
3254779968 17043840 5
3254779968 17051776 5
3254779968 17567872 4
3254779968 84152448 3
3254779968 4312010880 2
3254779968 68736520320 3
3221225536 50335872 5
7516192832 50335873 5
7516192832 50336128 5
7516192832 50344064 5
7516192832 50598016 5
7516192832 117444736 5
7516192832 8640270464 4
7516192832 68769812608 5
3221225536 4311748736 4
3254779968 4311748737 4
3254779968 4311748992 2
3254779968 4311756928 4
3254779968 4312010880 2
3254779968 4378857600 6
3254779968 12901683328 5
3254779968 73031225472 2
3221225536 68736258176 5
7516192832 68736258177 5
7516192832 68736258432 5
7516192832 68736266368 5
7516192832 68736520320 5
7516192832 68769812608 5
7516192832 77326192768 4
7516192832 206175211648 5
1073741888 16789504 2
1073758272 16789505 4
1107312704 16789507 1
1107312704 16789633 5
1107312704 16822273 4
1107312704 17051649 5
1107312704 83898369 2
1107312704 2164273153 2
1107312704 68736266241 2
1073758272 16789632 4
1107312704 16789633 5
1107312704 16789888 1
1107312704 16822400 5
1107312704 17051776 2
1107312704 83898496 5
1107312704 2164273280 2
1107312704 68736266368 2
1073758272 16822272 5
3221241920 16822273 5
3221241920 16822400 4
3221241920 16887808 1
3221241920 17084416 5
3221241920 50376704 5
3221241920 4311789568 4
3221241920 68736299008 5
1073758272 17051648 4
1107312704 17051649 5
1107312704 17051776 2
1107312704 17084416 4
1107312704 17575936 3
1107312704 84160512 2
1107312704 2164535296 4
1107312704 68736528384 3
1073758272 50343936 4
1140867136 50343937 4
1140867136 50344064 5
1140867136 50376704 5
1140867136 50606080 3
1140867136 184561664 5
1140867136 2197827584 1
1140867136 68769820672 1
1073758272 2164273152 1
1073758400 2164273153 4
1073758400 2164273408 2
1073758400 2164305920 1
1073758400 2164535296 4
1073758400 2197827584 4
1073758400 6459240448 1
1073758400 70883749888 3
1073758272 68736266240 1
1073758400 68736266241 4
1073758400 68736266496 4
1073758400 68736299008 6
1073758400 68736528384 1
1073758400 68769820672 4
1073758400 70883749888 4
1073758400 206175219712 4
1073741888 17043456 3
1074266176 17043457 2
1074274368 17043459 4
1074274368 17043585 5
1074274368 17059841 1
1074274368 18092033 4
1074274368 50597889 3
1074274368 2164527105 1
1074274368 68736520193 4
1074266176 17043584 5
3221749824 17043585 2
3221749824 17043840 2
3221749824 17051776 3
3221749824 18092160 3
3221749824 50598016 3
3221749824 4312010880 3
3221749824 68736520320 4
1074266176 17051648 3
1075314752 17051649 3
1075314752 17051776 4
1075314752 17068032 2
1075314752 19148800 4
1075314752 50606080 3
1075314752 2164535296 3
1075314752 68736528384 3
1074266176 18092032 3
1076363328 18092033 2
1076363328 18092160 5
1076363328 18100224 2
1076363328 22286336 4
1076363328 51646464 4
1076363328 2165575680 1
1076363328 68737568768 4
1074266176 50597888 3
1075314752 50597889 3
1075314752 50598016 3
1075314752 50606080 3
1075314752 52695040 2
1075314752 117706752 4
1075314752 2198081536 3
1075314752 68770074624 3
1074266176 2164527104 1
1074266304 2164527105 2
1074266304 2164527360 3
1074266304 2164535296 3
1074266304 2165575680 3
1074266304 2198081536 1
1074266304 6459494400 4
1074266304 70884003840 2
1074266176 68736520192 4
1107820608 68736520193 5
1107820608 68736520320 5
1107820608 68736528384 3
1107820608 68737568768 5
1107820608 68803629056 2
1107820608 70884003840 1
1107820608 206175473664 2
1073741888 50335744 4
1140850752 50335745 2
1140858944 50335747 2
1140858944 50335873 2
1140858944 50352129 2
1140858944 50597889 3
1140858944 184553473 0
1140858944 2197819393 4
1140858944 68769812481 4
1140850752 50335872 5
3288334400 50335873 1
3288334400 50336128 1
3288334400 50344064 2
3288334400 50598016 2
3288334400 184553600 2
3288334400 4345303168 2
3288334400 68769812608 5
1140850752 50343936 2
1140867136 50343937 4
1140867136 50344064 5
1140867136 50376704 5
1140867136 50606080 3
1140867136 184561664 1
1140867136 2197827584 2
1140867136 68769820672 4
1140850752 50597888 5
3288334400 50597889 5
3288334400 50598016 2
3288334400 50606080 1
3288334400 51122176 5
3288334400 184815616 1
3288334400 4345565184 1
3288334400 68770074624 2
1140850752 184553472 1
1140850880 184553473 1
1140850880 184553728 2
1140850880 184561664 1
1140850880 184815616 5
1140850880 452988928 5
1140850880 2332037120 1
1140850880 68904030208 1
1140850752 2197819392 2
1140858944 2197819393 4
1140858944 2197819520 4
1140858944 2197835776 1
1140858944 2198081536 4
1140858944 2332037120 5
1140858944 6492786688 4
1140858944 70917296128 1
1140850752 68769812480 2
1140858944 68769812481 5
1140858944 68769812608 4
1140858944 68769828864 4
1140858944 68770074624 1
1140858944 68904030208 2
1140858944 70917296128 6
1140858944 206208765952 5
1073741888 2164264960 1
1073742016 2164264961 1
1073742272 2164264963 1
1073742272 2164265473 2
1073742272 2164273153 1
1073742272 2164527105 1
1073742272 2197819393 1
1073742272 6459232257 1
1073742272 70883741697 1
1073742016 2164265216 2
1073750208 2164265217 0
1073750208 2164265728 2
1073750208 2164281600 5
1073750208 2164527360 4
1073750208 2197819648 2
1073750208 6459232512 5
1073750208 70883741952 4
1073742016 2164273152 2
1073758400 2164273153 4
1073758400 2164273408 2
1073758400 2164305920 4
1073758400 2164535296 4
1073758400 2197827584 4
1073758400 6459240448 1
1073758400 70883749888 1
1073742016 2164527104 2
1073750208 2164527105 3
1073750208 2164527360 4
1073750208 2164543488 3
1073750208 2165051392 2
1073750208 2198081536 2
1073750208 6459494400 2
1073750208 70884003840 2
1073742016 2197819392 4
1140850880 2197819393 1
1140850880 2197819648 2
1140850880 2197827584 1
1140850880 2198081536 3
1140850880 2332037120 2
1140850880 6492786688 2
1140850880 70917296128 2
1073742016 6459232256 2
1073750208 6459232257 3
1073750208 6459232512 5
1073750208 6459248640 1
1073750208 6459494400 2
1073750208 6492786688 4
1073750208 15049166848 5
1073750208 75178708992 1
1073742016 70883741696 2
1073750208 70883741697 4
1073750208 70883741952 0
1073750208 70883758080 4
1073750208 70884003840 3
1073750208 70917296128 1
1073750208 75178708992 1
1073750208 208322695168 4
1073741888 68736258048 2
1073750080 68736258049 4
1107304512 68736258051 6
1107304512 68736258177 5
1107304512 68736274433 2
1107304512 68736520193 3
1107304512 68803366913 4
1107304512 70883741697 1
1107304512 206175211521 3
1073750080 68736258176 4
1107304512 68736258177 5
1107304512 68736258432 1
1107304512 68736274560 5
1107304512 68736520320 3
1107304512 68803367040 5
1107304512 70883741824 2
1107304512 206175211648 5
1073750080 68736274432 4
1107304512 68736274433 2
1107304512 68736274560 5
1107304512 68736307200 0
1107304512 68736536576 3
1107304512 68803383296 2
1107304512 70883758080 1
1107304512 206175227904 2
1073750080 68736520192 4
1107304512 68736520193 3
1107304512 68736520320 5
1107304512 68736536576 3
1107304512 68737044480 3
1107304512 68803629056 3
1107304512 70884003840 3
1107304512 206175473664 3
1073750080 68769812480 4
1140858944 68769812481 4
1140858944 68769812608 4
1140858944 68769828864 4
1140858944 68770074624 1
1140858944 68904030208 2
1140858944 70917296128 5
1140858944 206208765952 5
1073750080 70883741696 4
1107304512 70883741697 1
1107304512 70883741824 4
1107304512 70883758080 1
1107304512 70884003840 1
1107304512 70950850560 1
1107304512 75178708992 5
1107304512 208322695168 1
1073750080 206175211520 4
1107304512 206175211521 0
1107304512 206175211648 5
1107304512 206175227904 2
1107304512 206175473664 3
1107304512 206242320384 4
1107304512 208322695168 1
1107304512 481053118464 6
1073741824 2147487744 2
1073750016 2147487745 1
1073750080 2147487747 2
1073766464 2147487751 0
1073766464 2147487875 2
1073766464 2147520515 3
1073766464 2147749891 2
1073766464 2164264963 4
1073766464 6442455043 2
1073766464 70866964483 2
1073750080 2147487873 2
1073766464 2147487875 1
1073766464 2147488129 2
1073766464 2147520641 1
1073766464 2147750017 2
1073766464 2164265089 2
1073766464 6442455169 2
1073766464 70866964609 1
1073750080 2147504129 1
1073750208 2147504131 1
1073750208 2147504385 2
1073750208 2147536897 1
1073750208 2147766273 0
1073750208 2164281345 4
1073750208 6442471425 1
1073750208 70866980865 2
1073750080 2147749889 3
1074274368 2147749891 3
1074274368 2147750017 3
1074274368 2147766273 1
1074274368 2148798465 1
1074274368 2164527105 1
1074274368 6442717185 2
1074274368 70867226625 3
1073750080 2164264961 1
1073750208 2164264963 4
1073750208 2164265217 1
1073750208 2164281345 4
1073750208 2164527105 3
1073750208 2197819393 1
1073750208 6459232257 3
1073750208 70883741697 4
1073750080 6442455041 1
1073750208 6442455043 2
1073750208 6442455297 2
1073750208 6442471425 2
1073750208 6442717185 2
1073750208 6459232257 3
1073750208 15032389633 5
1073750208 75161931777 1
1073750080 70866964481 1
1073750208 70866964483 2
1073750208 70866964737 2
1073750208 70866980865 0
1073750208 70867226625 2
1073750208 70883741697 4
1073750208 75161931777 1
1073750208 208305917953 1
1073750016 2147487808 3
1074012160 2147487809 3
1074536448 2147487811 1
1074536448 2147487937 3
1074536448 2147504193 6
1074536448 2148536385 6
1074536448 2164265025 1
1074536448 6442455105 4
1074536448 70866964545 0
1074012160 2147487936 2
1074028544 2147487937 4
1074028544 2147488192 1
1074028544 2147520704 1
1074028544 2148012224 2
1074028544 2164265152 2
1074028544 6442455232 2
1074028544 70866964672 2
1074012160 2147504192 2
1074044928 2147504193 1
1074044928 2147504320 1
1074044928 2147569728 3
1074044928 2148028480 3
1074044928 2164281408 4
1074044928 6442471488 3
1074044928 70866980928 3
1074012160 2148012096 3
1075060736 2148012097 2
1075060736 2148012224 1
1075060736 2148028480 2
1075060736 2150109248 2
1075060736 2164789312 4
1075060736 6442979392 3
1075060736 70867488832 3
1074012160 2164265024 2
1074028544 2164265025 1
1074028544 2164265152 2
1074028544 2164297792 3
1074028544 2164789312 2
1074028544 2197819456 4
1074028544 6459232320 2
1074028544 70883741760 2
1074012160 6442455104 3
1074536448 6442455105 0
1074536448 6442455232 0
1074536448 6442471488 0
1074536448 6443503680 1
1074536448 6459232320 1
1074536448 15032389696 5
1074536448 75161931840 3
1074012160 70866964544 3
1074536448 70866964545 1
1074536448 70866964672 3
1074536448 70866980928 1
1074536448 70868013120 1
1074536448 70883741760 3
1074536448 75161931840 3
1074536448 208305918016 3
1073750016 2147504128 2
1073782784 2147504129 3
1074044928 2147504131 4
1074044928 2147504193 1
1074044928 2147569665 4
1074044928 2148028417 3
1074044928 2164281345 3
1074044928 6442471425 4
1074044928 70866980865 3
1073782784 2147504192 3
1074044928 2147504193 1
1074044928 2147504320 1
1074044928 2147569728 3
1074044928 2148028480 3
1074044928 2164281408 4
1074044928 6442471488 3
1074044928 70866980928 3
1073782784 2147569664 5
5368750080 2147569665 3
5368750080 2147569728 3
5368750080 2147700736 3
5368750080 2147831808 0
5368750080 2164346880 4
5368750080 10737504256 3
5368750080 70867046400 3
1073782784 2147766272 0
1073782785 2147766274 0
1073782785 2147766336 4
1073782785 2147831808 5
1073782785 2148290560 3
1073782785 2164543488 1
1073782785 6442733568 0
1073782785 70867243008 0
1073782784 2164281344 3
1074044928 2164281345 3
1074044928 2164281408 4
1074044928 2164346880 4
1074044928 2164805632 3
1074044928 2197835776 4
1074044928 6459248640 5
1074044928 70883758080 4
1073782784 6442471424 4
1090560000 6442471425 3
1090560000 6442471488 0
1090560000 6442536960 3
1090560000 6442733568 0
1090560000 6476025856 4
1090560000 15032406016 5
1090560000 75161948160 6
1073782784 70866980864 4
1090560000 70866980865 4
1090560000 70866980928 4
1090560000 70867046400 5
1090560000 70867243008 4
1090560000 70900535296 4
1090560000 75161948160 6
1090560000 208305934336 5
1073750016 2147749888 1
1073750080 2147749889 2
1073766464 2147749891 2
1073766464 2147750017 2
1073766464 2147782657 3
1073766464 2148274177 2
1073766464 2164527105 3
1073766464 6442717185 3
1073766464 70867226625 1
1073750080 2147750016 2
1073766464 2147750017 2
1073766464 2147750272 2
1073766464 2147782784 3
1073766464 2148274304 2
1073766464 2164527232 2
1073766464 6442717312 2
1073766464 70867226752 2
1073750080 2147766272 1
1073750208 2147766273 3
1073750208 2147766528 3
1073750208 2147799040 1
1073750208 2148290560 3
1073750208 2164543488 3
1073750208 6442733568 3
1073750208 70867243008 3
1073750080 2148274176 3
1074798656 2148274177 2
1074798656 2148274304 2
1074798656 2148290560 2
1074798656 2150371328 6
1074798656 2165051392 2
1074798656 6443241472 5
1074798656 70867750912 3
1073750080 2164527104 1
1073750208 2164527105 3
1073750208 2164527360 4
1073750208 2164543488 3
1073750208 2165051392 2
1073750208 2198081536 1
1073750208 6459494400 2
1073750208 70884003840 2
1073750080 6442717184 3
1074274368 6442717185 3
1074274368 6442717312 3
1074274368 6442733568 1
1074274368 6443765760 1
1074274368 6459494400 3
1074274368 15032651776 5
1074274368 75162193920 2
1073750080 70867226624 3
1074274368 70867226625 1
1074274368 70867226752 3
1074274368 70867243008 1
1074274368 70868275200 1
1074274368 70884003840 3
1074274368 75162193920 2
1074274368 208306180096 2
1073750016 2164264960 2
1073766400 2164264961 3
1074028544 2164264963 2
1074028544 2164265025 3
1074028544 2164297729 5
1074028544 2164789249 2
1074028544 2197819393 4
1074028544 6459232257 2
1074028544 70883741697 2
1073766400 2164265024 3
1074028544 2164265025 1
1074028544 2164265152 2
1074028544 2164297792 3
1074028544 2164789312 2
1074028544 2197819456 4
1074028544 6459232320 2
1074028544 70883741760 2
1073766400 2164297728 5
5368733696 2164297729 3
5368733696 2164297792 3
5368733696 2164363264 3
5368733696 2164559872 1
5368733696 2197852160 3
5368733696 10754232320 3
5368733696 70883774464 3
1073766400 2164527104 1
1073766464 2164527105 3
1073766464 2164527232 2
1073766464 2164559872 1
1073766464 2165051392 2
1073766464 2198081536 1
1073766464 6459494400 1
1073766464 70884003840 3
1073766400 2197819392 1
1073766464 2197819393 1
1073766464 2197819520 4
1073766464 2197852160 1
1073766464 2198081536 1
1073766464 2264928256 4
1073766464 6492786688 2
1073766464 70917296128 2
1073766400 6459232256 2
1073799168 6459232257 2
1073799168 6459232320 2
1073799168 6459297792 5
1073799168 6459494400 2
1073799168 6492786688 2
1073799168 15049166848 2
1073799168 75178708992 2
1073766400 70883741696 2
1073799168 70883741697 2
1073799168 70883741760 2
1073799168 70883807232 4
1073799168 70884003840 2
1073799168 70917296128 2
1073799168 75178708992 2
1073799168 208322695168 2
1073750016 6442455040 2
1073766400 6442455041 2
1073799168 6442455043 2
1073799168 6442455105 2
1073799168 6442520577 5
1073799168 6442717185 2
1073799168 6459232257 2
1073799168 15032389633 2
1073799168 75161931777 2
1073766400 6442455104 3
1074028544 6442455105 1
1074028544 6442455232 2
1074028544 6442487872 3
1074028544 6442979392 2
1074028544 6459232320 1
1074028544 15032389696 5
1074028544 75161931840 1
1073766400 6442487808 1
1073766464 6442487809 1
1073766464 6442487936 5
1073766464 6442553344 1
1073766464 6442749952 1
1073766464 6459265024 1
1073766464 15032422400 5
1073766464 75161964544 1
1073766400 6442717184 1
1073766464 6442717185 3
1073766464 6442717312 2
1073766464 6442749952 1
1073766464 6443241472 2
1073766464 6459494400 1
1073766464 15032651776 5
1073766464 75162193920 3
1073766400 6459232256 2
1073799168 6459232257 2
1073799168 6459232320 2
1073799168 6459297792 5
1073799168 6459494400 2
1073799168 6492786688 2
1073799168 15049166848 2
1073799168 75178708992 2
1073766400 15032389632 5
18253635584 15032389633 1
18253635584 15032389696 3
18253635584 15032422400 1
18253635584 15032651776 1
18253635584 15049166848 2
18253635584 49392128000 4
18253635584 83751866368 3
1073766400 75161931776 2
1073799168 75161931777 2
1073799168 75161931840 2
1073799168 75161997312 3
1073799168 75162193920 2
1073799168 75178708992 2
1073799168 83751866368 2
1073799168 212600885248 2
1073750016 70866964480 2
1073766400 70866964481 2
1073799168 70866964483 0
1073799168 70866964545 2
1073799168 70867030017 5
1073799168 70867226625 2
1073799168 70883741697 2
1073799168 75161931777 2
1073799168 208305917953 2
1073766400 70866964544 2
1073799168 70866964545 2
1073799168 70866964672 2
1073799168 70867030080 0
1073799168 70867226688 2
1073799168 70883741760 2
1073799168 75161931840 2
1073799168 208305918016 2
1073766400 70866997248 1
1073766464 70866997249 1
1073766464 70866997376 4
1073766464 70867062784 1
1073766464 70867259392 3
1073766464 70883774464 4
1073766464 75161964544 1
1073766464 208305950720 1
1073766400 70867226624 1
1073766464 70867226625 1
1073766464 70867226752 2
1073766464 70867259392 3
1073766464 70867750912 2
1073766464 70884003840 3
1073766464 75162193920 1
1073766464 208306180096 1
1073766400 70883741696 2
1073799168 70883741697 2
1073799168 70883741760 2
1073799168 70883807232 4
1073799168 70884003840 2
1073799168 70917296128 2
1073799168 75178708992 2
1073799168 208322695168 2
1073766400 75161931776 2
1073799168 75161931777 2
1073799168 75161931840 2
1073799168 75161997312 5
1073799168 75162193920 2
1073799168 75178708992 2
1073799168 83751866368 2
1073799168 212600885248 2
1073766400 208305917952 1
1073766464 208305917953 5
1073766464 208305918080 2
1073766464 208305950720 1
1073766464 208306180096 1
1073766464 208322695168 1
1073766464 212600885248 2
1073766464 483183824896 6
1073741824 68719480832 1
1073741888 68719480833 2
1073750080 68719480835 2
1073766464 68719480839 0
1073766464 68719480963 2
1073766464 68719513603 3
1073766464 68719742979 2
1073766464 68736258051 2
1073766464 70866964483 2
1073766464 206158434307 2
1073750080 68719480961 2
1073766464 68719480963 2
1073766464 68719481217 2
1073766464 68719513729 5
1073766464 68719743105 5
1073766464 68736258177 4
1073766464 70866964609 1
1073766464 206158434433 5
1073750080 68719497217 2
1073782848 68719497219 0
1073782848 68719497345 5
1073782848 68719562753 0
1073782848 68719759361 5
1073782848 68736274433 4
1073782848 70866980865 1
1073782848 206158450689 1
1073750080 68719742977 3
1074274368 68719742979 2
1074274368 68719743105 3
1074274368 68719759361 3
1074274368 68720791553 3
1074274368 68736520193 1
1074274368 70867226625 2
1074274368 206158696449 0
1073750080 68736258049 4
1107304512 68736258051 6
1107304512 68736258177 5
1107304512 68736274433 2
1107304512 68736520193 3
1107304512 68803366913 4
1107304512 70883741697 1
1107304512 206175211521 3
1073750080 70866964481 1
1073750208 70866964483 2
1073750208 70866964737 2
1073750208 70866980865 0
1073750208 70867226625 3
1073750208 70883741697 4
1073750208 75161931777 1
1073750208 208305917953 1
1073750080 206158434305 2
1073766464 206158434307 1
1073766464 206158434433 5
1073766464 206158467073 0
1073766464 206158696449 1
1073766464 206175211521 2
1073766464 208305917953 5
1073766464 481036341249 6
1073741888 68719480960 1
1073742144 68719480961 5
3221225792 68719480963 1
3221225792 68719481473 5
3221225792 68719489153 6
3221225792 68719743105 3
3221225792 68736258177 4
3221225792 73014448257 0
3221225792 206158434433 1
1073742144 68719481472 5
3221225792 68719481473 0
3221225792 68719482496 5
3221225792 68719489664 5
3221225792 68719743616 5
3221225792 68736258688 5
3221225792 73014448768 0
3221225792 206158434944 2
1073742144 68719489152 5
3221225792 68719489153 2
3221225792 68719489664 5
3221225792 68719505536 2
3221225792 68719751296 5
3221225792 68736266368 5
3221225792 73014456448 0
3221225792 206158442624 5
1073742144 68719743104 3
1074266432 68719743105 5
1074266432 68719743616 1
1074266432 68719751296 2
1074266432 68720791680 5
1074266432 68736520320 5
1074266432 70867226752 1
1074266432 206158696576 1
1073742144 68736258176 4
1107296576 68736258177 5
1107296576 68736258688 5
1107296576 68736266368 4
1107296576 68736520320 4
1107296576 68803367040 5
1107296576 70883741824 5
1107296576 206175211648 4
1073742144 70866964608 5
5368709440 70866964609 1
5368709440 70866965120 5
5368709440 70866972800 1
5368709440 70867226752 3
5368709440 70883741824 5
5368709440 79456899200 1
5368709440 208305918080 1
1073742144 206158434432 1
1073742656 206158434433 1
1073742656 206158435456 2
1073742656 206158442624 2
1073742656 206158696576 1
1073742656 206175211648 2
1073742656 208305918080 5
1073742656 481036341376 6
1073741888 68719489024 2
1073758272 68719489025 2
1073791040 68719489027 1
1073791040 68719489153 0
1073791040 68719554561 0
1073791040 68719751169 5
1073791040 68736266241 4
1073791040 70866972673 5
1073791040 206158442497 6
1073758272 68719489152 2
1073791040 68719489153 0
1073791040 68719489408 1
1073791040 68719554688 0
1073791040 68719751296 2
1073791040 68736266368 2
1073791040 70866972800 3
1073791040 206158442624 6
1073758272 68719521792 4
1090535488 68719521793 0
1090535488 68719521920 5
1090535488 68719587328 4
1090535488 68719783936 3
1090535488 68753076224 5
1090535488 70867005440 5
1090535488 206158475264 1
1073758272 68719751168 3
1074282560 68719751169 3
1074282560 68719751296 3
1074282560 68719783936 3
1074282560 68720799744 3
1074282560 68736528384 3
1074282560 70867234816 3
1074282560 206158704640 3
1073758272 68736266240 5
3221241920 68736266241 5
3221241920 68736266368 5
3221241920 68736299008 1
3221241920 68736528384 1
3221241920 68769820672 4
3221241920 73031233536 4
3221241920 206175219712 5
1073758272 70866972672 2
1073791040 70866972673 3
1073791040 70866972800 3
1073791040 70867038208 1
1073791040 70867234816 2
1073791040 70883749888 2
1073791040 75161939968 5
1073791040 208305926144 6
1073758272 206158442496 2
1073791040 206158442497 1
1073791040 206158442624 2
1073791040 206158508032 6
1073791040 206158704640 6
1073791040 206175219712 4
1073791040 208305926144 6
1073791040 481036349440 6
1073741888 68719742976 3
1074266176 68719742977 2
1074274368 68719742979 2
1074274368 68719743105 3
1074274368 68719759361 3
1074274368 68720791553 2
1074274368 68736520193 1
1074274368 70867226625 1
1074274368 206158696449 2
1074266176 68719743104 2
1074274368 68719743105 3
1074274368 68719743360 3
1074274368 68719759488 5
1074274368 68720791680 5
1074274368 68736520320 4
1074274368 70867226752 3
1074274368 206158696576 3
1074266176 68719751168 2
1074282560 68719751169 3
1074282560 68719751296 3
1074282560 68719783936 3
1074282560 68720799744 3
1074282560 68736528384 3
1074282560 70867234816 3
1074282560 206158704640 3
1074266176 68720791552 3
1076363328 68720791553 2
1076363328 68720791680 1
1076363328 68720799744 2
1076363328 68724985856 2
1076363328 68737568768 4
1076363328 70868275200 1
1076363328 206159745024 2
1074266176 68736520192 4
1107820608 68736520193 2
1107820608 68736520320 5
1107820608 68736528384 3
1107820608 68737568768 5
1107820608 68803629056 2
1107820608 70884003840 2
1107820608 206175473664 2
1074266176 70867226624 2
1074274368 70867226625 2
1074274368 70867226752 3
1074274368 70867243008 1
1074274368 70868275200 1
1074274368 70884003840 4
1074274368 75162193920 2
1074274368 208306180096 2
1074266176 206158696448 3
1075314752 206158696449 1
1075314752 206158696576 2
1075314752 206158704640 3
1075314752 206160793600 2
1075314752 206175473664 4
1075314752 208306180096 2
1075314752 481036603392 6
1073741888 68736258048 2
1073750080 68736258049 4
1107304512 68736258051 6
1107304512 68736258177 5
1107304512 68736274433 2
1107304512 68736520193 3
1107304512 68803366913 4
1107304512 70883741697 1
1107304512 206175211521 0
1073750080 68736258176 2
1073766464 68736258177 0
1073766464 68736258432 5
1073766464 68736290944 1
1073766464 68736520320 5
1073766464 68769812608 4
1073766464 70883741824 2
1073766464 206175211648 5
1073750080 68736274432 4
1107304512 68736274433 2
1107304512 68736274560 5
1107304512 68736307200 0
1107304512 68736536576 3
1107304512 68803383296 4
1107304512 70883758080 1
1107304512 206175227904 2
1073750080 68736520192 4
1107304512 68736520193 3
1107304512 68736520320 3
1107304512 68736536576 3
1107304512 68737044480 3
1107304512 68803629056 3
1107304512 70884003840 3
1107304512 206175473664 3
1073750080 68769812480 2
1073766464 68769812481 1
1073766464 68769812608 4
1073766464 68769845248 4
1073766464 68770074624 1
1073766464 68836921344 4
1073766464 70917296128 2
1073766464 206208765952 2
1073750080 70883741696 2
1073766464 70883741697 2
1073766464 70883741824 2
1073766464 70883774464 4
1073766464 70884003840 1
1073766464 70917296128 2
1073766464 75178708992 2
1073766464 208322695168 1
1073750080 206175211520 4
1107304512 206175211521 3
1107304512 206175211648 5
1107304512 206175227904 2
1107304512 206175473664 3
1107304512 206242320384 4
1107304512 208322695168 1
1107304512 481053118464 6
1073741888 70866964480 1
1073742016 70866964481 2
1073750208 70866964483 2
1073750208 70866964737 2
1073750208 70866980865 4
1073750208 70867226625 2
1073750208 70883741697 4
1073750208 75161931777 1
1073750208 208305917953 1
1073742016 70866964736 2
1073750208 70866964737 2
1073750208 70866965248 5
1073750208 70866981120 5
1073750208 70867226880 3
1073750208 70883741952 2
1073750208 75161932032 6
1073750208 208305918208 1
1073742016 70866972672 2
1073758400 70866972673 2
1073758400 70866972928 2
1073758400 70867005440 5
1073758400 70867234816 1
1073758400 70883749888 1
1073758400 75161939968 2
1073758400 208305926144 5
1073742016 70867226624 3
1074266304 70867226625 3
1074266304 70867226880 3
1074266304 70867234816 3
1074266304 70868275200 2
1074266304 70884003840 2
1074266304 75162193920 3
1074266304 208306180096 1
1073742016 70883741696 2
1073750208 70883741697 4
1073750208 70883741952 6
1073750208 70883758080 4
1073750208 70884003840 3
1073750208 70917296128 5
1073750208 75178708992 1
1073750208 208322695168 4
1073742016 75161931776 1
1073742272 75161931777 1
1073742272 75161932288 2
1073742272 75161939968 1
1073742272 75162193920 1
1073742272 75178708992 1
1073742272 83751866368 1
1073742272 212600885248 1
1073742016 208305917952 1
1073742272 208305917953 1
1073742272 208305918464 2
1073742272 208305926144 1
1073742272 208306180096 1
1073742272 208322695168 1
1073742272 212600885248 1
1073742272 483183824896 1
1073741888 206158434304 2
1073750080 206158434305 2
1073766464 206158434307 2
1073766464 206158434433 5
1073766464 206158467073 0
1073766464 206158696449 1
1073766464 206175211521 2
1073766464 208305917953 5
1073766464 481036341249 6
1073750080 206158434432 2
1073766464 206158434433 2
1073766464 206158434688 2
1073766464 206158467200 5
1073766464 206158696576 5
1073766464 206175211648 4
1073766464 208305918080 2
1073766464 481036341376 6
1073750080 206158450688 1
1073750208 206158450689 1
1073750208 206158450944 5
1073750208 206158483456 1
1073750208 206158712832 1
1073750208 206175227904 1
1073750208 208305934336 1
1073750208 481036357632 6
1073750080 206158696448 3
1074274368 206158696449 0
1074274368 206158696576 2
1074274368 206158712832 1
1074274368 206159745024 1
1074274368 206175473664 4
1074274368 208306180096 2
1074274368 481036603392 6
1073750080 206175211520 4
1107304512 206175211521 3
1107304512 206175211648 5
1107304512 206175227904 2
1107304512 206175473664 3
1107304512 206242320384 4
1107304512 208322695168 1
1107304512 481053118464 6
1073750080 208305917952 2
1073766464 208305917953 0
1073766464 208305918080 2
1073766464 208305950720 1
1073766464 208306180096 1
1073766464 208322695168 4
1073766464 212600885248 2
1073766464 483183824896 6
1073750080 481036341248 6
550829563968 481036341249 2
550829563968 481036341376 2
550829563968 481036357632 1
550829563968 481036603392 3
550829563968 481053118464 4
550829563968 483183824896 1
550829563968 1580547969024 2
0 262144 3
524288 262145 3
1572864 262147 3
3670016 262151 3
3670016 262211 3
3670016 266243 3
3670016 4456451 4
20447232 4456455 0
20447232 4456515 2
20447232 4460547 1
20447232 12845059 1
20447232 38010883 4
20447232 1078198275 4
20447232 68723933187 4
3670016 17039363 3
3670016 1074003971 3
3670016 68719738883 3
1572864 262209 2
1576960 262211 3
3674112 262215 3
3674112 262339 3
3674112 270403 3
3674112 4456515 4
3674112 17039427 3
3674112 1074004035 3
3674112 68719738947 3
1576960 262337 3
3674112 262339 3
3674112 262593 3
3674112 270529 3
3674112 4456641 0
3674112 17039553 3
3674112 1074004161 3
3674112 68719739073 3
1576960 270401 3
3674112 270403 3
3674112 270529 3
3674112 286785 3
3674112 4464705 2
3674112 17047617 3
3674112 1074012225 3
3674112 68719747137 3
1576960 2359361 1
1577088 2359363 4
1577088 2359617 2
1577088 2367553 2
1577088 6553665 2
1577088 19136577 2
1577088 1076101185 2
1577088 68721836097 2
1576960 17039425 2
1585152 17039427 1
1585152 17039553 3
1585152 17055809 1
1585152 19136577 1
1585152 50593857 2
1585152 1090781249 6
1585152 68736516161 5
1576960 1074004033 3
3674112 1074004035 3
3674112 1074004161 3
3674112 1074012225 3
3674112 1078198337 2
3674112 1090781249 3
3674112 3221487681 3
3674112 69793480769 3
1576960 68719738945 1
1577088 68719738947 4
1577088 68719739201 2
1577088 68719747137 3
1577088 68721836097 2
1577088 68736516161 5
1577088 69793480769 4
1577088 206158692417 2
1572864 266241 1
1572928 266243 2
1581120 266247 0
1581120 266371 2
1581120 282627 3
1581120 2363395 2
1581120 17043459 5
1581120 1074008067 4
1581120 68719742979 4
1572928 266369 3
3670080 266371 3
3670080 266625 3
3670080 274561 3
3670080 4460673 4
3670080 17043585 3
3670080 1074008193 3
3670080 68719743105 3
1572928 274433 3
3670080 274435 3
3670080 274561 3
3670080 290817 3
3670080 4468737 5
3670080 17051649 3
3670080 1074016257 3
3670080 68719751169 3
1572928 2363393 1
1573056 2363395 2
1573056 2363649 2
1573056 2371585 1
1573056 6557697 2
1573056 19140609 5
1573056 1076105217 4
1573056 68721840129 1
1572928 17043457 5
1075314752 17043459 2
1075314752 17043585 2
1075314752 17051649 4
1075314752 19140609 2
1075314752 50597889 2
1075314752 2164527105 2
1075314752 68736520193 2
1572928 1074008065 4
18350144 1074008067 2
18350144 1074008193 2
18350144 1074016257 2
18350144 1076105217 4
18350144 1107562497 2
18350144 3221491713 2
18350144 69793484801 2
1572928 68719742977 0
1572930 68719742981 2
1572930 68719743105 3
1572930 68719751169 2
1572930 68721840129 1
1572930 68736520193 5
1572930 69793484801 4
1572930 206158696449 3
1572864 2359297 2
1576960 2359299 3
5771264 2359303 0
5771264 2359363 1
5771264 2367491 2
5771264 10747907 5
5771264 19136515 5
5771264 1076101123 5
5771264 68721836035 4
1576960 2359361 1
1577088 2359363 4
1577088 2359617 2
1577088 2367553 2
1577088 6553665 2
1577088 19136577 2
1577088 1076101185 2
1577088 68721836097 2
1576960 2367489 2
1593344 2367491 2
1593344 2367553 2
1593344 2400257 4
1593344 6561793 2
1593344 19144705 2
1593344 1076109313 4
1593344 68721844225 2
1576960 6553601 4
18354176 6553603 2
18354176 6553665 2
18354176 6561793 2
18354176 14942209 4
18354176 40108033 4
18354176 1080295425 5
18354176 68726030337 2
1576960 19136513 2
1585152 19136515 2
1585152 19136577 1
1585152 19152897 4
1585152 23330817 2
1585152 52690945 2
1585152 1092878337 6
1585152 68738613249 5
1576960 1076101121 4
18354176 1076101123 5
18354176 1076101185 4
18354176 1076109313 2
18354176 1080295425 5
18354176 1109655553 4
18354176 3223584769 6
18354176 69795577857 5
1576960 68721836033 4
18354176 68721836035 2
18354176 68721836097 2
18354176 68721844225 2
18354176 68726030337 2
18354176 68755390465 4
18354176 69795577857 5
18354176 206160789505 2
1572864 17039361 3
3670016 17039363 3
3670016 17039425 3
3670016 17043457 3
3670016 21233665 5
1077411840 21233667 5
1077411840 21233729 2
1077411840 21237761 1
1077411840 29622273 4
1077411840 54788097 1
1077411840 2168717313 1
1077411840 68740710401 1
3670016 50593793 3
3670016 1090781185 3
3670016 68736516097 3
1572864 1074003969 3
3670016 1074003971 3
3670016 1074004033 3
3670016 1074008065 3
3670016 1078198273 4
20447232 1078198275 2
20447232 1078198337 2
20447232 1078202369 1
20447232 1086586881 5
20447232 1111752705 1
20447232 3225681921 1
20447232 69797675009 5
3670016 1090781185 3
3670016 3221487617 3
3670016 69793480705 3
1572864 68719738881 3
3670016 68719738883 3
3670016 68719738945 3
3670016 68719742977 3
3670016 68723933185 5
1077411840 68723933187 5
1077411840 68723933249 2
1077411840 68723937281 1
1077411840 68732321793 5
1077411840 68740710401 0
1077411840 70871416833 0
1077411840 206162886657 2
3670016 68736516097 3
3670016 69793480705 3
3670016 206158692353 3
524288 262208 2
528384 262209 3
1576960 262211 3
3674112 262215 3
3674112 262339 3
3674112 270403 3
3674112 4456515 4
3674112 17039427 3
3674112 1074004035 3
3674112 68719738947 3
1576960 262337 3
3674112 262339 3
3674112 262593 3
3674112 270529 3
3674112 4456641 0
3674112 17039553 3
3674112 1074004161 3
3674112 68719739073 3
1576960 270401 3
3674112 270403 3
3674112 270529 3
3674112 286785 3
3674112 4464705 2
3674112 17047617 3
3674112 1074012225 3
3674112 68719747137 3
1576960 2359361 1
1577088 2359363 4
1577088 2359617 2
1577088 2367553 2
1577088 6553665 2
1577088 19136577 2
1577088 1076101185 2
1577088 68721836097 2
1576960 17039425 3
3674112 17039427 3
3674112 17039553 3
3674112 17047617 3
3674112 21233729 4
3674112 50593857 3
3674112 1090781249 3
3674112 68736516161 3
1576960 1074004033 2
1585152 1074004035 4
1585152 1074004161 2
1585152 1074020417 0
1585152 1076101185 2
1585152 1090781249 6
1585152 3221487681 2
1585152 69793480769 4
1576960 68719738945 6
137440530432 68719738947 4
137440530432 68719739073 2
137440530432 68719747137 2
137440530432 68721836097 6
137440530432 68736516161 5
137440530432 69793480769 4
137440530432 343597645889 3
528384 262336 3
1576960 262337 3
3674112 262339 3
3674112 262593 3
3674112 270529 3
3674112 4456641 4
3674112 17039553 3
3674112 1074004161 3
3674112 68719739073 3
1576960 262592 1
1577472 262593 3
1577472 263616 3
1577472 270784 2
1577472 2359744 4
1577472 17039808 3
1577472 1074004416 3
1577472 68719739328 4
1576960 270528 3
3674112 270529 3
3674112 270784 3
3674112 286912 3
3674112 4464832 2
3674112 17047744 3
3674112 1074012352 3
3674112 68719747264 3
1576960 2359488 0
1576961 2359490 1
1576961 2359744 1
1576961 2367680 2
1576961 6553792 1
1576961 19136704 1
1576961 1076101312 4
1576961 68721836224 4
1576960 17039552 4
35131392 17039553 4
35131392 17039808 1
35131392 17047744 4
35131392 19136704 4
35131392 84148416 3
35131392 1090781376 6
35131392 68736516288 5
1576960 1074004160 3
3674112 1074004161 3
3674112 1074004416 3
3674112 1074012352 3
3674112 1078198464 5
3674112 1090781376 3
3674112 3221487808 3
3674112 69793480896 3
1576960 68719739072 4
18354176 68719739073 4
18354176 68719739328 1
18354176 68719747264 2
18354176 68721836224 0
18354176 68753293504 1
18354176 69793480896 3
18354176 206158692544 4
528384 270400 3
1576960 270401 3
3674112 270403 3
3674112 270529 3
3674112 286785 3
3674112 4464705 2
3674112 17047617 3
3674112 1074012225 3
3674112 68719747137 3
1576960 270528 2
1593344 270529 2
1593344 270784 1
1593344 303296 3
1593344 2367680 2
1593344 17047744 3
1593344 1074012352 3
1593344 68719747264 2
1576960 286784 3
3674112 286785 3
3674112 286912 3
3674112 319552 3
3674112 4481088 2
3674112 17064000 3
3674112 1074028608 3
3674112 68719763520 3
1576960 2367552 2
1593344 2367553 2
1593344 2367680 2
1593344 2400320 4
1593344 6561856 2
1593344 19144768 2
1593344 1076109376 4
1593344 68721844288 2
1576960 17047616 3
3674112 17047617 3
3674112 17047744 3
3674112 17064000 3
3674112 21241920 4
3674112 50602048 3
3674112 1090789440 3
3674112 68736524352 3
1576960 1074012224 2
1593344 1074012225 3
1593344 1074012352 3
1593344 1074044992 3
1593344 1076109376 4
1593344 1090789440 6
1593344 3221495872 3
1593344 69793488960 4
1576960 68719747136 2
1593344 68719747137 2
1593344 68719747264 2
1593344 68719779904 4
1593344 68721844288 2
1593344 68736524352 5
1593344 69793488960 4
1593344 206158700608 2
528384 1310784 2
536576 1310785 3
2633728 1310787 2
2633728 1310913 1
2633728 1327169 2
2633728 5505089 4
2633728 18088001 1
2633728 1075052609 3
2633728 68720787521 3
536576 1310912 2
552960 1310913 2
552960 1311168 2
552960 1343680 6
552960 3408064 2
552960 18088128 2
552960 1075052736 2
552960 68720787648 2
536576 1327168 1
536704 1327169 3
536704 1327424 1
536704 1359936 3
536704 3424320 3
536704 18104384 3
536704 1075068992 6
536704 68720803904 5
536576 3407936 2
552960 3407937 2
552960 3408064 2
552960 3440704 1
552960 7602240 2
552960 20185152 2
552960 1077149760 2
552960 68722884672 2
536576 18088000 1
536704 18088001 3
536704 18088256 3
536704 18104384 3
536704 20185152 3
536704 51642432 0
536704 1091829824 3
536704 68737564736 3
536576 1075052608 1
536704 1075052609 3
536704 1075052864 2
536704 1075068992 6
536704 1077149760 2
536704 1091829824 3
536704 3222536256 0
536704 69794529344 4
536576 68720787520 1
536704 68720787521 3
536704 68720787776 0
536704 68720803904 5
536704 68722884672 2
536704 68737564736 3
536704 69794529344 4
536704 206159740992 2
528384 17039424 3
1576960 17039425 4
35131392 17039427 2
35131392 17039553 4
35131392 17047617 4
35131392 19136577 5
35131392 84148289 3
35131392 1090781249 6
35131392 68736516161 5
1576960 17039552 3
3674112 17039553 3
3674112 17039808 3
3674112 17047744 3
3674112 21233856 5
3674112 50593984 3
3674112 1090781376 3
3674112 68736516288 3
1576960 17047616 2
1593344 17047617 3
1593344 17047744 3
1593344 17080384 1
1593344 19144768 2
1593344 50602048 4
1593344 1090789440 6
1593344 68736524352 5
1576960 19136576 2
1585152 19136577 1
1585152 19136704 2
1585152 19152960 1
1585152 23330880 4
1585152 52691008 2
1585152 1092878400 6
1585152 68738613312 5
1576960 50593856 4
68685824 50593857 4
68685824 50593984 4
68685824 50602048 2
68685824 52691008 4
68685824 184811584 1
68685824 1124335680 6
68685824 68770070592 5
1576960 1090781248 6
68721053696 1090781249 3
68721053696 1090781376 5
68721053696 1090789440 3
68721053696 1092878400 2
68721053696 1124335680 3
68721053696 3238264896 3
68721053696 138529734720 3
1576960 68736516160 5
1075318784 68736516161 4
1075318784 68736516288 4
1075318784 68736524352 3
1075318784 68738613312 4
1075318784 68770070592 4
1075318784 70883999808 4
1075318784 206175469632 4
528384 1074004032 2
536576 1074004033 4
17313792 1074004035 4
17313792 1074004161 4
17313792 1074020417 1
17313792 1075052609 4
17313792 1107558465 2
17313792 3221487681 1
17313792 69793480769 1
536576 1074004160 3
1585152 1074004161 2
1585152 1074004416 1
1585152 1074020544 3
1585152 1076101312 2
1585152 1090781376 6
1585152 3221487808 2
1585152 69793480896 4
536576 1074020416 3
1585152 1074020417 4
1585152 1074020544 3
1585152 1074053184 3
1585152 1076117568 1
1585152 1090797632 6
1585152 3221504064 1
1585152 69793497152 4
536576 1075052608 1
536704 1075052609 3
536704 1075052864 2
536704 1075068992 6
536704 1077149760 2
536704 1091829824 3
536704 3222536256 2
536704 69794529344 4
536576 1090781248 6
68720013312 1090781249 1
68720013312 1090781376 5
68720013312 1090797632 4
68720013312 1091829824 4
68720013312 1124335680 4
68720013312 3238264896 1
68720013312 138529734720 4
536576 3221487680 2
552960 3221487681 2
552960 3221487808 2
552960 3221520448 1
552960 3222536256 2
552960 3238264896 2
552960 7516454976 2
552960 71940964416 2
536576 69793480768 4
17313792 69793480769 4
17313792 69793480896 2
17313792 69793497152 4
17313792 69794529344 4
17313792 69827035200 2
17313792 71940964416 2
17313792 207232434240 4
528384 68719738944 2
536576 68719738945 2
552960 68719738947 2
552960 68719739073 2
552960 68719771713 1
552960 68720787521 2
552960 68736516161 2
552960 69793480769 2
552960 206158692417 2
536576 68719739072 2
552960 68719739073 2
552960 68719739328 2
552960 68719771840 4
552960 68720787648 2
552960 68736516288 2
552960 69793480896 2
552960 206158692544 2
536576 68719755328 1
536704 68719755329 3
536704 68719755584 3
536704 68719788096 5
536704 68720803904 5
536704 68736532544 3
536704 69793497152 4
536704 206158708800 2
536576 68720787520 1
536704 68720787521 3
536704 68720787776 2
536704 68720803904 5
536704 68722884672 2
536704 68737564736 3
536704 69794529344 4
536704 206159740992 2
536576 68736516160 5
1074278400 68736516161 4
1074278400 68736516288 5
1074278400 68736532544 4
1074278400 68737564736 4
1074278400 68770070592 4
1074278400 70883999808 2
1074278400 206175469632 4
536576 69793480768 4
17313792 69793480769 1
17313792 69793480896 2
17313792 69793497152 4
17313792 69794529344 4
17313792 69827035200 2
17313792 71940964416 2
17313792 207232434240 4
536576 206158692416 2
552960 206158692417 2
552960 206158692544 2
552960 206158725184 1
552960 206159740992 2
552960 206175469632 2
552960 207232434240 2
552960 481036599360 2
524288 266240 4
17301504 266241 1
17301568 266243 3
18350144 266247 0
18350144 266371 2
18350144 274435 3
18350144 2363395 4
18350144 33820675 4
18350144 1074008067 2
18350144 68719742979 2
17301568 266369 3
18350144 266371 3
18350144 266625 3
18350144 274561 3
18350144 2363521 3
18350144 33820801 4
18350144 1074008193 2
18350144 68719743105 2
17301568 274433 2
17317952 274435 1
17317952 274561 3
17317952 307201 3
17317952 1323009 3
17317952 33828865 3
17317952 1074016257 5
17317952 68719751169 3
17301568 1314817 4
50856000 1314819 1
50856000 1314945 4
50856000 1323009 2
50856000 3411969 4
50856000 68423681 2
50856000 1075056641 2
50856000 68720791553 3
17301568 33820673 3
18350144 33820675 3
18350144 33820801 4
18350144 33828865 2
18350144 35917825 2
18350144 100929537 4
18350144 1107562497 3
18350144 68753297409 3
17301568 1074008065 2
17309760 1074008067 4
17309760 1074008193 5
17309760 1074024449 1
17309760 1075056641 1
17309760 1107562497 3
17309760 3221491713 1
17309760 69793484801 1
17301568 68719742977 4
50856000 68719742979 4
50856000 68719743105 1
50856000 68719751169 4
50856000 68720791553 2
50856000 68786851841 3
50856000 69793484801 5
50856000 206158696449 3
17301504 266304 0
17301505 266306 3
18350081 266310 4
18350081 266434 4
18350081 274498 3
18350081 2363458 4
18350081 33820738 3
18350081 1074008130 4
18350081 68719743042 4
17301505 266432 3
18350081 266434 4
18350081 266688 1
18350081 274624 2
18350081 2363584 1
18350081 33820864 3
18350081 1074008256 5
18350081 68719743168 4
17301505 274496 2
17317889 274498 1
17317889 274624 3
17317889 307264 1
17317889 1323072 4
17317889 33828928 3
17317889 1074016320 3
17317889 68719751232 3
17301505 1314880 4
50855937 1314882 1
50855937 1315008 1
50855937 1323072 2
50855937 3412032 2
50855937 68423744 2
50855937 1075056704 2
50855937 68720791616 1
17301505 33820736 4
84410369 33820738 3
84410369 33820864 3
84410369 33828928 2
84410369 34869312 4
84410369 168038464 4
84410369 1107562560 3
84410369 68753297472 4
17301505 1074008128 1
17301633 1074008130 4
17301633 1074008384 2
17301633 1074016320 2
17301633 1075056704 2
17301633 1107562560 0
17301633 3221491776 2
17301633 69793484864 2
17301505 68719743040 1
17301633 68719743042 4
17301633 68719743296 2
17301633 68719751232 2
17301633 68720791616 2
17301633 68753297472 0
17301633 69793484864 2
17301633 206158696512 2
17301504 274432 2
17317888 274433 1
17317952 274435 2
17317952 274561 3
17317952 307201 3
17317952 1323009 3
17317952 33828865 3
17317952 1074016257 2
17317952 68719751169 3
17317888 274496 0
17317889 274498 1
17317889 274624 3
17317889 307264 1
17317889 1323072 3
17317889 33828928 3
17317889 1074016320 3
17317889 68719751232 3
17317888 307200 3
18366464 307201 1
18366464 307264 0
18366464 372736 3
18366464 2404352 1
18366464 33861632 4
18366464 1074049024 3
18366464 68719783936 3
17317888 1323008 4
50872320 1323009 1
50872320 1323072 0
50872320 1355776 0
50872320 3420160 3
50872320 68431872 4
50872320 1075064832 5
50872320 68720799744 6
17317888 33828864 3
18366464 33828865 1
18366464 33828928 0
18366464 33861632 4
18366464 35926016 4
18366464 100937728 2
18366464 1107570688 4
18366464 68753305600 4
17317888 1074016256 3
18366464 1074016257 1
18366464 1074016320 0
18366464 1074049024 1
18366464 1076113408 2
18366464 1107570688 4
18366464 3221499904 2
18366464 69793492992 3
17317888 68719751168 3
18366464 68719751169 1
18366464 68719751232 0
18366464 68719783936 3
18366464 68721848320 2
18366464 68753305600 4
18366464 69793492992 3
18366464 206158704640 3
17301504 1314816 4
50855936 1314817 1
50856000 1314819 1
50856000 1314945 3
50856000 1323009 2
50856000 3411969 2
50856000 68423681 2
50856000 1075056641 2
50856000 68720791553 4
50855936 1314880 0
50855937 1314882 1
50855937 1315008 1
50855937 1323072 2
50855937 3412032 2
50855937 68423744 2
50855937 1075056704 2
50855937 68720791616 1
50855936 1323008 2
50872320 1323009 1
50872320 1323072 0
50872320 1355776 0
50872320 3420160 3
50872320 68431872 4
50872320 1075064832 5
50872320 68720799744 6
50855936 3411968 2
50864128 3411969 1
50864128 3412032 4
50864128 3428352 4
50864128 7606272 4
50864128 70520832 0
50864128 1077153792 4
50864128 68722888704 0
50855936 68423680 2
50864128 68423681 1
50864128 68423744 4
50864128 68440064 0
50864128 70520832 0
50864128 202641408 0
50864128 1142165504 4
50864128 68787900416 0
50855936 1075056640 5
2198339584 1075056641 5
2198339584 1075056704 5
2198339584 1075064832 6
2198339584 1077153792 5
2198339584 1142165504 5
2198339584 5370023936 5
2198339584 69794533376 5
50855936 68720791552 4
117964800 68720791553 4
117964800 68720791616 4
117964800 68720799744 4
117964800 68722888704 4
117964800 68855009280 2
117964800 69794533376 4
117964800 206159745024 4
17301504 33820672 4
84410368 33820673 1
84410432 33820675 3
84410432 33820801 3
84410432 33828865 2
84410432 34869249 3
84410432 168038401 6
84410432 1107562497 3
84410432 68753297409 4
84410368 33820736 0
84410369 33820738 3
84410369 33820864 3
84410369 33828928 2
84410369 34869312 4
84410369 168038464 4
84410369 1107562560 3
84410369 68753297472 4
84410368 33828864 2
84426752 33828865 1
84426752 33828928 0
84426752 33861632 3
84426752 34877440 4
84426752 168046592 3
84426752 1107570688 3
84426752 68753305600 3
84410368 34869248 3
86507520 34869249 1
86507520 34869312 0
86507520 34877440 4
86507520 39063552 1
86507520 169086976 1
86507520 1108611072 5
86507520 68754345984 4
84410368 168038400 1
84410432 168038401 6
84410432 168038528 6
84410432 168046592 2
84410432 169086976 3
84410432 436473856 1
84410432 1241780224 1
84410432 68887515136 1
84410368 1107562496 3
85458944 1107562497 1
85458944 1107562560 0
85458944 1107570688 2
85458944 1109659648 4
85458944 1241780224 5
85458944 3255046144 3
85458944 69827039232 3
84410368 68753297408 4
218628096 68753297409 1
218628096 68753297472 0
218628096 68753305600 2
218628096 68754345984 4
218628096 69021732864 3
218628096 69827039232 3
218628096 206192250880 4
17301504 1074008064 3
18350080 1074008065 1
18350144 1074008067 2
18350144 1074008193 2
18350144 1074016257 3
18350144 1076105217 4
18350144 1107562497 2
18350144 3221491713 2
18350144 69793484801 4
18350080 1074008128 0
18350081 1074008130 2
18350081 1074008256 3
18350081 1074016320 3
18350081 1076105280 4
18350081 1107562560 1
18350081 3221491776 1
18350081 69793484864 3
18350080 1074016256 2
18366464 1074016257 1
18366464 1074016320 0
18366464 1074049024 1
18366464 1076113408 2
18366464 1107570688 4
18366464 3221499904 2
18366464 69793492992 2
18350080 1076105216 4
51904512 1076105217 1
51904512 1076105280 0
51904512 1076113408 4
51904512 1080299520 4
51904512 1143214080 5
51904512 3223588864 4
51904512 69795581952 5
18350080 1107562496 4
85458944 1107562497 1
85458944 1107562560 0
85458944 1107570688 2
85458944 1109659648 4
85458944 1241780224 5
85458944 3255046144 3
85458944 69827039232 3
18350080 3221491712 5
4313317376 3221491713 1
4313317376 3221491776 0
4313317376 3221499904 2
4313317376 3223588864 1
4313317376 3255046144 3
4313317376 11811426304 3
4313317376 71940968448 3
18350080 69793484800 2
18358272 69793484801 1
18358272 69793484864 0
18358272 69793501184 4
18358272 69795581952 1
18358272 69827039232 3
18358272 71940968448 2
18358272 207232438272 4
17301504 68719742976 4
50855936 68719742977 1
50856000 68719742979 2
50856000 68719743105 4
50856000 68719751169 4
50856000 68720791553 2
50856000 68786851841 3
50856000 69793484801 5
50856000 206158696449 2
50855936 68719743040 0
50855937 68719743042 3
50855937 68719743168 4
50855937 68719751232 4
50855937 68720791616 4
50855937 68786851904 6
50855937 69793484864 5
50855937 206158696512 4
50855936 68719751168 4
117964800 68719751169 4
117964800 68719751232 4
117964800 68719767552 4
117964800 68720799744 4
117964800 68853968896 3
117964800 69793492992 4
117964800 206158704640 4
50855936 68720791552 2
50864128 68720791553 1
50864128 68720791616 4
50864128 68720807936 0
50864128 68722888704 0
50864128 68787900416 0
50864128 69794533376 4
50864128 206159745024 4
50855936 68786851840 2
50864128 68786851841 1
50864128 68786851904 4
50864128 68786868224 3
50864128 68787900416 0
50864128 68921069568 0
50864128 69860593664 4
50864128 206225805312 3
50855936 69793484800 5
2198339584 69793484801 5
2198339584 69793484864 5
2198339584 69793492992 5
2198339584 69794533376 5
2198339584 69860593664 5
2198339584 74088452096 5
2198339584 207232438272 5
50855936 206158696448 4
117964800 206158696449 4
117964800 206158696512 4
117964800 206158704640 4
117964800 206159745024 4
117964800 206292914176 3
117964800 207232438272 4
117964800 481036603392 4
524288 1310720 3
2621440 1310721 2
2625536 1310723 5
1076367360 1310727 0
1076367360 1310787 5
1076367360 1318915 2
1076367360 5505027 5
1076367360 18087939 3
1076367360 2148794371 5
1076367360 68720787459 2
2625536 1310785 2
2633728 1310787 2
2633728 1310913 1
2633728 1327169 2
2633728 5505089 4
2633728 18088001 1
2633728 1075052609 6
2633728 68720787521 5
2625536 1318913 2
2641920 1318915 3
2641920 1318977 2
2641920 1351681 3
2641920 5513217 2
2641920 18096129 2
2641920 1075060737 2
2641920 68720795649 2
2625536 5505025 2
2633728 5505027 0
2633728 5505089 4
2633728 5521409 2
2633728 13893633 0
2633728 22282241 4
2633728 1079246849 0
2633728 68724981761 0
2625536 18087937 2
2633728 18087939 2
2633728 18088001 1
2633728 18104321 4
2633728 22282241 6
2633728 51642369 4
2633728 1091829761 6
2633728 68737564673 5
2625536 1075052545 2
2633728 1075052547 0
2633728 1075052609 1
2633728 1075068929 2
2633728 1079246849 4
2633728 1091829761 6
2633728 3222536193 5
2633728 69794529281 4
2625536 68720787457 2
2633728 68720787459 5
2633728 68720787521 4
2633728 68720803841 0
2633728 68724981761 0
2633728 68737564673 5
2633728 69794529281 4
2633728 206159740929 4
2621440 1310784 0
2621441 1310786 1
2621569 1310790 1
2621569 1311042 0
2621569 1314882 4
2621569 5505090 2
2621569 18088002 2
2621569 1075052610 6
2621569 68720787522 4
2621441 1310912 1
2621697 1310914 4
2621697 1311424 3
2621697 1315008 4
2621697 5505216 1
2621697 18088128 2
2621697 1075052736 4
2621697 68720787648 4
2621441 1314880 4
19398657 1314882 2
19398657 1315008 1
19398657 1323072 2
19398657 5509184 1
19398657 34869312 1
19398657 1075056704 1
19398657 68720791616 1
2621441 5505088 1
2621569 5505090 2
2621569 5505344 0
2621569 5509184 4
2621569 13893696 0
2621569 22282304 2
2621569 1079246912 4
2621569 68724981824 4
2621441 18088000 2
2625537 18088002 2
2625537 18088128 1
2625537 18096192 2
2625537 22282304 1
2625537 51642432 1
2625537 1091829824 6
2625537 68737564736 5
2621441 1075052608 6
68722098177 1075052610 5
68722098177 1075052736 5
68722098177 1075056704 4
68722098177 1079246912 1
68722098177 1091829824 2
68722098177 3222536256 1
68722098177 138514006080 1
2621441 68720787520 5
1076363265 68720787522 2
1076363265 68720787648 1
1076363265 68720791616 4
1076363265 68724981824 1
1076363265 68737564736 2
1076363265 70868271168 1
1076363265 206159740992 1
2621440 1314816 4
19398656 1314817 1
19398720 1314819 4
19398720 1314945 3
19398720 1323009 2
19398720 5509121 4
19398720 34869249 4
19398720 1075056641 1
19398720 68720791553 4
19398656 1314880 0
19398657 1314882 2
19398657 1315008 1
19398657 1323072 2
19398657 5509184 1
19398657 34869312 4
19398657 1075056704 1
19398657 68720791616 1
19398656 1323008 2
19415040 1323009 1
19415040 1323072 0
19415040 1355776 3
19415040 5517312 4
19415040 34877440 3
19415040 1075064832 2
19415040 68720799744 3
19398656 5509120 4
52953088 5509121 1
52953088 5509184 0
52953088 5517312 2
52953088 13897728 0
52953088 72617984 2
52953088 1079250944 5
52953088 68724985856 2
19398656 34869248 4
86507520 34869249 1
86507520 34869312 0
86507520 34877440 4
86507520 39063552 1
86507520 169086976 1
86507520 1108611072 4
86507520 68754345984 4
19398656 1075056640 4
52953088 1075056641 1
52953088 1075056704 0
52953088 1075064832 2
52953088 1079250944 5
52953088 1142165504 4
52953088 3222540288 5
52953088 69794533376 5
19398656 68720791552 4
52953088 68720791553 1
52953088 68720791616 0
52953088 68720799744 2
52953088 68724985856 0
52953088 68787900416 2
52953088 69794533376 5
52953088 206159745024 2
2621440 5505024 4
19398656 5505025 1
19398720 5505027 0
19398720 5505153 1
19398720 5509121 4
19398720 13893633 4
19398720 39059457 4
19398720 1079246849 4
19398720 68724981761 4
19398656 5505088 0
19398657 5505090 4
19398657 5505216 1
19398657 5509184 1
19398657 13893696 1
19398657 39059520 1
19398657 1079246912 1
19398657 68724981824 1
19398656 5509120 4
52953088 5509121 1
52953088 5509184 0
52953088 5517312 2
52953088 13897728 0
52953088 72617984 2
52953088 1079250944 5
52953088 68724985856 0
19398656 13893632 4
52953088 13893633 1
52953088 13893696 1
52953088 13897728 0
52953088 81002496 0
52953088 1087635456 4
52953088 68733370368 6
19398656 39059456 4
86507520 39059457 1
86507520 39059520 4
86507520 39063552 4
86507520 47448064 4
86507520 173277184 1
86507520 1112801280 6
86507520 68758536192 4
19398656 1079246848 4
52953088 1079246849 4
52953088 1079246912 4
52953088 1079250944 4
52953088 1087635456 4
52953088 1146355712 5
52953088 3226730496 5
52953088 69798723584 5
19398656 68724981760 4
52953088 68724981761 1
52953088 68724981824 2
52953088 68724985856 4
52953088 68733370368 6
52953088 68792090624 4
52953088 69798723584 2
52953088 206163935232 6
2621440 18087936 5
1076363264 18087937 5
3223846912 18087939 4
3223846912 18088001 2
3223846912 18092033 1
3223846912 22282241 4
3223846912 51642369 4
3223846912 4313055233 4
3223846912 68737564673 2
1076363264 18088000 2
1076367360 18088001 2
1076367360 18088128 1
1076367360 18096192 2
1076367360 22282304 2
1076367360 51642432 4
1076367360 2165571648 5
1076367360 68737564736 1
1076363264 18092032 1
1076363328 18092033 2
1076363328 18092160 5
1076363328 18100224 2
1076363328 22286336 1
1076363328 51646464 4
1076363328 2165575680 1
1076363328 68737568768 4
1076363264 22282240 2
1076367360 22282241 5
1076367360 22282304 2
1076367360 22290432 2
1076367360 30670848 5
1076367360 55836672 4
1076367360 2169765888 2
1076367360 68741758976 2
1076363264 51642368 4
1143472128 51642369 2
1143472128 51642432 2
1143472128 51646464 1
1143472128 55836672 6
1143472128 185860096 1
1143472128 2199126016 2
1143472128 68771119104 4
1076363264 2165571584 5
5371330560 2165571585 1
5371330560 2165571648 2
5371330560 2165575680 1
5371330560 2169765888 2
5371330560 2199126016 5
5371330560 10755506176 3
5371330560 70885048320 3
1076363264 68737564672 6
138515316736 68737564673 1
138515316736 68737564736 2
138515316736 68737568768 1
138515316736 68741758976 2
138515316736 68771119104 4
138515316736 70885048320 6
138515316736 343615471616 5
2621440 1075052544 4
19398656 1075052545 4
52953088 1075052547 4
52953088 1075052609 2
52953088 1075056641 1
52953088 1079246849 4
52953088 1142161409 4
52953088 3222536193 5
52953088 69794529281 2
19398656 1075052608 5
2166882304 1075052609 2
2166882304 1075052736 4
2166882304 1075056704 0
2166882304 1079246912 4
2166882304 1108607040 4
2166882304 5370019904 4
2166882304 69794529344 4
19398656 1075056640 4
52953088 1075056641 1
52953088 1075056704 0
52953088 1075064832 2
52953088 1079250944 5
52953088 1142165504 4
52953088 3222540288 5
52953088 69794533376 5
19398656 1079246848 4
52953088 1079246849 4
52953088 1079246912 4
52953088 1079250944 5
52953088 1087635456 4
52953088 1146355712 5
52953088 3226730496 5
52953088 69798723584 2
19398656 1108606976 4
86507520 1108606977 0
86507520 1108607040 5
86507520 1108611072 2
86507520 1112801280 6
86507520 1242824704 6
86507520 3256090624 4
86507520 69828083712 4
19398656 3222536192 5
4314365952 3222536193 1
4314365952 3222536256 1
4314365952 3222540288 1
4314365952 3226730496 0
4314365952 3256090624 4
4314365952 11812470784 0
4314365952 71942012928 0
19398656 69794529280 4
52953088 69794529281 5
52953088 69794529344 5
52953088 69794533376 5
52953088 69798723584 5
52953088 69861638144 4
52953088 71942012928 5
52953088 207233482752 4
2621440 68720787456 3
6815744 68720787457 1
6815808 68720787459 0
6815808 68720787585 1
6815808 68720791553 4
6815808 68729176065 0
6815808 68737564673 5
6815808 69794529281 4
6815808 206159740929 1
6815744 68720787520 4
23592960 68720787521 2
23592960 68720787648 1
23592960 68720791616 0
23592960 68729176128 4
23592960 68754341952 4
23592960 69794529344 4
23592960 206159740992 0
6815744 68720791552 1
6815808 68720791553 4
6815808 68720791680 1
6815808 68720799744 2
6815808 68729180160 1
6815808 68737568768 5
6815808 69794533376 4
6815808 206159745024 1
6815744 68729176064 1
6815808 68729176065 4
6815808 68729176192 1
6815808 68729180160 1
6815808 68745953280 5
6815808 69802917888 4
6815808 206168129536 1
6815744 68737564672 5
1080557568 68737564673 4
1080557568 68737564736 2
1080557568 68737568768 1
1080557568 68745953280 2
1080557568 68771119104 4
1080557568 70885048320 5
1080557568 206176518144 1
6815744 69794529280 4
23592960 69794529281 1
23592960 69794529344 4
23592960 69794533376 4
23592960 69802917888 4
23592960 69828083712 4
23592960 71942012928 5
23592960 207233482752 1
6815744 206159740928 1
6815808 206159740929 1
6815808 206159741056 1
6815808 206159745024 2
6815808 206168129536 1
6815808 206176518144 5
6815808 207233482752 4
6815808 481037647872 6
524288 17039360 2
528384 17039361 2
536576 17039363 2
552960 17039367 2
552960 17039427 2
552960 17072131 3
552960 18087939 2
552960 50593795 2
552960 1090781187 2
552960 68736516099 2
536576 17039425 1
536704 17039427 3
536704 17039681 3
536704 17055809 3
536704 18088001 3
536704 50593857 3
536704 1090781249 3
536704 68736516161 3
536576 17055745 4
34091008 17055747 3
34091008 17055809 4
34091008 17088513 4
34091008 18104321 6
34091008 84164609 3
34091008 1090797569 4
34091008 68736532481 5
536576 18087937 2
552960 18087939 2
552960 18088001 2
552960 18120705 4
552960 20185089 2
552960 51642369 2
552960 1091829761 2
552960 68737564673 2
536576 50593793 2
552960 50593795 2
552960 50593857 2
552960 50626561 3
552960 51642369 2
552960 117702657 2
552960 1124335617 2
552960 68770070529 2
536576 1090781185 6
68720013312 1090781187 4
68720013312 1090781249 1
68720013312 1090797569 5
68720013312 1091829761 5
68720013312 1124335617 2
68720013312 3238264833 1
68720013312 138529734657 3
536576 68736516097 5
1074278400 68736516099 4
1074278400 68736516161 4
1074278400 68736532481 4
1074278400 68737564673 5
1074278400 68770070529 2
1074278400 70883999745 2
1074278400 206175469569 4
528384 17039424 3
1576960 17039425 2
1585152 17039427 1
1585152 17039553 5
1585152 17055809 1
1585152 19136577 1
1585152 50593857 1
1585152 1090781249 6
1585152 68736516161 5
1576960 17039552 1
1577216 17039553 5
1577216 17040064 3
1577216 17047744 0
1577216 19136704 0
1577216 50593984 4
1577216 1090781376 6
1577216 68736516288 5
1576960 17047616 3
3674112 17047617 3
3674112 17047744 3
3674112 17064000 3
3674112 21241920 4
3674112 50602048 3
3674112 1090789440 3
3674112 68736524352 3
1576960 19136576 2
1585152 19136577 1
1585152 19136704 2
1585152 19152960 1
1585152 23330880 5
1585152 52691008 2
1585152 1092878400 6
1585152 68738613312 5
1576960 50593856 3
3674112 50593857 3
3674112 50593984 3
3674112 50602048 3
3674112 54788160 1
3674112 117702720 3
3674112 1124335680 3
3674112 68770070592 3
1576960 1090781248 6
68721053696 1090781249 3
68721053696 1090781376 3
68721053696 1090789440 5
68721053696 1092878400 4
68721053696 1124335680 3
68721053696 3238264896 3
68721053696 138529734720 4
1576960 68736516160 5
1075318784 68736516161 4
1075318784 68736516288 4
1075318784 68736524352 3
1075318784 68738613312 4
1075318784 68770070592 3
1075318784 70883999808 4
1075318784 206175469632 4
528384 17047552 3
1576960 17047553 3
3674112 17047555 3
3674112 17047617 3
3674112 17063937 3
3674112 21241857 4
3674112 50601985 3
3674112 1090789377 3
3674112 68736524289 3
1576960 17047616 2
1593344 17047617 3
1593344 17047744 3
1593344 17080384 1
1593344 19144768 2
1593344 50602048 4
1593344 1090789440 6
1593344 68736524352 5
1576960 17063936 3
3674112 17063937 3
3674112 17064000 3
3674112 17096704 3
3674112 21258240 2
3674112 50618368 3
3674112 1090805760 3
3674112 68736540672 3
1576960 19144704 5
1075318784 19144705 4
1075318784 19144768 4
1075318784 19161088 4
1075318784 23339008 4
1075318784 52699136 4
1075318784 2166628352 6
1075318784 68738621440 4
1576960 50601984 4
68685824 50601985 2
68685824 50602048 2
68685824 50618368 4
68685824 52699136 2
68685824 184819712 2
68685824 1124343808 6
68685824 68770078720 5
1576960 1090789376 6
68721053696 1090789377 6
68721053696 1090789440 3
68721053696 1090805760 3
68721053696 1092886528 3
68721053696 1124343808 3
68721053696 3238273024 3
68721053696 138529742848 3
1576960 68736524288 5
1075318784 68736524289 3
1075318784 68736524352 4
1075318784 68736540672 3
1075318784 68738621440 5
1075318784 68770078720 4
1075318784 70884007936 2
1075318784 206175477760 2
528384 18087936 2
536576 18087937 4
34091008 18087939 2
34091008 18088001 4
34091008 18104321 6
34091008 20185089 6
34091008 85196801 6
34091008 1091829761 4
34091008 68737564673 5
536576 18088000 1
536704 18088001 3
536704 18088256 3
536704 18104384 3
536704 20185152 3
536704 51642432 0
536704 1091829824 3
536704 68737564736 3
536576 18104320 4
34091008 18104321 6
34091008 18104384 4
34091008 18137088 6
34091008 20201472 6
34091008 85213184 6
34091008 1091846144 4
34091008 68737581056 5
536576 20185088 4
34091008 20185089 2
34091008 20185152 4
34091008 20201472 6
34091008 24379392 4
34091008 87293952 6
34091008 1093926912 4
34091008 68739661824 5
536576 51642368 4
67645440 51642369 0
67645440 51642432 1
67645440 51658752 2
67645440 53739520 3
67645440 185860096 6
67645440 1125384192 6
67645440 68771119104 5
536576 1091829760 6
68720013312 1091829761 2
68720013312 1091829824 4
68720013312 1091846144 4
68720013312 1093926912 2
68720013312 1125384192 4
68720013312 3239313408 5
68720013312 138530783232 5
536576 68737564672 5
1074278400 68737564673 3
1074278400 68737564736 4
1074278400 68737581056 4
1074278400 68739661824 2
1074278400 68771119104 4
1074278400 70885048320 3
1074278400 206176518144 5
528384 50593792 4
67637248 50593793 3
68685824 50593795 3
68685824 50593857 3
68685824 50601985 2
68685824 52690945 4
68685824 184811521 3
68685824 1124335617 6
68685824 68770070529 5
67637248 50593856 3
68685824 50593857 3
68685824 50593984 4
68685824 50602048 2
68685824 52691008 4
68685824 184811584 3
68685824 1124335680 6
68685824 68770070592 5
67637248 50601984 3
68685824 50601985 2
68685824 50602048 2
68685824 50618368 4
68685824 52699136 2
68685824 184819712 2
68685824 1124343808 6
68685824 68770078720 5
67637248 51642368 2
67645440 51642369 0
67645440 51642432 1
67645440 51658752 2
67645440 53739520 3
67645440 185860096 6
67645440 1125384192 6
67645440 68771119104 5
67637248 184811520 3
68685824 184811521 3
68685824 184811584 5
68685824 184819712 2
68685824 186908672 5
68685824 453246976 5
68685824 1258553344 6
68685824 68904288256 5
67637248 1124335616 6
68787113984 1124335617 3
68787113984 1124335680 3
68787113984 1124343808 3
68787113984 1125384192 2
68787113984 1258553344 5
68787113984 3271819264 3
68787113984 138563289088 3
67637248 68770070528 5
1141379072 68770070529 3
1141379072 68770070592 1
1141379072 68770078720 3
1141379072 68771119104 3
1141379072 68904288256 3
1141379072 70917554176 3
1141379072 206209024000 4
528384 1090781184 6
68720005120 1090781185 5
70867488768 1090781187 4
70867488768 1090781249 4
70867488768 1090789377 4
70867488768 1091829761 4
70867488768 1124335617 4
70867488768 5385748481 4
70867488768 138529734657 4
68720005120 1090781248 5
70867488768 1090781249 4
70867488768 1090781376 4
70867488768 1090789440 6
70867488768 1091829824 4
70867488768 1124335680 4
70867488768 5385748544 4
70867488768 138529734720 4
68720005120 1090789376 3
68721053696 1090789377 6
68721053696 1090789440 5
68721053696 1090805760 3
68721053696 1092886528 3
68721053696 1124343808 4
68721053696 3238273024 3
68721053696 138529742848 3
68720005120 1091829760 2
68720013312 1091829761 4
68720013312 1091829824 4
68720013312 1091846144 4
68720013312 1093926912 4
68720013312 1125384192 4
68720013312 3239313408 5
68720013312 138530783232 5
68720005120 1124335616 4
68787113984 1124335617 3
68787113984 1124335680 3
68787113984 1124343808 3
68787113984 1125384192 2
68787113984 1258553344 5
68787113984 3271819264 3
68787113984 138563289088 3
68720005120 3238264832 3
68721053696 3238264833 2
68721053696 3238264896 1
68721053696 3238273024 3
68721053696 3240361984 2
68721053696 3271819264 3
68721053696 7533232128 5
68721053696 140677218304 2
68720005120 138529734656 3
68721053696 138529734657 2
68721053696 138529734720 3
68721053696 138529742848 3
68721053696 138531831808 2
68721053696 138563289088 3
68721053696 140677218304 2
68721053696 413407641600 2
528384 68736516096 5
1074270208 68736516097 2
1074278400 68736516099 3
1074278400 68736516161 4
1074278400 68736532481 4
1074278400 68737564673 4
1074278400 68770070529 2
1074278400 70883999745 1
1074278400 206175469569 3
1074270208 68736516160 4
1107824640 68736516161 5
1107824640 68736516288 5
1107824640 68736524352 6
1107824640 68737564736 5
1107824640 68803625024 5
1107824640 70883999808 1
1107824640 206175469632 2
1074270208 68736524288 2
1074286592 68736524289 2
1074286592 68736524352 3
1074286592 68736557056 0
1074286592 68737572864 3
1074286592 68770078720 4
1074286592 70884007936 3
1074286592 206175477760 3
1074270208 68737564672 2
1074278400 68737564673 4
1074278400 68737564736 4
1074278400 68737581056 4
1074278400 68739661824 2
1074278400 68771119104 4
1074278400 70885048320 3
1074278400 206176518144 5
1074270208 68770070528 4
1141379072 68770070529 3
1141379072 68770070592 4
1141379072 68770078720 3
1141379072 68771119104 3
1141379072 68904288256 3
1141379072 70917554176 3
1141379072 206209024000 5
1074270208 70883999744 3
1075318784 70883999745 3
1075318784 70883999808 4
1075318784 70884007936 2
1075318784 70886096896 2
1075318784 70917554176 3
1075318784 75178967040 3
1075318784 208322953216 3
1074270208 206175469568 3
1075318784 206175469569 4
1075318784 206175469632 2
1075318784 206175477760 2
1075318784 206177566720 2
1075318784 206209024000 2
1075318784 208322953216 3
1075318784 481053376512 6
524288 1074003968 4
17301504 1074003969 4
50855936 1074003971 4
117964800 1074003975 4
117964800 1074004035 4
117964800 1074008067 4
117964800 1075052547 4
117964800 1208221699 5
117964800 3221487619 4
117964800 69793480707 4
50855936 1074004033 2
50860032 1074004035 2
50860032 1074004161 2
50860032 1074012225 4
50860032 1075052609 2
50860032 1141112897 2
50860032 3221487681 2
50860032 69793480769 5
50855936 1074008065 1
50856000 1074008067 2
50856000 1074008193 5
50856000 1074016257 2
50856000 1075056641 2
50856000 1141116929 2
50856000 3221491713 1
50856000 69793484801 5
50855936 1075052545 5
2198339584 1075052547 4
2198339584 1075052609 2
2198339584 1075056641 5
2198339584 1077149697 4
2198339584 1142161409 1
2198339584 5370019841 4
2198339584 69794529281 5
50855936 1141112833 5
2198339584 1141112835 3
2198339584 1141112897 2
2198339584 1141116929 5
2198339584 1142161409 1
2198339584 1275330561 1
2198339584 5436080129 3
2198339584 69860589569 5
50855936 3221487617 4
117964800 3221487619 4
117964800 3221487681 4
117964800 3221491713 4
117964800 3222536193 4
117964800 3355705345 2
117964800 7516454913 4
117964800 71940964353 4
50855936 69793480705 4
117964800 69793480707 4
117964800 69793480769 4
117964800 69793484801 4
117964800 69794529281 4
117964800 69927698433 5
117964800 71940964353 4
117964800 207232434177 4
17301504 1074004032 4
50855936 1074004033 2
50860032 1074004035 2
50860032 1074004161 4
50860032 1074012225 4
50860032 1075052609 2
50860032 1141112897 2
50860032 3221487681 4
50860032 69793480769 2
50855936 1074004160 4
117964800 1074004161 4
117964800 1074004416 4
117964800 1074008256 4
117964800 1075052736 4
117964800 1208221888 5
117964800 3221487808 4
117964800 69793480896 4
50855936 1074008128 0
50855937 1074008130 2
50855937 1074008256 5
50855937 1074016320 2
50855937 1075056704 2
50855937 1141116992 2
50855937 3221491776 1
50855937 69793484864 2
50855936 1075052608 5
2198339584 1075052609 2
2198339584 1075052736 6
2198339584 1075056704 5
2198339584 1077149760 4
2198339584 1142161472 0
2198339584 5370019904 6
2198339584 69794529344 5
50855936 1141112896 3
51904512 1141112897 2
51904512 1141113024 3
51904512 1141116992 0
51904512 1143210048 5
51904512 1275330624 3
51904512 3288596544 3
51904512 69860589632 2
50855936 3221487680 3
51904512 3221487681 2
51904512 3221487808 3
51904512 3221491776 0
51904512 3223584832 4
51904512 3288596544 3
51904512 7516454976 5
51904512 71940964416 4
50855936 69793480768 2
50860032 69793480769 2
50860032 69793480896 5
50860032 69793488960 4
50860032 69794529344 5
50860032 69860589632 5
50860032 71940964416 4
50860032 207232434240 2
17301504 1074008064 3
18350080 1074008065 1
18350144 1074008067 2
18350144 1074008193 2
18350144 1074016257 3
18350144 1076105217 4
18350144 1107562497 3
18350144 3221491713 2
18350144 69793484801 2
18350080 1074008128 0
18350081 1074008130 3
18350081 1074008256 3
18350081 1074016320 3
18350081 1076105280 4
18350081 1107562560 3
18350081 3221491776 1
18350081 69793484864 1
18350080 1074016256 3
20447232 1074016257 3
20447232 1074016320 3
20447232 1074032640 3
20447232 1078210560 5
20447232 1107570688 3
20447232 3221499904 3
20447232 69793492992 3
18350080 1076105216 4
51904512 1076105217 1
51904512 1076105280 0
51904512 1076113408 4
51904512 1080299520 4
51904512 1143214080 5
51904512 3223588864 4
51904512 69795581952 5
18350080 1107562496 4
85458944 1107562497 1
85458944 1107562560 0
85458944 1107570688 2
85458944 1109659648 4
85458944 1241780224 5
85458944 3255046144 3
85458944 69827039232 3
18350080 3221491712 3
20447232 3221491713 3
20447232 3221491776 3
20447232 3221499904 3
20447232 3225686016 1
20447232 3255046144 3
20447232 7516459008 3
20447232 71940968448 3
18350080 69793484800 4
51904512 69793484801 1
51904512 69793484864 0
51904512 69793492992 6
51904512 69795581952 5
51904512 69860593664 5
51904512 71940968448 2
51904512 207232438272 5
17301504 1075052544 4
50855936 1075052545 5
2198339584 1075052547 4
2198339584 1075052609 2
2198339584 1075056641 5
2198339584 1077149697 4
2198339584 1142161409 1
2198339584 5370019841 6
2198339584 69794529281 5
50855936 1075052608 5
2198339584 1075052609 2
2198339584 1075052736 6
2198339584 1075056704 5
2198339584 1077149760 4
2198339584 1142161472 0
2198339584 5370019904 6
2198339584 69794529344 5
50855936 1075056640 5
2198339584 1075056641 5
2198339584 1075056704 5
2198339584 1075064832 6
2198339584 1077153792 5
2198339584 1142165504 5
2198339584 5370023936 5
2198339584 69794533376 5
50855936 1077149696 4
117964800 1077149697 4
117964800 1077149760 4
117964800 1077153792 4
117964800 1081344000 4
117964800 1211367424 5
117964800 3224633344 4
117964800 69796626432 4
50855936 1142161408 5
2198339584 1142161409 1
2198339584 1142161472 0
2198339584 1142165504 5
2198339584 1144258560 4
2198339584 1276379136 0
2198339584 5437128704 0
2198339584 69861638144 5
50855936 3222536192 4
117964800 3222536193 4
117964800 3222536256 4
117964800 3222540288 4
117964800 3224633344 4
117964800 3356753920 0
117964800 7517503488 4
117964800 71942012928 4
50855936 69794529280 4
117964800 69794529281 4
117964800 69794529344 4
117964800 69794533376 4
117964800 69796626432 4
117964800 69928747008 1
117964800 71942012928 4
117964800 207233482752 4
17301504 1107558400 3
18350080 1107558401 1
18350144 1107558403 3
18350144 1107558529 4
18350144 1107562497 2
18350144 1109655553 4
18350144 1174667265 3
18350144 3255042049 4
18350144 69827035137 6
18350080 1107558464 4
85458944 1107558465 2
85458944 1107558592 3
85458944 1107562560 0
85458944 1109655616 2
85458944 1241776192 2
85458944 3255042112 3
85458944 69827035200 3
18350080 1107562496 4
85458944 1107562497 1
85458944 1107562560 0
85458944 1107570688 2
85458944 1109659648 4
85458944 1241780224 5
85458944 3255046144 3
85458944 69827039232 3
18350080 1109655552 4
85458944 1109655553 4
85458944 1109655616 2
85458944 1109659648 4
85458944 1113849856 4
85458944 1243873280 2
85458944 3257139200 4
85458944 69829132288 4
18350080 1174667264 3
20447232 1174667265 3
20447232 1174667328 3
20447232 1174671360 3
20447232 1178861568 4
20447232 1308884992 3
20447232 3322150912 3
20447232 69894144000 3
18350080 3255042048 4
85458944 3255042049 4
85458944 3255042112 3
85458944 3255046144 3
85458944 3257139200 4
85458944 3389259776 2
85458944 7550009344 5
85458944 71974518784 4
18350080 69827035136 4
85458944 69827035137 4
85458944 69827035200 3
85458944 69827039232 3
85458944 69829132288 4
85458944 69961252864 2
85458944 71974518784 4
85458944 207265988608 4
17301504 3221487616 3
18350080 3221487617 2
18354176 3221487619 2
18354176 3221487681 2
18354176 3221495809 2
18354176 3223584769 6
18354176 3255042049 3
18354176 7516454913 5
18354176 71940964353 3
18350080 3221487680 3
20447232 3221487681 3
20447232 3221487808 3
20447232 3221491776 3
20447232 3225681984 1
20447232 3255042112 3
20447232 7516454976 3
20447232 71940964416 3
18350080 3221491712 3
20447232 3221491713 3
20447232 3221491776 3
20447232 3221499904 3
20447232 3225686016 2
20447232 3255046144 3
20447232 7516459008 3
20447232 71940968448 3
18350080 3223584768 6
68737826816 3223584769 5
68737826816 3223584832 5
68737826816 3223588864 5
68737826816 3227779072 5
68737826816 3257139200 4
68737826816 7518552064 5
68737826816 140662538240 5
18350080 3255042048 4
85458944 3255042049 4
85458944 3255042112 3
85458944 3255046144 3
85458944 3257139200 4
85458944 3389259776 2
85458944 7550009344 5
85458944 71974518784 4
18350080 7516454912 5
8608284672 7516454913 1
8608284672 7516454976 3
8608284672 7516459008 3
8608284672 7518552064 2
8608284672 7550009344 4
8608284672 24696324096 3
8608284672 76235931648 3
18350080 71940964352 3
20447232 71940964353 3
20447232 71940964416 3
20447232 71940968448 3
20447232 71945158656 0
20447232 71974518784 3
20447232 76235931648 3
20447232 209379917824 3
17301504 69793480704 3
18350080 69793480705 6
137457303552 69793480707 4
137457303552 69793480769 2
137457303552 69793484801 1
137457303552 69795577857 4
137457303552 69827035137 1
137457303552 71940964353 3
137457303552 344671387649 1
18350080 69793480768 3
20447232 69793480769 3
20447232 69793480896 3
20447232 69793484864 3
20447232 69797675072 1
20447232 69827035200 3
20447232 71940964416 3
20447232 207232434240 3
18350080 69793484800 3
20447232 69793484801 3
20447232 69793484864 3
20447232 69793492992 3
20447232 69797679104 2
20447232 69827039232 3
20447232 71940968448 3
20447232 207232438272 3
18350080 69795577856 5
2165833728 69795577857 4
2165833728 69795577920 4
2165833728 69795581952 4
2165833728 69799772160 4
2165833728 69829132288 4
2165833728 74090545152 4
2165833728 207234531328 5
18350080 69827035136 4
85458944 69827035137 4
85458944 69827035200 3
85458944 69827039232 3
85458944 69829132288 4
85458944 69961252864 2
85458944 71974518784 4
85458944 207265988608 4
18350080 71940964352 3
20447232 71940964353 3
20447232 71940964416 3
20447232 71940968448 3
20447232 71945158656 2
20447232 71974518784 3
20447232 76235931648 3
20447232 209379917824 3
18350080 207232434176 3
20447232 207232434177 3
20447232 207232434240 3
20447232 207232438272 3
20447232 207236628480 2
20447232 207265988608 3
20447232 209379917824 3
20447232 482110341120 3
524288 68719738880 4
17301504 68719738881 3
18350080 68719738883 3
20447232 68719738887 3
20447232 68719738947 3
20447232 68719742979 3
20447232 68723933187 4
20447232 68753293315 3
20447232 69793480707 3
20447232 206158692355 3
18350080 68719738945 2
18354176 68719738947 3
18354176 68719739073 4
18354176 68719747137 2
18354176 68721836097 2
18354176 68753293377 4
18354176 69793480769 4
18354176 206158692417 3
18350080 68719742977 1
18350144 68719742979 4
18350144 68719743105 3
18350144 68719751169 3
18350144 68721840129 2
18350144 68753297409 6
18350144 69793484801 2
18350144 206158696449 4
18350080 68721836033 2
18354176 68721836035 2
18354176 68721836097 1
18354176 68721844225 4
18354176 68726030337 4
18354176 68755390465 4
18354176 69795577857 4
18354176 206160789505 2
18350080 68753293313 3
20447232 68753293315 3
20447232 68753293377 3
20447232 68753297409 3
20447232 68757487617 1
20447232 68820402177 3
20447232 69827035137 3
20447232 206192246785 3
18350080 69793480705 2
18354176 69793480707 4
18354176 69793480769 2
18354176 69793488897 3
18354176 69795577857 4
18354176 69827035137 3
18354176 71940964353 3
18354176 207232434177 3
18350080 206158692353 3
20447232 206158692355 3
20447232 206158692417 3
20447232 206158696449 3
20447232 206162886657 2
20447232 206192246785 3
20447232 207232434177 3
20447232 481036599297 3
17301504 68719738944 3
18350080 68719738945 2
18354176 68719738947 3
18354176 68719739073 4
18354176 68719747137 3
18354176 68721836097 1
18354176 68753293377 4
18354176 69793480769 4
18354176 206158692417 3
18350080 68719739072 4
51904512 68719739073 2
51904512 68719739328 1
51904512 68719743168 0
51904512 68721836224 4
51904512 68786847936 3
51904512 69793480896 5
51904512 206158692544 4
18350080 68719743040 0
18350081 68719743042 2
18350081 68719743168 3
18350081 68719751232 2
18350081 68721840192 1
18350081 68753297472 0
18350081 69793484864 1
18350081 206158696512 1
18350080 68721836096 1
18350208 68721836097 2
18350208 68721836352 4
18350208 68721840192 0
18350208 68726030400 2
18350208 68755390528 4
18350208 69795577920 0
18350208 206160789568 0
18350080 68753293376 0
18350081 68753293378 3
18350081 68753293504 3
18350081 68753297472 0
18350081 68755390528 4
18350081 68820402240 3
18350081 69827035200 0
18350081 206192246848 3
18350080 69793480768 3
20447232 69793480769 3
20447232 69793480896 3
20447232 69793484864 3
20447232 69797675072 1
20447232 69827035200 3
20447232 71940964416 3
20447232 207232434240 3
18350080 206158692416 1
18350208 206158692417 2
18350208 206158692672 3
18350208 206158696512 0
18350208 206160789568 0
18350208 206192246848 3
18350208 207232434240 4
18350208 481036599360 6
17301504 68719742976 4
50855936 68719742977 1
50856000 68719742979 4
50856000 68719743105 4
50856000 68719751169 4
50856000 68720791553 1
50856000 68786851841 2
50856000 69793484801 2
50856000 206158696449 1
50855936 68719743040 0
50855937 68719743042 3
50855937 68719743168 4
50855937 68719751232 4
50855937 68720791616 4
50855937 68786851904 6
50855937 69793484864 5
50855937 206158696512 3
50855936 68719751168 4
117964800 68719751169 4
117964800 68719751232 4
117964800 68719767552 4
117964800 68720799744 4
117964800 68853968896 3
117964800 69793492992 4
117964800 206158704640 4
50855936 68720791552 4
117964800 68720791553 4
117964800 68720791616 4
117964800 68720799744 4
117964800 68722888704 4
117964800 68855009280 2
117964800 69794533376 4
117964800 206159745024 4
50855936 68786851840 2
50864128 68786851841 1
50864128 68786851904 4
50864128 68786868224 3
50864128 68787900416 0
50864128 68921069568 0
50864128 69860593664 4
50864128 206225805312 3
50855936 69793484800 5
2198339584 69793484801 5
2198339584 69793484864 5
2198339584 69793492992 5
2198339584 69794533376 5
2198339584 69860593664 5
2198339584 74088452096 5
2198339584 207232438272 5
50855936 206158696448 4
117964800 206158696449 4
117964800 206158696512 4
117964800 206158704640 4
117964800 206159745024 4
117964800 206292914176 3
117964800 207232438272 4
117964800 481036603392 4
17301504 68720787456 4
50855936 68720787457 2
50860032 68720787459 2
50860032 68720787521 4
50860032 68720795649 2
50860032 68722884609 4
50860032 68787896321 2
50860032 69794529281 5
50860032 206159740929 2
50855936 68720787520 1
50856064 68720787521 2
50856064 68720787776 1
50856064 68720791616 4
50856064 68722884672 6
50856064 68787896384 4
50856064 69794529344 6
50856064 206159740992 1
50855936 68720791552 2
50864128 68720791553 1
50864128 68720791616 4
50864128 68720807936 0
50864128 68722888704 4
50864128 68787900416 0
50864128 69794533376 4
50864128 206159745024 4
50855936 68722884608 6
137489809408 68722884609 2
137489809408 68722884672 1
137489809408 68722888704 4
137489809408 68727078912 4
137489809408 68789993472 0
137489809408 69796626432 6
137489809408 343600791552 4
50855936 68787896320 3
52953088 68787896321 3
52953088 68787896384 4
52953088 68787900416 2
52953088 68792090624 4
52953088 68922114048 3
52953088 69861638144 4
52953088 206226849792 6
50855936 69794529280 3
52953088 69794529281 3
52953088 69794529344 3
52953088 69794533376 5
52953088 69798723584 5
52953088 69861638144 4
52953088 71942012928 5
52953088 207233482752 4
50855936 206159740928 4
117964800 206159740929 4
117964800 206159740992 4
117964800 206159745024 4
117964800 206161838080 4
117964800 206293958656 0
117964800 207233482752 4
117964800 481037647872 4
17301504 68753293312 3
18350080 68753293313 0
18350082 68753293317 3
18350082 68753293377 2
18350082 68753297409 1
18350082 68755390465 4
18350082 68820402177 3
18350082 69827035137 4
18350082 206192246785 3
18350080 68753293376 0
18350081 68753293378 4
18350081 68753293504 3
18350081 68753297472 0
18350081 68755390528 4
18350081 68820402240 3
18350081 69827035200 3
18350081 206192246848 1
18350080 68753297408 3
20447232 68753297409 3
20447232 68753297472 3
20447232 68753305600 3
20447232 68757491712 5
20447232 68820406272 3
20447232 69827039232 3
20447232 206192250880 3
18350080 68755390464 4
85458944 68755390465 4
85458944 68755390528 2
85458944 68755394560 4
85458944 68759584768 4
85458944 68889608192 2
85458944 69829132288 4
85458944 206194343936 4
18350080 68820402176 3
20447232 68820402177 3
20447232 68820402240 3
20447232 68820406272 3
20447232 68824596480 4
20447232 68954619904 3
20447232 69894144000 3
20447232 206259355648 3
18350080 69827035136 4
85458944 69827035137 4
85458944 69827035200 3
85458944 69827039232 3
85458944 69829132288 4
85458944 69961252864 3
85458944 71974518784 4
85458944 207265988608 4
18350080 206192246784 4
85458944 206192246785 4
85458944 206192246848 3
85458944 206192250880 3
85458944 206194343936 4
85458944 206326464512 2
85458944 207265988608 4
85458944 481070153728 6
17301504 69793480704 3
18350080 69793480705 6
137457303552 69793480707 4
137457303552 69793480769 2
137457303552 69793484801 1
137457303552 69795577857 4
137457303552 69827035137 3
137457303552 71940964353 3
137457303552 344671387649 2
18350080 69793480768 4
51904512 69793480769 2
51904512 69793480896 5
51904512 69793484864 0
51904512 69795577920 2
51904512 69860589632 2
51904512 71940964416 4
51904512 207232434240 4
18350080 69793484800 4
51904512 69793484801 1
51904512 69793484864 0
51904512 69793492992 5
51904512 69795581952 5
51904512 69860593664 5
51904512 71940968448 1
51904512 207232438272 2
18350080 69795577856 5
2165833728 69795577857 4
2165833728 69795577920 4
2165833728 69795581952 4
2165833728 69799772160 4
2165833728 69829132288 4
2165833728 74090545152 4
2165833728 207234531328 5
18350080 69827035136 4
85458944 69827035137 4
85458944 69827035200 3
85458944 69827039232 3
85458944 69829132288 4
85458944 69961252864 3
85458944 71974518784 4
85458944 207265988608 4
18350080 71940964352 3
20447232 71940964353 3
20447232 71940964416 3
20447232 71940968448 3
20447232 71945158656 2
20447232 71974518784 3
20447232 76235931648 3
20447232 209379917824 3
18350080 207232434176 3
20447232 207232434177 3
20447232 207232434240 3
20447232 207232438272 3
20447232 207236628480 2
20447232 207265988608 3
20447232 209379917824 3
20447232 482110341120 3
17301504 206158692352 3
18350080 206158692353 4
51904512 206158692355 4
51904512 206158692417 2
51904512 206158696449 1
51904512 206160789505 4
51904512 206225801217 3
51904512 207232434177 4
51904512 481036599297 6
18350080 206158692416 1
18350208 206158692417 2
18350208 206158692672 3
18350208 206158696512 0
18350208 206160789568 0
18350208 206192246848 2
18350208 207232434240 4
18350208 481036599360 6
18350080 206158696448 4
51904512 206158696449 1
51904512 206158696512 0
51904512 206158704640 4
51904512 206160793600 4
51904512 206225805312 2
51904512 207232438272 2
51904512 481036603392 6
18350080 206160789504 3
22544384 206160789505 2
22544384 206160789568 1
22544384 206160793600 1
22544384 206169178112 1
22544384 206194343936 4
22544384 207234531328 5
22544384 481038696448 6
18350080 206192246784 3
20447232 206192246785 3
20447232 206192246848 3
20447232 206192250880 3
20447232 206196441088 2
20447232 206259355648 3
20447232 207265988608 3
20447232 481070153728 3
18350080 207232434176 3
20447232 207232434177 3
20447232 207232434240 3
20447232 207232438272 3
20447232 207236628480 2
20447232 207265988608 3
20447232 209379917824 3
20447232 482110341120 3
18350080 481036599296 6
549774163968 481036599297 4
549774163968 481036599360 4
549774163968 481036603392 4
549774163968 481038696448 2
549774163968 481070153728 4
549774163968 482110341120 3
549774163968 1580548227072 2
0 16777216 3
262144 16777217 3
786432 16777219 3
1835008 16777223 3
1835008 16777283 3
1835008 16781315 3
1835008 18874371 4
35389440 18874375 0
35389440 18874435 4
35389440 18878467 2
35389440 23068675 4
35389440 85983235 4
35389440 1092616195 4
35389440 68738351107 2
1835008 50331651 3
1835008 1090519043 3
1835008 68736253955 3
786432 16777281 3
1835008 16777283 3
1835008 16777409 3
1835008 16781377 3
1835008 18874433 1
1835136 18874435 0
1835136 18874689 0
1835136 18878529 2
1835136 23068737 1
1835136 52428865 4
1835136 1092616257 4
1835136 68738351169 6
1835008 50331713 3
1835008 1090519105 0
1835008 1090519107 0
1835008 16777409 0
1835008 16781377 0
1835008 18874433 0
1835008 50331713 3
1835008 1090519105 0
1835008 68736254017 0
786432 68736253953 0
786432 68736253955 6
137439739904 68736254017 4
137439739904 68736258049 3
137439739904 68737302529 4
137439739904 68769808385 3
137439739904 69809995777 3
137439739904 343614160897 4
262144 16781312 4
33816576 16781313 3
34340864 16781315 3
34340864 16781377 2
34340864 16789505 3
34340864 17829889 2
34340864 83890177 3
34340864 1090523137 3
34340864 68736258049 5
33816576 16781376 3
34340864 16781377 2
34340864 16781504 3
34340864 16789568 3
34340864 17829952 2
34340864 83890240 2
34340864 1090523200 2
34340864 68736258112 5
33816576 16789504 2
33832960 16789505 2
33832960 16789568 2
33832960 16822272 1
33832960 17313792 3
33832960 83898368 3
33832960 1090531328 3
33832960 68736266240 2
33816576 17305600 4
100925440 17305601 4
100925440 17305664 4
100925440 17313792 4
100925440 18354176 4
100925440 151523328 3
100925440 1091047424 4
100925440 68736782336 3
33816576 83890176 3
34340864 83890177 3
34340864 83890240 2
34340864 83898368 3
34340864 84938752 2
34340864 218107904 3
34340864 1157632000 2
34340864 68803366912 3
33816576 1090523136 2
33824768 1090523137 3
33824768 1090523200 3
33824768 1090539520 4
33824768 1091047424 3
33824768 1157632000 3
33824768 3238006784 5
33824768 69809999872 3
33816576 68736258048 3
34340864 68736258049 5
34340864 68736258112 5
34340864 68736266240 3
34340864 68737306624 2
34340864 68803366912 3
34340864 69809999872 5
34340864 206175211520 3
262144 17301504 3
1310720 17301505 3
3407872 17301507 4
3407872 17301569 0
3407872 17305601 2
3407872 21495809 4
3407872 50855937 4
3407872 1091043329 3
3407872 68736778241 3
1310720 17301568 3
3407872 17301569 3
3407872 17301696 5
3407872 17305664 3
3407872 21495872 4
3407872 50856000 4
3407872 1091043392 1
3407872 68736778304 3
1310720 17305600 3
3407872 17305601 2
3407872 17305664 4
3407872 17313792 3
3407872 21499904 2
3407872 50860032 2
3407872 1091047424 2
3407872 68736782336 4
1310720 19398656 0
1310721 19398658 1
1310721 19398720 4
1310721 19402752 3
1310721 23592960 1
1310721 52953088 1
1310721 1093140480 1
1310721 68738875392 1
1310720 50855936 3
3407872 50855937 4
3407872 50856000 4
3407872 50860032 2
3407872 55050240 6
3407872 117964800 4
3407872 1124597760 3
3407872 68770332672 6
1310720 1091043328 3
3407872 1091043329 3
3407872 1091043392 2
3407872 1091047424 2
3407872 1095237632 4
3407872 1124597760 3
3407872 3238526976 3
3407872 69810520064 4
1310720 68736778240 4
34865152 68736778241 3
34865152 68736778304 4
34865152 68736782336 4
34865152 68738875392 4
34865152 68803887104 3
34865152 69810520064 3
34865152 206175731712 3
262144 50331648 4
67371008 50331649 3
67895296 50331651 3
67895296 50331713 3
67895296 50335745 4
67895296 51380225 3
67895296 184549377 3
67895296 1124073473 3
67895296 68769808385 3
67371008 50331712 3
67895296 50331713 3
67895296 50331840 3
67895296 50335808 4
67895296 51380288 3
67895296 184549440 3
67895296 1124073536 3
67895296 68769808448 3
67371008 50335744 4
201588736 50335745 3
201588736 50335808 3
201588736 50343936 4
201588736 50860032 4
201588736 318771200 3
201588736 1124077568 5
201588736 68769812480 3
67371008 50855936 3
68419584 50855937 3
68419584 50856000 3
68419584 50860032 2
68419584 52953088 1
68419584 185073664 3
68419584 1124597760 3
68419584 68770332672 4
67371008 184549376 3
67895296 184549377 3
67895296 184549440 3
67895296 184553472 3
67895296 185597952 3
67895296 452984832 3
67895296 1258291200 3
67895296 68904026112 3
67371008 1124073472 5
2214854656 1124073473 5
2214854656 1124073536 5
2214854656 1124077568 4
2214854656 1124597760 5
2214854656 1258291200 6
2214854656 5419040768 3
2214854656 69843550208 4
67371008 68769808384 3
67895296 68769808385 3
67895296 68769808448 3
67895296 68769812480 3
67895296 68770856960 4
67895296 68904026112 3
67895296 69843550208 3
67895296 206208761856 3
262144 1090519040 3
786432 1090519041 3
1835008 1090519043 3
1835008 1090519105 0
1835008 1090523137 3
1835008 1092616193 4
1835008 1124073473 3
1835008 3238002689 3
1835008 69809995777 3
786432 1090519104 4
34340864 1090519105 3
34340864 1090519232 3
34340864 1090523200 2
34340864 1091567680 4
34340864 1157627968 3
34340864 3238002752 3
34340864 69809995840 3
786432 1090523136 2
794624 1090523137 1
794624 1090523200 4
794624 1090539520 4
794624 1091571712 4
794624 1124077568 3
794624 3238006784 3
794624 69809999872 4
786432 1091567616 3
2883584 1091567617 4
2883584 1091567680 5
2883584 1091571712 4
2883584 1095761920 5
2883584 1125122048 4
2883584 3239051264 5
2883584 69811044352 4
786432 1124073472 3
1835008 1124073473 3
1835008 1124073536 3
1835008 1124077568 3
1835008 1126170624 4
1835008 1191182336 3
1835008 3271557120 3
1835008 69843550208 3
786432 3238002688 3
1835008 3238002689 3
1835008 3238002752 3
1835008 3238006784 3
1835008 3240099840 0
1835008 3271557120 3
1835008 7532969984 3
1835008 71957479424 3
786432 69809995776 4
34340864 69809995777 2
34340864 69809995840 2
34340864 69809999872 5
34340864 69811044352 3
34340864 69877104640 0
34340864 71957479424 3
34340864 207248949248 3
262144 68736253952 3
786432 68736253953 3
1835008 68736253955 3
1835008 68736254017 3
1835008 68736258049 3
1835008 68738351105 6
1835008 68769808385 3
1835008 69809995777 3
1835008 206175207425 3
786432 68736254016 3
1835008 68736254017 3
1835008 68736254144 3
1835008 68736258112 3
1835008 68738351168 6
1835008 68769808448 3
1835008 69809995840 3
1835008 206175207488 3
786432 68736258048 2
794624 68736258049 3
794624 68736258112 4
794624 68736274432 3
794624 68737306624 4
794624 68769812480 3
794624 69809999872 4
794624 206175211520 3
786432 68737302528 4
34340864 68737302529 4
34340864 68737302592 1
34340864 68737306624 2
34340864 68739399680 6
34340864 68804411392 6
34340864 69811044352 0
34340864 206176256000 4
786432 68769808384 3
1835008 68769808385 3
1835008 68769808448 3
1835008 68769812480 3
1835008 68771905536 4
1835008 68836917248 3
1835008 69843550208 3
1835008 206208761856 3
786432 69809995776 5
2148270080 69809995777 4
2148270080 69809995840 4
2148270080 69809999872 4
2148270080 69811044352 4
2148270080 69843550208 3
2148270080 74104963072 1
2148270080 207248949248 3
786432 206175207424 2
790528 206175207425 3
790528 206175207488 2
790528 206175215616 0
790528 206176256000 2
790528 206208761856 3
790528 207248949248 2
790528 481053114368 6
0 64 2
4096 65 2
12288 67 2
28672 71 2
28672 195 2
28672 32835 5
28672 262211 2
28672 16777283 2
28672 1073741891 2
28672 68719476803 2
12288 193 2
28672 195 2
28672 449 2
28672 32961 5
28672 262337 2
28672 16777409 2
28672 1073742017 2
28672 68719476929 2
12288 16449 1
12416 16451 1
12416 16705 2
12416 49217 4
12416 278593 2
12416 16793665 1
12416 1073758273 1
12416 68719493185 1
12288 262209 2
28672 262211 2
28672 262337 2
28672 294977 3
28672 786497 2
28672 17039425 2
28672 1074004033 2
28672 68719738945 2
12288 16777281 5
1073754112 16777283 4
1073754112 16777409 2
1073754112 16793665 1
1073754112 17039425 3
1073754112 50331713 2
1073754112 2164260929 1
1073754112 68736254017 5
12288 1073741889 2
28672 1073741891 2
28672 1073742017 2
28672 1073774657 6
28672 1074004033 2
28672 1090519105 2
28672 3221225537 2
28672 69793218625 2
12288 68719476801 4
16789504 68719476803 2
16789504 68719476929 2
16789504 68719493185 4
16789504 68719738945 3
16789504 68753031233 2
16789504 69793218625 4
16789504 206158430273 2
4096 192 1
4352 193 1
4864 195 1
4864 1217 2
4864 8385 2
4864 262337 1
4864 16777409 2
4864 1073742017 2
4864 68719476929 2
4352 704 2
12544 705 3
12544 1728 2
12544 17088 2
12544 262848 2
12544 16777920 2
12544 1073742528 2
12544 68719477440 2
4352 8384 2
20736 8385 1
20736 8896 3
20736 41152 5
20736 270528 3
20736 16785600 2
20736 1073750208 1
20736 68719485120 2
4352 262336 3
528640 262337 1
528640 262848 3
528640 270528 3
528640 1310912 3
528640 17039552 3
528640 1074004160 3
528640 68719739072 3
4352 16777408 2
12544 16777409 2
12544 16777920 2
12544 16793792 1
12544 17039552 3
12544 50331840 4
12544 1090519232 2
12544 68736254144 2
4352 1073742016 4
16781568 1073742017 4
16781568 1073742528 2
16781568 1073750208 2
16781568 1074004160 3
16781568 1107296448 1
16781568 3221225664 5
16781568 69793218752 1
4352 68719476928 1
4864 68719476929 2
4864 68719477952 5
4864 68719485120 1
4864 68719739072 3
4864 68736254144 1
4864 69793218752 3
4864 206158430400 1
4096 8256 2
20480 8257 2
53248 8259 2
53248 8385 3
53248 73793 5
53248 270401 2
53248 16785473 2
53248 1073750081 2
53248 68719484993 2
20480 8384 2
53248 8385 0
53248 8640 1
53248 73920 5
53248 270528 2
53248 16785600 2
53248 1073750208 2
53248 68719485120 2
20480 41024 1
20608 41025 1
20608 41280 0
20608 106560 0
20608 303168 1
20608 16818240 1
20608 1073782848 3
20608 68719517760 3
20480 270400 3
544768 270401 3
544768 270528 3
544768 303168 3
544768 1318976 3
544768 17047616 3
544768 1074012224 3
544768 68719747136 3
20480 16785472 2
53248 16785473 2
53248 16785600 2
53248 16851008 4
53248 17047616 5
53248 50339904 2
53248 1090527296 1
53248 68736262208 2
20480 1073750080 3
282624 1073750081 3
282624 1073750208 3
282624 1073782848 5
282624 1074274368 5
282624 1090527296 4
282624 3221233728 5
282624 69793226816 5
20480 68719484992 2
53248 68719484993 5
53248 68719485120 3
53248 68719550528 0
53248 68719747136 5
53248 68736262208 2
53248 69793226816 2
53248 206158438464 2
4096 262208 3
528384 262209 3
1576960 262211 3
1576960 262337 3
1576960 270401 3
1576960 2359361 1
1576960 17039425 2
1576960 1074004033 3
1576960 68719738945 2
528384 262336 3
1576960 262337 3
1576960 262592 1
1576960 270528 3
1576960 2359488 0
1576960 17039552 3
1576960 1074004160 3
1576960 68719739072 1
528384 270400 3
1576960 270401 3
1576960 270528 3
1576960 286784 3
1576960 2367552 2
1576960 17047616 3
1576960 1074012224 6
1576960 68719747136 5
528384 1310784 2
536576 1310785 2
536576 1310912 2
536576 1327168 1
536576 3407936 2
536576 18088000 1
536576 1075052608 1
536576 68720787520 1
528384 17039424 3
1576960 17039425 3
1576960 17039552 3
1576960 17047616 3
1576960 19136576 2
1576960 50593856 4
1576960 1090781248 6
1576960 68736516160 5
528384 1074004032 2
536576 1074004033 4
536576 1074004160 3
536576 1074020416 1
536576 1075052608 1
536576 1090781248 6
536576 3221487680 2
536576 69793480768 4
528384 68719738944 2
536576 68719738945 2
536576 68719739072 2
536576 68719755328 1
536576 68720787520 1
536576 68736516160 5
536576 69793480768 4
536576 206158692416 2
4096 16777280 2
12288 16777281 1
12416 16777283 2
12416 16777537 2
12416 16793665 1
12416 17039425 3
12416 50331713 2
12416 1090519105 2
12416 68736254017 2
12288 16777408 2
28672 16777409 2
28672 16777664 2
28672 16810176 4
28672 17039552 2
28672 50331840 2
28672 1090519232 2
28672 68736254144 2
12288 16793664 2
45056 16793665 4
45056 16793792 1
45056 16859200 1
45056 17055808 3
45056 50348096 4
45056 1090535488 6
45056 68736270400 5
12288 17039424 1
12416 17039425 3
12416 17039680 3
12416 17055808 3
12416 17563712 2
12416 50593856 4
12416 1090781248 6
12416 68736516160 5
12288 50331712 4
67121152 50331713 2
67121152 50331840 1
67121152 50348096 2
67121152 50593856 3
67121152 184549440 2
67121152 1124073536 6
67121152 68769808448 5
12288 1090519104 2
28672 1090519105 2
28672 1090519232 2
28672 1090551872 4
28672 1090781248 2
28672 1124073536 2
28672 3238002752 2
28672 69809995840 2
12288 68736254016 2
28672 68736254017 2
28672 68736254144 2
28672 68736286784 4
28672 68736516160 2
28672 68769808448 2
28672 69809995840 2
28672 206175207488 2
4096 1073741888 6
68719480832 1073741889 2
68719489024 1073741891 5
68719489024 1073742017 2
68719489024 1073758273 2
68719489024 1074004033 2
68719489024 1090519105 4
68719489024 3221225537 6
68719489024 138512695361 5
68719480832 1073742016 1
68719481088 1073742017 1
68719481088 1073742528 5
68719481088 1073750208 1
68719481088 1074004160 3
68719481088 1090519232 5
68719481088 3221225664 5
68719481088 138512695488 2
68719480832 1073750080 2
68719497216 1073750081 2
68719497216 1073750208 6
68719497216 1073782848 5
68719497216 1074012224 0
68719497216 1090527296 2
68719497216 3221233728 1
68719497216 138512703552 6
68719480832 1074004032 3
68720005120 1074004033 3
68720005120 1074004160 5
68720005120 1074012224 3
68720005120 1075052608 2
68720005120 1090781248 5
68720005120 3221487680 3
68720005120 138512957504 3
68719480832 1090519104 2
68719489024 1090519105 4
68719489024 1090519232 2
68719489024 1090535488 2
68719489024 1090781248 3
68719489024 1124073536 4
68719489024 3238002752 4
68719489024 138529472576 4
68719480832 3221225536 5
73014448128 3221225537 2
73014448128 3221225664 1
73014448128 3221233728 5
73014448128 3221487680 3
73014448128 3238002752 5
73014448128 11811160128 2
73014448128 140660179008 2
68719480832 138512695360 2
68719489024 138512695361 1
68719489024 138512695488 1
68719489024 138512711744 2
68719489024 138512957504 2
68719489024 138529472576 0
68719489024 140660179008 5
68719489024 413390602304 1
4096 68719476800 1
4224 68719476801 1
4480 68719476803 1
4480 68719477313 2
4480 68719484993 1
4480 68719738945 1
4480 68736254017 2
4480 69793218625 5
4480 206158430273 1
4224 68719477056 2
12416 68719477057 2
12416 68719477568 1
12416 68719493440 5
12416 68719739200 2
12416 68736254272 2
12416 69793218880 4
12416 206158430528 4
4224 68719484992 2
20608 68719484993 2
20608 68719485248 2
20608 68719517760 3
20608 68719747136 5
20608 68736262208 2
20608 69793226816 3
20608 206158438464 3
4224 68719738944 3
528512 68719738945 2
528512 68719739200 3
528512 68719747136 3
528512 68720787520 2
528512 68736516160 5
528512 69793480768 4
528512 206158692416 3
4224 68736254016 4
33558656 68736254017 4
33558656 68736254272 5
33558656 68736262208 2
33558656 68736516160 5
33558656 68803362880 2
33558656 69809995840 3
33558656 206175207488 2
4224 69793218624 4
16781440 69793218625 2
16781440 69793218880 1
16781440 69793226816 2
16781440 69793480768 3
16781440 69826773056 1
16781440 71940702272 1
16781440 207232172096 2
4224 206158430272 1
4480 206158430273 5
4480 206158430784 2
4480 206158438464 1
4480 206158692416 3
4480 206175207488 1
4480 207232172096 5
4480 481036337216 6
0 4096 4
16777216 4097 1
16777280 4099 4
50331712 4103 0
50331712 4227 1
50331712 12291 4
50331712 266243 4
50331712 67112963 2
50331712 1073745923 1
50331712 68719480835 4
16777280 4225 1
16777536 4227 2
16777536 4737 4
16777536 12417 2
16777536 266369 3
16777536 33558657 1
16777536 1073746049 1
16777536 68719480961 4
16777280 12289 2
16793664 12291 4
16793664 12417 1
16793664 45057 4
16793664 274433 2
16793664 33566721 4
16793664 1073754113 2
16793664 68719489025 1
16777280 266241 4
50331712 266243 1
50331712 266369 3
50331712 274433 4
50331712 790529 4
50331712 67375105 3
50331712 1074008065 2
50331712 68719742977 1
16777280 33558529 4
83886144 33558531 4
83886144 33558657 2
83886144 33566721 2
83886144 33820673 3
83886144 167776257 1
83886144 1107300353 5
83886144 68753035265 1
16777280 1073745921 4
50331712 1073745923 2
50331712 1073746049 4
50331712 1073754113 4
50331712 1074008065 3
50331712 1140854785 2
50331712 3221229569 2
50331712 69793222657 2
16777280 68719480833 4
50331712 68719480835 2
50331712 68719480961 6
50331712 68719489025 4
50331712 68719742977 1
50331712 68786589697 2
50331712 69793222657 5
50331712 206158434305 2
16777216 4160 1
16777344 4161 3
17039488 4163 1
17039488 4417 5
17039488 12353 2
17039488 528449 3
17039488 33558593 1
17039488 1073745985 3
17039488 68719480897 3
16777344 4416 4
50331776 4417 3
50331776 4928 0
50331776 12608 2
50331776 266560 0
50331776 67113280 0
50331776 1073746240 0
50331776 68719481152 1
16777344 12352 2
16793728 12353 3
16793728 12608 0
16793728 45120 4
16793728 274496 0
16793728 33566784 3
16793728 1073754176 0
16793728 68719489088 0
16777344 266304 0
16777345 266306 4
16777345 266560 3
16777345 274496 2
16777345 790592 3
16777345 33820736 1
16777345 1074008128 3
16777345 68719743040 3
16777344 33558592 1
16777600 33558593 3
16777600 33559104 4
16777600 33566784 1
16777600 33820736 0
16777600 100667456 1
16777600 1107300416 1
16777600 68753035328 1
16777344 1073745984 2
16785536 1073745985 3
16785536 1073746240 0
16785536 1073762368 4
16785536 1074008128 0
16785536 1107300416 0
16785536 3221229632 1
16785536 69793222720 2
16777344 68719480896 0
16777345 68719480898 2
16777345 68719481152 4
16777345 68719489088 2
16777345 68719743040 3
16777345 68753035328 2
16777345 69793222720 2
16777345 206158434368 1
16777216 12288 2
16793600 12289 1
16793664 12291 4
16793664 12417 4
16793664 45057 4
16793664 274433 3
16793664 33566721 4
16793664 1073754113 4
16793664 68719489025 4
16793600 12352 1
16793728 12353 3
16793728 12608 1
16793728 45120 3
16793728 274496 0
16793728 33566784 3
16793728 1073754176 0
16793728 68719489088 3
16793600 45056 4
50348032 45057 3
50348032 45120 3
50348032 110592 3
50348032 307200 4
50348032 67153920 4
50348032 1073786880 0
50348032 68719521792 1
16793600 274432 3
17317888 274433 1
17317888 274496 0
17317888 307200 3
17317888 1323008 4
17317888 33828864 3
17317888 1074016256 3
17317888 68719751168 3
16793600 33566720 2
16826368 33566721 3
16826368 33566784 2
16826368 33632256 3
16826368 33828864 2
16826368 100675584 2
16826368 1107308544 0
16826368 68753043456 3
16793600 1073754112 4
50348032 1073754113 1
50348032 1073754176 0
50348032 1073786880 0
50348032 1074016256 3
50348032 1140862976 4
50348032 3221237760 5
50348032 69793230848 4
16793600 68719489024 4
50348032 68719489025 3
50348032 68719489088 3
50348032 68719521792 0
50348032 68719751168 3
50348032 68786597888 4
50348032 69793230848 4
50348032 206158442496 6
16777216 266240 3
17301504 266241 1
17301568 266243 3
17301568 266369 3
17301568 274433 2
17301568 1314817 4
17301568 33820673 4
17301568 1074008065 3
17301568 68719742977 4
17301504 266304 0
17301505 266306 3
17301505 266432 3
17301505 274496 2
17301505 1314880 4
17301505 33820736 4
17301505 1074008128 1
17301505 68719743040 1
17301504 274432 2
17317888 274433 1
17317888 274496 0
17317888 307200 3
17317888 1323008 4
17317888 33828864 3
17317888 1074016256 3
17317888 68719751168 3
17301504 1314816 4
50855936 1314817 1
50855936 1314880 0
50855936 1323008 2
50855936 3411968 2
50855936 68423680 2
50855936 1075056640 5
50855936 68720791552 4
17301504 33820672 4
84410368 33820673 1
84410368 33820736 0
84410368 33828864 2
84410368 34869248 3
84410368 168038400 1
84410368 1107562496 3
84410368 68753297408 4
17301504 1074008064 3
18350080 1074008065 1
18350080 1074008128 0
18350080 1074016256 3
18350080 1076105216 4
18350080 1107562496 4
18350080 3221491712 2
18350080 69793484800 4
17301504 68719742976 4
50855936 68719742977 1
50855936 68719743040 0
50855936 68719751168 4
50855936 68720791552 4
50855936 68786851840 2
50855936 69793484800 5
50855936 206158696448 4
16777216 33558528 4
83886080 33558529 4
218103808 33558531 1
218103808 33558593 3
218103808 33566721 4
218103808 33820673 1
218103808 301993985 2
218103808 1107300353 2
218103808 68753035265 3
83886080 33558592 3
84148224 33558593 3
84148224 33558720 5
84148224 33566784 4
84148224 34082880 2
84148224 167776320 2
84148224 1107300416 2
84148224 68753035328 3
83886080 33566720 4
218103808 33566721 4
218103808 33566784 3
218103808 33583104 2
218103808 33828864 4
218103808 302002176 2
218103808 1107308544 3
218103808 68753043456 2
83886080 33820672 3
84410368 33820673 1
84410368 33820736 0
84410368 33828864 2
84410368 34869248 3
84410368 168038400 1
84410368 1107562496 3
84410368 68753297408 4
83886080 167776256 2
83894272 167776257 3
83894272 167776320 2
83894272 167792640 2
83894272 168038400 2
83894272 436211712 2
83894272 1241518080 5
83894272 68887252992 2
83886080 1107300352 4
218103808 1107300353 2
218103808 1107300416 5
218103808 1107308544 5
218103808 1107562496 5
218103808 1375735808 2
218103808 3254784000 2
218103808 69826777088 2
83886080 68753035264 4
218103808 68753035265 1
218103808 68753035328 1
218103808 68753043456 2
218103808 68753297408 3
218103808 69021470720 5
218103808 69826777088 2
218103808 206191988736 1
16777216 1073745920 4
50331648 1073745921 4
117440512 1073745923 4
117440512 1073745985 4
117440512 1073754113 4
117440512 1074008065 4
117440512 1207963649 2
117440512 3221229569 4
117440512 69793222657 4
50331648 1073745984 0
50331649 1073745986 1
50331649 1073746112 2
50331649 1073754176 2
50331649 1074008128 3
50331649 1140854848 2
50331649 3221229632 4
50331649 69793222720 2
50331648 1073754112 2
50348032 1073754113 1
50348032 1073754176 0
50348032 1073786880 0
50348032 1074016256 5
50348032 1140862976 4
50348032 3221237760 5
50348032 69793230848 4
50331648 1074008064 3
50855936 1074008065 1
50855936 1074008128 0
50855936 1074016256 2
50855936 1075056640 5
50855936 1141116928 5
50855936 3221491712 4
50855936 69793484800 5
50331648 1140854784 4
184549376 1140854785 1
184549376 1140854848 0
184549376 1140862976 2
184549376 1141116928 3
184549376 1409290240 5
184549376 3288338432 5
184549376 69860331520 0
50331648 3221229568 4
117440512 3221229569 4
117440512 3221229632 4
117440512 3221237760 4
117440512 3221491712 4
117440512 3355447296 2
117440512 7516196864 4
117440512 71940706304 4
50331648 69793222656 0
50331649 69793222658 5
50331649 69793222720 2
50331649 69793230848 2
50331649 69793484800 4
50331649 69860331520 4
50331649 71940706304 5
50331649 207232176128 4
16777216 68719480832 4
50331648 68719480833 3
50593792 68719480835 3
50593792 68719480897 4
50593792 68719489025 2
50593792 68720005121 4
50593792 68786589697 3
50593792 69793222657 4
50593792 206158434305 4
50331648 68719480896 2
50339840 68719480897 3
50339840 68719481024 1
50339840 68719497280 2
50339840 68719743040 0
50339840 68786589760 0
50339840 69793222720 4
50339840 206158434368 3
50331648 68719489024 2
50348032 68719489025 3
50348032 68719489088 3
50348032 68719521792 4
50348032 68719751168 4
50348032 68786597888 4
50348032 69793230848 4
50348032 206158442496 6
50331648 68719742976 4
117440512 68719742977 4
117440512 68719743040 4
117440512 68719751168 4
117440512 68720267264 4
117440512 68853960704 3
117440512 69793484800 4
117440512 206158696448 4
50331648 68786589696 2
50339840 68786589697 2
50339840 68786589760 0
50339840 68786606080 2
50339840 68786851840 3
50339840 68920807424 0
50339840 69860331520 5
50339840 206225543168 4
50331648 69793222656 2
50339840 69793222657 4
50339840 69793222720 3
50339840 69793239040 1
50339840 69793484800 3
50339840 69860331520 2
50339840 71940706304 5
50339840 207232176128 4
50331648 206158434304 2
50339840 206158434305 2
50339840 206158434368 3
50339840 206158450688 2
50339840 206158696448 4
50339840 206225543168 4
50339840 207232176128 4
50339840 481036341248 6
0 262144 3
524288 262145 2
528384 262147 3
1576960 262151 0
1576960 262211 3
1576960 270339 3
1576960 2359299 3
1576960 17039363 2
1576960 1074003971 5
1576960 68719738883 2
528384 262209 3
1576960 262211 3
1576960 262337 3
1576960 270401 2
1576960 2359361 1
1576960 17039425 4
1576960 1074004033 3
1576960 68719738945 2
528384 270337 3
1576960 270339 4
1576960 270401 3
1576960 286721 3
1576960 2367489 2
1576960 17047553 3
1576960 1074012161 6
1576960 68719747073 0
528384 1310721 2
536576 1310723 2
536576 1310785 2
536576 1327105 3
536576 3407873 0
536576 18087937 2
536576 1075052545 5
536576 68720787457 4
528384 17039361 2
536576 17039363 2
536576 17039425 1
536576 17055745 4
536576 18087937 2
536576 50593793 2
536576 1090781185 6
536576 68736516097 5
528384 1074003969 3
1576960 1074003971 3
1576960 1074004033 4
1576960 1074012161 6
1576960 1076101121 2
1576960 1090781185 6
1576960 3221487617 2
1576960 69793480705 4
528384 68719738881 2
536576 68719738883 2
536576 68719738945 1
536576 68719755265 3
536576 68720787457 4
536576 68736516097 5
536576 69793480705 4
536576 206158692353 2
524288 262208 2
528384 262209 3
1576960 262211 3
1576960 262337 3
1576960 270401 2
1576960 2359361 1
1576960 17039425 3
1576960 1074004033 4
1576960 68719738945 3
528384 262336 3
1576960 262337 3
1576960 262592 1
1576960 270528 2
1576960 2359488 0
1576960 17039552 4
1576960 1074004160 3
1576960 68719739072 4
528384 270400 3
1576960 270401 2
1576960 270528 3
1576960 286784 3
1576960 2367552 2
1576960 17047616 3
1576960 1074012224 6
1576960 68719747136 3
528384 1310784 2
536576 1310785 2
536576 1310912 2
536576 1327168 1
536576 3407936 2
536576 18088000 1
536576 1075052608 1
536576 68720787520 1
528384 17039424 3
1576960 17039425 3
1576960 17039552 1
1576960 17047616 3
1576960 19136576 2
1576960 50593856 3
1576960 1090781248 6
1576960 68736516160 5
528384 1074004032 2
536576 1074004033 2
536576 1074004160 3
536576 1074020416 1
536576 1075052608 1
536576 1090781248 6
536576 3221487680 2
536576 69793480768 4
528384 68719738944 3
1576960 68719738945 1
1576960 68719739072 1
1576960 68719747136 3
1576960 68721836096 5
1576960 68736516160 5
1576960 69793480768 4
1576960 206158692416 1
524288 266240 4
17301504 266241 1
17301568 266243 3
17301568 266369 3
17301568 274433 2
17301568 1314817 4
17301568 33820673 3
17301568 1074008065 3
17301568 68719742977 4
17301504 266304 0
17301505 266306 3
17301505 266432 3
17301505 274496 2
17301505 1314880 4
17301505 33820736 3
17301505 1074008128 1
17301505 68719743040 1
17301504 274432 2
17317888 274433 1
17317888 274496 0
17317888 307200 3
17317888 1323008 4
17317888 33828864 3
17317888 1074016256 3
17317888 68719751168 3
17301504 1314816 4
50855936 1314817 1
50855936 1314880 0
50855936 1323008 2
50855936 3411968 2
50855936 68423680 2
50855936 1075056640 5
50855936 68720791552 2
17301504 33820672 4
84410368 33820673 1
84410368 33820736 0
84410368 33828864 2
84410368 34869248 3
84410368 168038400 1
84410368 1107562496 3
84410368 68753297408 4
17301504 1074008064 3
18350080 1074008065 1
18350080 1074008128 0
18350080 1074016256 3
18350080 1076105216 4
18350080 1107562496 3
18350080 3221491712 5
18350080 69793484800 2
17301504 68719742976 4
50855936 68719742977 1
50855936 68719743040 0
50855936 68719751168 4
50855936 68720791552 4
50855936 68786851840 2
50855936 69793484800 5
50855936 206158696448 4
524288 1310720 3
2621440 1310721 1
2621504 1310723 0
2621504 1310849 1
2621504 1314817 2
2621504 5505025 4
2621504 18087937 5
2621504 1075052545 6
2621504 68720787457 4
2621440 1310784 0
2621441 1310786 1
2621441 1310912 1
2621441 1314880 4
2621441 5505088 1
2621441 18088000 2
2621441 1075052608 6
2621441 68720787520 2
2621440 1314816 1
2621504 1314817 2
2621504 1314944 1
2621504 1323008 2
2621504 5509120 1
2621504 18092032 5
2621504 1075056640 4
2621504 68720791552 1
2621440 5505024 2
2625536 5505025 2
2625536 5505088 2
2625536 5513216 2
2625536 13893632 2
2625536 22282240 2
2625536 1079246848 6
2625536 68724981760 5
2621440 18087936 5
1076363264 18087937 5
1076363264 18088000 2
1076363264 18092032 1
1076363264 22282240 5
1076363264 51642368 4
1076363264 2165571584 5
1076363264 68737564672 4
2621440 1075052544 4
19398656 1075052545 4
19398656 1075052608 4
19398656 1075056640 4
19398656 1079246848 4
19398656 1108606976 4
19398656 3222536192 5
19398656 69794529280 4
2621440 68720787456 4
19398656 68720787457 4
19398656 68720787520 3
19398656 68720791552 4
19398656 68724981760 4
19398656 68754341888 4
19398656 69794529280 4
19398656 206159740928 1
524288 17039360 2
528384 17039361 2
536576 17039363 2
536576 17039425 1
536576 17055745 4
536576 18087937 4
536576 50593793 2
536576 1090781185 6
536576 68736516097 5
528384 17039424 3
1576960 17039425 4
1576960 17039552 4
1576960 17047616 2
1576960 19136576 2
1576960 50593856 3
1576960 1090781248 6
1576960 68736516160 5
528384 17047552 3
1576960 17047553 4
1576960 17047616 3
1576960 17063936 3
1576960 19144704 3
1576960 50601984 4
1576960 1090789376 6
1576960 68736524288 5
528384 18087936 2
536576 18087937 2
536576 18088000 1
536576 18104320 4
536576 20185088 4
536576 51642368 4
536576 1091829760 6
536576 68737564672 5
528384 50593792 4
67637248 50593793 3
67637248 50593856 3
67637248 50601984 3
67637248 51642368 2
67637248 184811520 3
67637248 1124335616 6
67637248 68770070528 5
528384 1090781184 6
68720005120 1090781185 5
68720005120 1090781248 5
68720005120 1090789376 2
68720005120 1091829760 2
68720005120 1124335616 4
68720005120 3238264832 3
68720005120 138529734656 3
528384 68736516096 5
1074270208 68736516097 2
1074270208 68736516160 3
1074270208 68736524288 3
1074270208 68737564672 2
1074270208 68770070528 4
1074270208 70883999744 3
1074270208 206175469568 2
524288 1074003968 4
17301504 1074003969 4
50855936 1074003971 4
50855936 1074004033 2
50855936 1074008065 1
50855936 1075052545 5
50855936 1141112833 5
50855936 3221487617 4
50855936 69793480705 5
17301504 1074004032 3
18350080 1074004033 2
18350080 1074004160 3
18350080 1074008128 0
18350080 1076101184 2
18350080 1107558464 4
18350080 3221487680 3
18350080 69793480768 3
17301504 1074008064 3
18350080 1074008065 1
18350080 1074008128 0
18350080 1074016256 2
18350080 1076105216 4
18350080 1107562496 4
18350080 3221491712 3
18350080 69793484800 3
17301504 1075052544 4
50855936 1075052545 5
50855936 1075052608 5
50855936 1075056640 5
50855936 1077149696 4
50855936 1142161408 5
50855936 3222536192 4
50855936 69794529280 3
17301504 1107558400 3
18350080 1107558401 3
18350080 1107558464 4
18350080 1107562496 3
18350080 1109655552 4
18350080 1174667264 3
18350080 3255042048 4
18350080 69827035136 3
17301504 3221487616 3
18350080 3221487617 1
18350080 3221487680 3
18350080 3221491712 5
18350080 3223584768 6
18350080 3255042048 4
18350080 7516454912 5
18350080 71940964352 3
17301504 69793480704 3
18350080 69793480705 2
18350080 69793480768 4
18350080 69793484800 2
18350080 69795577856 5
18350080 69827035136 4
18350080 71940964352 3
18350080 207232434176 3
524288 68719738880 4
17301504 68719738881 3
18350080 68719738883 3
18350080 68719738945 2
18350080 68719742977 1
18350080 68721836033 2
18350080 68753293313 2
18350080 69793480705 1
18350080 206158692353 0
17301504 68719738944 3
18350080 68719738945 2
18350080 68719739072 3
18350080 68719743040 0
18350080 68721836096 4
18350080 68753293376 0
18350080 69793480768 2
18350080 206158692416 1
17301504 68719742976 4
50855936 68719742977 1
50855936 68719743040 0
50855936 68719751168 4
50855936 68720791552 4
50855936 68786851840 2
50855936 69793484800 5
50855936 206158696448 4
17301504 68720787456 4
50855936 68720787457 2
50855936 68720787520 1
50855936 68720791552 2
50855936 68722884608 6
50855936 68787896320 3
50855936 69794529280 4
50855936 206159740928 4
17301504 68753293312 3
18350080 68753293313 6
18350080 68753293376 0
18350080 68753297408 1
18350080 68755390464 4
18350080 68820402176 3
18350080 69827035136 4
18350080 206192246784 3
17301504 69793480704 3
18350080 69793480705 4
18350080 69793480768 2
18350080 69793484800 4
18350080 69795577856 5
18350080 69827035136 3
18350080 71940964352 3
18350080 207232434176 3
17301504 206158692352 3
18350080 206158692353 0
18350080 206158692416 3
18350080 206158696448 2
18350080 206160789504 2
18350080 206192246784 4
18350080 207232434176 3
18350080 481036599296 6
0 16777216 4
33554432 16777217 4
100663296 16777219 4
234881024 16777223 4
234881024 16777283 4
234881024 16781315 4
234881024 17039363 4
234881024 285212675 0
234881024 1090519043 4
234881024 68736253955 4
100663296 16777281 2
100667392 16777283 4
100667392 16777409 2
100667392 16785473 4
100667392 17039425 4
100667392 150995009 2
100667392 1090519105 2
100667392 68736254017 2
100663296 16781313 4
234881024 16781315 4
234881024 16781377 4
234881024 16789505 4
234881024 17043457 4
234881024 285216769 5
234881024 1090523137 4
234881024 68736258049 4
100663296 17039361 4
234881024 17039363 4
234881024 17039425 4
234881024 17043457 4
234881024 17563649 4
234881024 285474817 5
234881024 1090781185 4
234881024 68736516097 4
100663296 150994945 5
1174405120 150994947 1
1174405120 150995009 3
1174405120 150999041 1
1174405120 151257089 3
1174405120 419430401 3
1174405120 2298478593 5
1174405120 68870471681 3
100663296 1090519041 6
68820140032 1090519043 4
68820140032 1090519105 4
68820140032 1090523137 3
68820140032 1090781185 2
68820140032 1224736769 5
68820140032 3238002689 3
68820140032 138529472513 4
100663296 68736253953 3
100925440 68736253955 4
100925440 68736254017 3
100925440 68736258049 4
100925440 68736778241 4
100925440 68870471681 3
100925440 69809995777 3
100925440 206175207425 3
33554432 16777280 4
100663296 16777281 2
100667392 16777283 4
100667392 16777409 5
100667392 16785473 4
100667392 17039425 5
100667392 150995009 2
100667392 1090519105 2
100667392 68736254017 4
100663296 16777408 4
234881024 16777409 4
234881024 16777664 4
234881024 16781504 4
234881024 17039552 4
234881024 285212864 1
234881024 1090519232 4
234881024 68736254144 4
100663296 16781376 3
100925440 16781377 2
100925440 16781504 1
100925440 16789568 3
100925440 17305664 3
100925440 150999104 2
100925440 1090523200 4
100925440 68736258112 2
100663296 17039424 2
100667392 17039425 5
100667392 17039552 4
100667392 17047616 3
100667392 17563712 4
100667392 151257152 3
100667392 1090781248 6
100667392 68736516160 5
100663296 150995008 3
100925440 150995009 3
100925440 150995136 1
100925440 150999104 3
100925440 151519296 3
100925440 419430464 3
100925440 1224736832 3
100925440 68870471744 5
100663296 1090519104 3
100925440 1090519105 5
100925440 1090519232 5
100925440 1090523200 5
100925440 1091043392 5
100925440 1224736832 3
100925440 3238002752 4
100925440 69809995840 4
100663296 68736254016 3
100925440 68736254017 4
100925440 68736254144 4
100925440 68736258112 3
100925440 68736778304 4
100925440 68870471744 3
100925440 69809995840 4
100925440 206175207488 4
33554432 16781312 3
33816576 16781313 3
34340864 16781315 3
34340864 16781377 2
34340864 16789505 3
34340864 17829889 2
34340864 83890177 3
34340864 1090523137 3
34340864 68736258049 3
33816576 16781376 2
33824768 16781377 3
33824768 16781504 1
33824768 16797760 3
33824768 17305664 3
33824768 83890240 2
33824768 1090523200 3
33824768 68736258112 3
33816576 16789504 2
33832960 16789505 3
33832960 16789568 2
33832960 16822272 3
33832960 17313792 3
33832960 83898368 3
33832960 1090531328 4
33832960 68736266240 1
33816576 17305600 4
100925440 17305601 4
100925440 17305664 4
100925440 17313792 3
100925440 18354176 4
100925440 151523328 3
100925440 1091047424 2
100925440 68736782336 3
33816576 83890176 3
34340864 83890177 3
34340864 83890240 2
34340864 83898368 2
34340864 84938752 2
34340864 218107904 3
34340864 1157632000 2
34340864 68803366912 3
33816576 1090523136 4
100925440 1090523137 5
100925440 1090523200 5
100925440 1090531328 4
100925440 1091047424 2
100925440 1224740864 3
100925440 3238006784 4
100925440 69809999872 3
33816576 68736258048 3
34340864 68736258049 5
34340864 68736258112 5
34340864 68736266240 3
34340864 68737306624 2
34340864 68803366912 3
34340864 69809999872 5
34340864 206175211520 3
33554432 17039360 2
33558528 17039361 2
33566720 17039363 2
33566720 17039425 3
33566720 17055745 3
33566720 17563649 2
33566720 84148225 3
33566720 1090781185 6
33566720 68736516097 5
33558528 17039424 3
34082816 17039425 2
34082816 17039552 3
34082816 17047616 3
34082816 18088000 2
34082816 84148288 6
34082816 1090781248 6
34082816 68736516160 5
33558528 17047552 2
33574912 17047553 4
33574912 17047616 6
33574912 17080320 4
33574912 17571840 3
33574912 84156416 4
33574912 1090789376 6
33574912 68736524288 5
33558528 17563648 3
34607104 17563649 3
34607104 17563712 5
34607104 17571840 2
34607104 19660800 5
34607104 84672512 3
34607104 1091305472 6
34607104 68737040384 5
33558528 84148224 4
167776256 84148225 2
167776256 84148288 3
167776256 84156416 2
167776256 84672512 3
167776256 352583680 2
167776256 1157890048 6
167776256 68803624960 5
33558528 1090781184 6
68753035264 1090781185 5
68753035264 1090781248 3
68753035264 1090789376 4
68753035264 1091305472 4
68753035264 1157890048 2
68753035264 3238264832 4
68753035264 138529734656 2
33558528 68736516096 5
1107300352 68736516097 5
1107300352 68736516160 3
1107300352 68736524288 2
1107300352 68737040384 3
1107300352 68803624960 5
1107300352 70883999744 4
1107300352 206175469568 4
33554432 83886080 3
33816576 83886081 3
34340864 83886083 3
34340864 83886145 1
34340864 83890177 3
34340864 84934657 4
34340864 218103809 4
34340864 1157627905 3
34340864 68803362817 3
33816576 83886144 3
34340864 83886145 3
34340864 83886272 1
34340864 83890240 1
34340864 84934720 1
34340864 218103872 1
34340864 1157627968 3
34340864 68803362880 4
33816576 83890176 3
34340864 83890177 3
34340864 83890240 1
34340864 83898368 3
34340864 84938752 2
34340864 218107904 3
34340864 1157632000 2
34340864 68803366912 3
33816576 84410368 3
34865152 84410369 3
34865152 84410432 3
34865152 84414464 3
34865152 86507520 3
34865152 218628096 5
34865152 1158152192 3
34865152 68803887104 3
33816576 218103808 3
34340864 218103809 4
34340864 218103872 4
34340864 218107904 3
34340864 219152384 4
34340864 486539264 5
34340864 1291845632 5
34340864 68937580544 3
33816576 1157627904 3
34340864 1157627905 3
34340864 1157627968 3
34340864 1157632000 2
34340864 1158676480 5
34340864 1291845632 3
34340864 3305111552 5
34340864 69877104640 4
33816576 68803362816 3
34340864 68803362817 6
34340864 68803362880 6
34340864 68803366912 3
34340864 68804411392 6
34340864 68937580544 6
34340864 69877104640 5
34340864 206242316288 1
33554432 1090519040 3
33816576 1090519041 3
34340864 1090519043 3
34340864 1090519105 3
34340864 1090523137 3
34340864 1091567617 4
34340864 1157627905 5
34340864 3238002689 3
34340864 69809995777 5
33816576 1090519104 3
34340864 1090519105 3
34340864 1090519232 3
34340864 1090523200 2
34340864 1091567680 5
34340864 1157627968 3
34340864 3238002752 3
34340864 69809995840 5
33816576 1090523136 4
100925440 1090523137 5
100925440 1090523200 4
100925440 1090531328 5
100925440 1091047424 2
100925440 1224740864 3
100925440 3238006784 4
100925440 69809999872 3
33816576 1091043328 3
34865152 1091043329 3
34865152 1091043392 3
34865152 1091047424 3
34865152 1093140480 4
34865152 1158152192 4
34865152 3238526976 3
34865152 69810520064 4
33816576 1157627904 3
34340864 1157627905 5
34340864 1157627968 3
34340864 1157632000 2
34340864 1158676480 5
34340864 1291845632 5
34340864 3305111552 5
34340864 69877104640 3
33816576 3238002688 5
4328783872 3238002689 6
4328783872 3238002752 5
4328783872 3238006784 5
4328783872 3238526976 3
4328783872 3305111552 5
4328783872 11827937280 3
4328783872 71957479424 6
33816576 69809995776 4
100925440 69809995777 4
100925440 69809995840 4
100925440 69809999872 3
100925440 69810520064 4
100925440 69944213504 3
100925440 71957479424 3
100925440 207248949248 3
33554432 68736253952 3
33816576 68736253953 3
34340864 68736253955 3
34340864 68736254017 3
34340864 68736258049 5
34340864 68737302529 4
34340864 68803362817 6
34340864 69809995777 2
34340864 206175207425 3
33816576 68736254016 3
34340864 68736254017 3
34340864 68736254144 3
34340864 68736258112 5
34340864 68737302592 3
34340864 68803362880 4
34340864 69809995840 5
34340864 206175207488 3
33816576 68736258048 3
34340864 68736258049 5
34340864 68736258112 5
34340864 68736266240 3
34340864 68737306624 2
34340864 68803366912 3
34340864 69809999872 5
34340864 206175211520 3
33816576 68736778240 3
34865152 68736778241 4
34865152 68736778304 4
34865152 68736782336 4
34865152 68738875392 4
34865152 68803887104 3
34865152 69810520064 3
34865152 206175731712 2
33816576 68803362816 3
34340864 68803362817 3
34340864 68803362880 4
34340864 68803366912 3
34340864 68804411392 6
34340864 68937580544 3
34340864 69877104640 6
34340864 206242316288 1
33816576 69809995776 4
100925440 69809995777 4
100925440 69809995840 4
100925440 69809999872 3
100925440 69810520064 4
100925440 69944213504 3
100925440 71957479424 4
100925440 207248949248 3
33816576 206175207424 4
100925440 206175207425 3
100925440 206175207488 3
100925440 206175211520 4
100925440 206175731712 4
100925440 206309425152 0
100925440 207248949248 3
100925440 481053114368 6
0 1073741824 4
16777216 1073741825 5
2164260864 1073741827 4
2197815296 1073741831 0
2197815296 1073741891 4
2197815296 1073745923 4
2197815296 1074003971 4
2197815296 1140850691 1
2197815296 5368709123 5
2197815296 69793218563 4
2164260864 1073741889 2
2164264960 1073741891 5
2164264960 1073742017 5
2164264960 1073750081 2
2164264960 1074004033 3
2164264960 1107296321 4
2164264960 5368709185 5
2164264960 69793218625 5
2164260864 1073745921 2
2164269056 1073745923 5
2164269056 1073745985 3
2164269056 1073762305 4
2164269056 1074008065 1
2164269056 1107300353 4
2164269056 5368713217 1
2164269056 69793222657 4
2164260864 1074003969 3
2164785152 1074003971 3
2164785152 1074004033 2
2164785152 1074008065 1
2164785152 1075052545 4
2164785152 1107558401 3
2164785152 5368971265 3
2164785152 69793480705 4
2164260864 1107296257 4
2231369728 1107296259 3
2231369728 1107296321 3
2231369728 1107300353 4
2231369728 1107558401 1
2231369728 1241513985 3
2231369728 5402263553 4
2231369728 69826772993 4
2164260864 5368709121 4
2197815296 5368709123 1
2197815296 5368709185 2
2197815296 5368713217 1
2197815296 5368971265 4
2197815296 5435817985 1
2197815296 13958643713 2
2197815296 74088185857 2
2164260864 69793218561 5
6459228160 69793218563 2
6459228160 69793218625 4
6459228160 69793222657 4
6459228160 69793480705 3
6459228160 69826772993 5
6459228160 78383153153 4
6459228160 207232172033 3
16777216 1073741888 0
16777217 1073741890 4
50331649 1073741894 1
50331649 1073742018 1
50331649 1073745986 1
50331649 1074004034 4
50331649 1140850754 4
50331649 3221225538 5
50331649 69793218626 6
16777217 1073742016 5
2164260865 1073742018 4
2164260865 1073742272 1
2164260865 1073746112 4
2164260865 1074004160 3
2164260865 1107296448 1
2164260865 5368709312 4
2164260865 69793218752 4
16777217 1073745984 4
50331649 1073745986 2
50331649 1073746112 4
50331649 1073754176 2
50331649 1074008128 3
50331649 1140854848 2
50331649 3221229632 1
50331649 69793222720 2
16777217 1074004032 3
17301505 1074004034 4
17301505 1074004160 4
17301505 1074008128 1
17301505 1075052608 4
17301505 1107558464 3
17301505 3221487680 3
17301505 69793480768 3
16777217 1107296320 4
83886081 1107296322 4
83886081 1107296448 4
83886081 1107300416 4
83886081 1107558464 3
83886081 1241514048 1
83886081 3254779968 1
83886081 69826773056 4
16777217 3221225536 5
4311744513 3221225538 4
4311744513 3221225664 1
4311744513 3221229632 1
4311744513 3221487680 3
4311744513 3254779968 5
4311744513 11811160128 1
4311744513 71940702272 4
16777217 69793218624 4
50331649 69793218626 4
50331649 69793218752 0
50331649 69793222720 2
50331649 69793480768 4
50331649 69860327488 5
50331649 71940702272 4
50331649 207232172096 4
16777216 1073745920 4
50331648 1073745921 1
50331712 1073745923 2
50331712 1073746049 5
50331712 1073754113 4
50331712 1074008065 3
50331712 1140854785 2
50331712 3221229569 4
50331712 69793222657 4
50331648 1073745984 2
50339840 1073745985 3
50339840 1073746112 0
50339840 1073762368 5
50339840 1074008128 0
50339840 1140854848 0
50339840 3221229632 4
50339840 69793222720 3
50331648 1073754112 2
50348032 1073754113 4
50348032 1073754176 0
50348032 1073786880 0
50348032 1074016256 5
50348032 1140862976 4
50348032 3221237760 5
50348032 69793230848 4
50331648 1074008064 5
2197815296 1074008065 1
2197815296 1074008128 0
2197815296 1074016256 2
2197815296 1074532352 4
2197815296 1141116928 3
2197815296 5368975360 3
2197815296 69793484800 3
50331648 1140854784 2
50339840 1140854785 1
50339840 1140854848 0
50339840 1140871168 1
50339840 1141116928 3
50339840 1275072512 5
50339840 3288338432 5
50339840 69860331520 4
50331648 3221229568 4
117440512 3221229569 4
117440512 3221229632 4
117440512 3221237760 4
117440512 3221491712 4
117440512 3355447296 2
117440512 7516196864 4
117440512 71940706304 4
50331648 69793222656 4
117440512 69793222657 4
117440512 69793222720 4
117440512 69793230848 4
117440512 69793484800 4
117440512 69927440384 5
117440512 71940706304 4
117440512 207232176128 4
16777216 1074003968 3
17301504 1074003969 3
18350080 1074003971 5
18350080 1074004033 2
18350080 1074008065 1
18350080 1076101121 1
18350080 1107558401 1
18350080 3221487617 5
18350080 69793480705 2
17301504 1074004032 3
18350080 1074004033 2
18350080 1074004160 3
18350080 1074008128 0
18350080 1076101184 2
18350080 1107558464 0
18350080 3221487680 3
18350080 69793480768 4
17301504 1074008064 3
18350080 1074008065 1
18350080 1074008128 0
18350080 1074016256 2
18350080 1076105216 4
18350080 1107562496 3
18350080 3221491712 5
18350080 69793484800 4
17301504 1075052544 4
50855936 1075052545 5
50855936 1075052608 5
50855936 1075056640 5
50855936 1077149696 4
50855936 1142161408 5
50855936 3222536192 4
50855936 69794529280 4
17301504 1107558400 3
18350080 1107558401 3
18350080 1107558464 3
18350080 1107562496 4
18350080 1109655552 4
18350080 1174667264 3
18350080 3255042048 3
18350080 69827035136 4
17301504 3221487616 3
18350080 3221487617 1
18350080 3221487680 3
18350080 3221491712 5
18350080 3223584768 6
18350080 3255042048 4
18350080 7516454912 5
18350080 71940964352 3
17301504 69793480704 3
18350080 69793480705 4
18350080 69793480768 2
18350080 69793484800 4
18350080 69795577856 5
18350080 69827035136 3
18350080 71940964352 3
18350080 207232434176 3
16777216 1107296256 4
83886080 1107296257 4
218103808 1107296259 4
218103808 1107296321 3
218103808 1107300353 2
218103808 1107558401 1
218103808 1375731713 5
218103808 3254779905 1
218103808 69826772993 3
83886080 1107296320 5
2231369728 1107296321 3
2231369728 1107296448 3
2231369728 1107300416 3
2231369728 1107558464 3
2231369728 1241514048 3
2231369728 5402263616 1
2231369728 69826773056 4
83886080 1107300352 4
218103808 1107300353 2
218103808 1107300416 0
218103808 1107308544 4
218103808 1107562496 5
218103808 1375735808 2
218103808 3254784000 2
218103808 69826777088 2
83886080 1107558400 1
83886144 1107558401 4
83886144 1107558528 4
83886144 1107562496 3
83886144 1108082688 3
83886144 1241776128 3
83886144 3255042048 3
83886144 69827035136 4
83886080 1241513984 5
2231369728 1241513985 5
2231369728 1241514048 6
2231369728 1241518080 2
2231369728 1241776128 1
2231369728 1509949440 5
2231369728 5536481280 6
2231369728 69960990720 5
83886080 3254779904 4
218103808 3254779905 3
218103808 3254779968 1
218103808 3254784000 2
218103808 3255042048 4
218103808 3523215360 3
218103808 7549747200 5
218103808 71974256640 6
83886080 69826772992 4
218103808 69826772993 5
218103808 69826773056 4
218103808 69826777088 4
218103808 69827035136 4
218103808 70095208448 1
218103808 71974256640 4
218103808 207265726464 5
16777216 3221225472 5
4311744512 3221225473 1
4311744576 3221225475 3
4311744576 3221225601 1
4311744576 3221229569 0
4311744576 3221487617 3
4311744576 3254779905 1
4311744576 11811160065 4
4311744576 71940702209 1
4311744512 3221225536 0
4311744513 3221225538 4
4311744513 3221225664 1
4311744513 3221229632 4
4311744513 3221487680 3
4311744513 3254779968 1
4311744513 11811160128 1
4311744513 71940702272 5
4311744512 3221229568 4
4345298944 3221229569 4
4345298944 3221229632 4
4345298944 3221237760 2
4345298944 3221491712 3
4345298944 3288338432 5
4345298944 11811164160 4
4345298944 71940706304 4
4311744512 3221487616 4
4345298944 3221487617 4
4345298944 3221487680 4
4345298944 3221491712 3
4345298944 3222011904 4
4345298944 3288596480 4
4345298944 11811422208 0
4345298944 71940964352 4
4311744512 3254779904 4
4378853376 3254779905 4
4378853376 3254779968 2
4378853376 3254784000 4
4378853376 3255042048 3
4378853376 3388997632 4
4378853376 11844714496 4
4378853376 71974256640 6
4311744512 11811160064 4
4345298944 11811160065 4
4345298944 11811160128 4
4345298944 11811164160 4
4345298944 11811422208 4
4345298944 11878268928 5
4345298944 28991029248 4
4345298944 80530636800 3
4311744512 71940702208 0
4311744513 71940702210 4
4311744513 71940702272 1
4311744513 71940706304 2
4311744513 71940964352 3
4311744513 71974256640 0
4311744513 80530636800 4
4311744513 209379655680 4
16777216 69793218560 4
50331648 69793218561 4
117440512 69793218563 4
117440512 69793218625 4
117440512 69793222657 4
117440512 69793480705 4
117440512 69927436289 2
117440512 71940702209 4
117440512 207232172033 4
50331648 69793218624 6
137489285120 69793218625 4
137489285120 69793218752 4
137489285120 69793222720 0
137489285120 69793480768 3
137489285120 69860327488 5
137489285120 71940702272 4
137489285120 344671125568 4
50331648 69793222656 1
50331712 69793222657 0
50331712 69793222784 5
50331712 69793230848 4
50331712 69793484800 3
50331712 69860331520 5
50331712 71940706304 4
50331712 207232176128 4
50331648 69793480704 4
117440512 69793480705 4
117440512 69793480768 4
117440512 69793484800 4
117440512 69794004992 4
117440512 69927698432 3
117440512 71940964352 4
117440512 207232434176 4
50331648 69860327424 4
184549376 69860327425 5
184549376 69860327488 0
184549376 69860331520 5
184549376 69860589568 5
184549376 70128762880 5
184549376 72007811072 5
184549376 207299280896 3
50331648 71940702208 4
117440512 71940702209 4
117440512 71940702272 4
117440512 71940706304 4
117440512 71940964352 4
117440512 72074919936 6
117440512 76235669504 4
117440512 209379655680 4
50331648 207232172032 4
117440512 207232172033 4
117440512 207232172096 4
117440512 207232176128 4
117440512 207232434176 4
117440512 207366389760 1
117440512 209379655680 4
117440512 482110078976 4
0 68719476736 5
1073741824 68719476737 1
1073741888 68719476739 0
1073741892 68719476747 1
1073741892 68719476867 5
1073741892 68719480835 2
1073741892 68719738883 3
1073741892 68736253955 4
1073741892 70866960387 5
1073741892 206158430211 6
1073741888 68719476865 1
1073742144 68719476867 5
1073742144 68719477377 5
1073742144 68719480961 1
1073742144 68719739009 3
1073742144 68736254081 1
1073742144 70866960513 5
1073742144 206158430337 6
1073741888 68719480833 2
1073750080 68719480835 2
1073750080 68719480961 2
1073750080 68719497217 2
1073750080 68719742977 1
1073750080 68736258049 4
1073750080 70866964481 1
1073750080 206158434305 2
1073741888 68719738881 3
1074266176 68719738883 3
1074266176 68719739009 1
1074266176 68719742977 2
1074266176 68720787457 3
1074266176 68736516097 4
1074266176 70867222529 5
1074266176 206158692353 3
1073741888 68736253953 4
1107296320 68736253955 4
1107296320 68736254081 5
1107296320 68736258049 2
1107296320 68736516097 5
1107296320 68803362817 6
1107296320 70883737601 4
1107296320 206175207425 4
1073741888 70866960385 5
5368709184 70866960387 5
5368709184 70866960513 1
5368709184 70866964481 0
5368709184 70867222529 3
5368709184 70883737601 5
5368709184 79456894977 1
5368709184 208305913857 1
1073741888 206158430209 1
1073742016 206158430211 1
1073742016 206158430465 4
1073742016 206158434305 1
1073742016 206158692353 5
1073742016 206175207425 1
1073742016 208305913857 5
1073742016 481036337153 6
1073741824 68719476800 2
1073745920 68719476801 5
3221229568 68719476803 5
3221229568 68719476929 3
3221229568 68719484993 6
3221229568 68719738945 5
3221229568 68736254017 5
3221229568 73014444097 5
3221229568 206158430273 3
1073745920 68719476928 5
3221229568 68719476929 3
3221229568 68719477184 1
3221229568 68719485120 6
3221229568 68719739072 3
3221229568 68736254144 5
3221229568 73014444224 6
3221229568 206158430400 2
1073745920 68719484992 5
3221229568 68719484993 6
3221229568 68719485120 5
3221229568 68719501376 5
3221229568 68719747136 6
3221229568 68736262208 5
3221229568 73014452288 6
3221229568 206158438464 5
1073745920 68719738944 3
1074270208 68719738945 3
1074270208 68719739072 3
1074270208 68719747136 3
1074270208 68720787520 2
1074270208 68736516160 3
1074270208 70867222592 1
1074270208 206158692416 2
1073745920 68736254016 2
1073754112 68736254017 2
1073754112 68736254144 2
1073754112 68736270400 4
1073754112 68736516160 4
1073754112 68769808448 2
1073754112 70883737664 1
1073754112 206175207488 2
1073745920 70866960448 2
1073754112 70866960449 2
1073754112 70866960576 3
1073754112 70866976832 1
1073754112 70867222592 3
1073754112 70883737664 4
1073754112 75161927744 2
1073754112 208305913920 2
1073745920 206158430272 4
1090523136 206158430273 5
1090523136 206158430400 5
1090523136 206158438464 5
1090523136 206158692416 3
1090523136 206191984704 5
1090523136 208305913920 5
1090523136 481036337216 5
1073741824 68719480832 1
1073741888 68719480833 2
1073750080 68719480835 2
1073750080 68719480961 2
1073750080 68719497217 2
1073750080 68719742977 3
1073750080 68736258049 4
1073750080 70866964481 1
1073750080 206158434305 2
1073741888 68719480960 1
1073742144 68719480961 2
1073742144 68719481472 5
1073742144 68719489152 2
1073742144 68719743104 3
1073742144 68736258176 5
1073742144 70866964608 5
1073742144 206158434432 1
1073741888 68719489024 2
1073758272 68719489025 2
1073758272 68719489152 2
1073758272 68719521792 4
1073758272 68719751168 2
1073758272 68736266240 2
1073758272 70866972672 2
1073758272 206158442496 2
1073741888 68719742976 3
1074266176 68719742977 2
1074266176 68719743104 5
1074266176 68719751168 2
1074266176 68720791552 2
1074266176 68736520192 4
1074266176 70867226624 3
1074266176 206158696448 3
1073741888 68736258048 4
1107296320 68736258049 2
1107296320 68736258176 2
1107296320 68736266240 4
1107296320 68736520192 2
1107296320 68803366912 2
1107296320 70883741696 4
1107296320 206175211520 2
1073741888 70866964480 5
5368709184 70866964481 2
5368709184 70866964608 1
5368709184 70866972672 2
5368709184 70867226624 3
5368709184 70883741696 5
5368709184 79456899072 1
5368709184 208305917952 1
1073741888 206158434304 2
1073750080 206158434305 2
1073750080 206158434432 2
1073750080 206158450688 1
1073750080 206158696448 3
1073750080 206175211520 4
1073750080 208305917952 1
1073750080 481036341248 6
1073741824 68719738880 3
1074266112 68719738881 3
1075314688 68719738883 3
1075314688 68719738945 2
1075314688 68719742977 1
1075314688 68721836033 5
1075314688 68736516097 0
1075314688 70867222529 3
1075314688 206158692353 2
1074266112 68719738944 2
1074270208 68719738945 3
1074270208 68719739072 3
1074270208 68719747136 3
1074270208 68720787520 2
1074270208 68736516160 3
1074270208 70867222592 1
1074270208 206158692416 2
1074266112 68719742976 1
1074266176 68719742977 2
1074266176 68719743104 2
1074266176 68719751168 2
1074266176 68720791552 3
1074266176 68736520192 4
1074266176 70867226624 1
1074266176 206158696448 2
1074266112 68720787456 3
1076363264 68720787457 1
1076363264 68720787520 2
1076363264 68720791552 1
1076363264 68724981760 2
1076363264 68737564672 5
1076363264 70868271104 5
1076363264 206159740928 6
1074266112 68736516096 4
1107820544 68736516097 4
1107820544 68736516160 2
1107820544 68736520192 1
1107820544 68737564672 4
1107820544 68803624960 5
1107820544 70883999744 3
1107820544 206175469568 3
1074266112 70867222528 3
1075314688 70867222529 3
1075314688 70867222592 2
1075314688 70867226624 3
1075314688 70869319680 2
1075314688 70883999744 3
1075314688 75162189824 3
1075314688 208306176000 3
1074266112 206158692352 3
1075314688 206158692353 3
1075314688 206158692416 3
1075314688 206158696448 3
1075314688 206160789504 2
1075314688 206175469568 3
1075314688 208306176000 3
1075314688 481036599296 6
1073741824 68736253952 4
1107296256 68736253953 4
1174405120 68736253955 5
1174405120 68736254017 0
1174405120 68736258049 4
1174405120 68736516097 4
1174405120 68870471681 3
1174405120 70883737601 5
1174405120 206175207425 4
1107296256 68736254016 3
1107558400 68736254017 3
1107558400 68736254144 3
1107558400 68736258112 3
1107558400 68736778304 3
1107558400 68803362880 3
1107558400 70883737664 5
1107558400 206175207488 4
1107296256 68736258048 2
1107304448 68736258049 1
1107304448 68736258112 3
1107304448 68736274432 5
1107304448 68736520192 1
1107304448 68803366912 1
1107304448 70883741696 4
1107304448 206175211520 1
1107296256 68736516096 4
1174405120 68736516097 3
1174405120 68736516160 2
1174405120 68736520192 1
1174405120 68737040384 4
1174405120 68870733824 5
1174405120 70883999744 4
1174405120 206175469568 4
1107296256 68803362816 5
3254779904 68803362817 5
3254779904 68803362880 5
3254779904 68803366912 5
3254779904 68803624960 3
3254779904 68937580544 5
3254779904 73098330112 2
3254779904 206242316288 5
1107296256 70883737600 4
1174405120 70883737601 5
1174405120 70883737664 4
1174405120 70883741696 4
1174405120 70883999744 1
1174405120 71017955328 1
1174405120 75178704896 4
1174405120 208322691072 5
1107296256 206175207424 4
1174405120 206175207425 4
1174405120 206175207488 4
1174405120 206175211520 2
1174405120 206175469568 4
1174405120 206309425152 3
1174405120 208322691072 5
1174405120 481053114368 6
1073741824 70866960384 5
5368709120 70866960385 2
5368713216 70866960387 5
5368713216 70866960449 2
5368713216 70866968577 5
5368713216 70867222529 3
5368713216 70883737601 2
5368713216 79456894977 2
5368713216 208305913857 5
5368709120 70866960448 2
5368713216 70866960449 2
5368713216 70866960576 1
5368713216 70866968640 5
5368713216 70867222592 3
5368713216 70883737664 5
5368713216 79456895040 2
5368713216 208305913920 3
5368709120 70866964480 1
5368709184 70866964481 2
5368709184 70866964608 1
5368709184 70866972672 5
5368709184 70867226624 3
5368709184 70883741696 1
5368709184 79456899072 1
5368709184 208305917952 2
5368709120 70867222528 3
5369233408 70867222529 2
5369233408 70867222592 2
5369233408 70867226624 1
5369233408 70868271104 3
5369233408 70883999744 2
5369233408 79457157120 3
5369233408 208306176000 3
5368709120 70883737600 2
5368713216 70883737601 0
5368713216 70883737664 5
5368713216 70883745792 5
5368713216 70883999744 3
5368713216 70917292032 4
5368713216 79473672192 2
5368713216 208322691072 5
5368709120 79456894976 2
5368713216 79456894977 2
5368713216 79456895040 2
5368713216 79456903168 2
5368713216 79457157120 3
5368713216 79473672192 2
5368713216 96636764160 3
5368713216 216895848448 3
5368709120 208305913856 2
5368713216 208305913857 3
5368713216 208305913920 2
5368713216 208305922048 3
5368713216 208306176000 3
5368713216 208322691072 5
5368713216 216895848448 3
5368713216 483183820800 6
1073741824 206158430208 3
1074003968 206158430209 3
1074528256 206158430211 2
1074528256 206158430273 2
1074528256 206158434305 3
1074528256 206159478785 4
1074528256 206175207425 3
1074528256 208305913857 2
1074528256 481036337153 6
1074003968 206158430272 3
1074528256 206158430273 2
1074528256 206158430400 4
1074528256 206158434368 3
1074528256 206159478848 5
1074528256 206175207488 3
1074528256 208305913920 2
1074528256 481036337216 6
1074003968 206158434304 2
1074012160 206158434305 3
1074012160 206158434368 3
1074012160 206158450688 3
1074012160 206158958592 3
1074012160 206175211520 4
1074012160 208305917952 3
1074012160 481036341248 6
1074003968 206158954496 3
1075052544 206158954497 2
1075052544 206158954560 3
1075052544 206158958592 3
1075052544 206161051648 2
1075052544 206175731712 4
1075052544 208306438144 3
1075052544 481036861440 6
1074003968 206175207424 6
275951910912 206175207425 4
275951910912 206175207488 3
275951910912 206175211520 3
275951910912 206175731712 3
275951910912 206208761856 3
275951910912 208322691072 3
275951910912 755931021312 3
1074003968 208305913856 3
1074528256 208305913857 3
1074528256 208305913920 2
1074528256 208305917952 3
1074528256 208306962432 2
1074528256 208322691072 5
1074528256 212600881152 2
1074528256 483183820800 6
1074003968 481036337152 6
550829817856 481036337153 2
550829817856 481036337216 3
550829817856 481036341248 3
550829817856 481036861440 3
550829817856 481053114368 4
550829817856 483183820800 5
550829817856 1580547964928 2
0 1073741824 4
16777216 1073741825 4
50331648 1073741827 4
117440512 1073741831 4
117440512 1073741891 4
117440512 1073745923 4
117440512 1074003971 4
117440512 1207959555 2
117444608 1207959559 0
117444608 1207959619 2
117444608 1207967747 1
117444608 1208221699 2
117444608 1476395011 1
117444608 3355443203 3
117444608 69927436291 1
117440512 3221225475 4
117440512 69793218563 4
50331648 1073741889 3
50593792 1073741891 4
117702656 1073741895 4
117702656 1073742019 4
117702656 1073745987 4
117702656 1074266179 4
117702656 1207959619 3
117702656 3221225539 4
117702656 69793218627 4
50593792 1073742017 4
117702656 1073742019 4
117702656 1073742273 4
117702656 1073746113 4
117702656 1074266305 4
117702656 1207959745 3
117702656 3221225665 4
117702656 69793218753 4
50593792 1073745985 3
51118080 1073745987 2
51118080 1073746113 2
51118080 1073754177 3
51118080 1074794561 2
51118080 1140854849 2
51118080 3221229633 2
51118080 69793222721 2
50593792 1074266177 3
51642368 1074266179 4
51642368 1074266305 4
51642368 1074270273 4
51642368 1076363329 4
51642368 1141375041 3
51642368 3221749825 4
51642368 69793742913 4
50593792 1140850753 3
51118080 1140850755 3
51118080 1140850881 5
51118080 1140854849 2
51118080 1141899329 5
51118080 1275068481 3
51118080 3288334401 5
51118080 69860327489 5
50593792 3221225537 4
117702656 3221225539 4
117702656 3221225665 4
117702656 3221229633 4
117702656 3221749825 4
117702656 3355443265 5
117702656 7516192833 4
117702656 71940702273 4
50593792 69793218625 4
117702656 69793218627 4
117702656 69793218753 4
117702656 69793222721 4
117702656 69793742913 4
117702656 69927436353 1
117702656 71940702273 4
117702656 207232172097 4
50331648 1073745921 2
50339840 1073745923 3
50601984 1073745927 0
50601984 1073745987 3
50601984 1073762307 4
50601984 1074270211 4
50601984 1140854787 3
50601984 3221229571 4
50601984 69793222659 3
50339840 1073745985 3
50601984 1073745987 3
50601984 1073746113 4
50601984 1073762369 3
50601984 1074270273 4
50601984 1140854849 3
50601984 3221229633 3
50601984 69793222721 3
50339840 1073762305 1
50339904 1073762307 4
50339904 1073762433 4
50339904 1073795073 4
50339904 1074024449 3
50339904 1140871169 4
50339904 3221245953 4
50339904 69793239041 5
50339840 1074008065 1
50339904 1074008067 3
50339904 1074008193 5
50339904 1074024449 3
50339904 1074532353 3
50339904 1141116929 3
50339904 3221491713 1
50339904 69793484801 3
50339840 1140854785 1
50339904 1140854787 4
50339904 1140854913 2
50339904 1140871169 4
50339904 1141116929 3
50339904 1275072513 4
50339904 3288338433 1
50339904 69860331521 4
50339840 3221229569 1
50339904 3221229571 4
50339904 3221229697 2
50339904 3221245953 4
50339904 3221491713 1
50339904 3288338433 1
50339904 7516196865 5
50339904 71940706305 4
50339840 69793222657 4
117448704 69793222659 4
117448704 69793222721 4
117448704 69793239041 4
117448704 69793484801 4
117448704 69927440385 2
117448704 71940706305 4
117448704 207232176129 4
50331648 1074003969 3
50855936 1074003971 4
117964800 1074003975 4
117964800 1074004035 4
117964800 1074008067 4
117964800 1075052547 4
117964800 1208221699 5
117964800 3221487619 4
117964800 69793480707 4
50855936 1074004033 2
50860032 1074004035 2
50860032 1074004161 2
50860032 1074012225 4
50860032 1075052609 2
50860032 1141112897 2
50860032 3221487681 4
50860032 69793480769 5
50855936 1074008065 1
50856000 1074008067 2
50856000 1074008193 4
50856000 1074016257 2
50856000 1075056641 2
50856000 1141116929 2
50856000 3221491713 1
50856000 69793484801 2
50855936 1075052545 5
2198339584 1075052547 4
2198339584 1075052609 2
2198339584 1075056641 5
2198339584 1077149697 4
2198339584 1142161409 1
2198339584 5370019841 2
2198339584 69794529281 5
50855936 1141112833 5
2198339584 1141112835 3
2198339584 1141112897 2
2198339584 1141116929 5
2198339584 1142161409 1
2198339584 1275330561 1
2198339584 5436080129 1
2198339584 69860589569 5
50855936 3221487617 4
117964800 3221487619 4
117964800 3221487681 4
117964800 3221491713 4
117964800 3222536193 4
117964800 3355705345 2
117964800 7516454913 4
117964800 71940964353 4
50855936 69793480705 4
117964800 69793480707 4
117964800 69793480769 4
117964800 69793484801 4
117964800 69794529281 4
117964800 69927698433 5
117964800 71940964353 4
117964800 207232434177 4
50331648 1140850689 4
184549376 1140850691 3
184811520 1140850695 0
184811520 1140850755 3
184811520 1140854787 3
184811520 1141374979 3
184811520 1409286147 1
184811520 3288334339 1
184811520 69860327427 1
184549376 1140850753 2
184553472 1140850755 2
184553472 1140850881 1
184553472 1140858945 2
184553472 1141112897 3
184553472 1409286209 2
184553472 3288334401 5
184553472 69860327489 2
184549376 1140854785 1
184549440 1140854787 2
184549440 1140854913 5
184549440 1140862977 2
184549440 1141116929 2
184549440 1409290241 2
184549440 3288338433 1
184549440 69860331521 2
184549376 1141112833 3
185073664 1141112835 5
185073664 1141112897 2
185073664 1141116929 1
185073664 1142161409 5
185073664 1409548289 5
185073664 3288596481 5
185073664 69860589569 3
184549376 1409286145 5
2332033024 1409286147 1
2332033024 1409286209 2
2332033024 1409290241 1
2332033024 1409548289 3
2332033024 1946157057 1
2332033024 5704253441 5
2332033024 70128762881 5
184549376 3288334337 5
4479516672 3288334339 3
4479516672 3288334401 1
4479516672 3288338433 5
4479516672 3288596481 2
4479516672 3556769793 5
4479516672 11878268929 1
4479516672 72007811073 4
184549376 69860327425 3
184811520 69860327427 1
184811520 69860327489 3
184811520 69860331521 2
184811520 69860851713 1
184811520 70128762881 1
184811520 72007811073 1
184811520 207299280897 1
50331648 3221225473 4
117440512 3221225475 4
117440512 3221225537 4
117440512 3221229569 4
117440512 3221487617 4
117440512 3355443201 1
117440576 3355443203 3
117440576 3355443329 3
117440576 3355447297 1
117440576 3355705345 3
117440576 3623878657 5
117440576 7650410497 5
117440576 72074919937 5
117440512 7516192769 4
117440512 71940702209 4
50331648 69793218561 2
50335744 69793218563 3
50597888 69793218567 4
50597888 69793218627 4
50597888 69793226755 4
50597888 69793742851 4
50597888 69860327427 4
50597888 71940702211 4
50597888 207232172035 4
50335744 69793218625 2
50343936 69793218627 4
50343936 69793218753 2
50343936 69793235009 2
50343936 69793480769 3
50343936 69860327489 4
50343936 71940702273 2
50343936 207232172097 4
50335744 69793226753 4
117444608 69793226755 4
117444608 69793226817 4
117444608 69793243137 4
117444608 69793488897 4
117444608 69927444481 1
117444608 71940710401 4
117444608 207232180225 4
50335744 69793480705 4
117444608 69793480707 4
117444608 69793480769 4
117444608 69793488897 4
117444608 69794004993 4
117444608 69927698433 3
117444608 71940964353 4
117444608 207232434177 4
50335744 69860327425 5
2197819392 69860327427 1
2197819392 69860327489 5
2197819392 69860335617 6
2197819392 69860589569 3
2197819392 69994545153 3
2197819392 74155294721 3
2197819392 207299280897 3
50335744 71940702209 4
117444608 71940702211 4
117444608 71940702273 4
117444608 71940710401 4
117444608 71940964353 4
117444608 72074919937 5
117444608 76235669505 4
117444608 209379655681 4
50335744 207232172033 3
50597888 207232172035 4
50597888 207232172097 3
50597888 207232180225 4
50597888 207232696321 4
50597888 207299280897 4
50597888 209379655681 4
50597888 482110078977 4
16777216 1073741888 4
50331648 1073741889 3
50593792 1073741891 4
117702656 1073741895 4
117702656 1073742019 4
117702656 1073745987 4
117702656 1074266179 4
117702656 1207959619 3
117702656 3221225539 4
117702656 69793218627 4
50593792 1073742017 4
117702656 1073742019 4
117702656 1073742273 4
117702656 1073746113 4
117702656 1074266305 4
117702656 1207959745 3
117702656 3221225665 4
117702656 69793218753 4
50593792 1073745985 4
117702656 1073745987 4
117702656 1073746113 4
117702656 1073754177 4
117702656 1074270273 4
117702656 1207963713 3
117702656 3221229633 4
117702656 69793222721 4
50593792 1074266177 4
117702656 1074266179 4
117702656 1074266305 4
117702656 1074270273 4
117702656 1075314753 4
117702656 1208483905 3
117702656 3221749825 4
117702656 69793742913 4
50593792 1140850753 3
51118080 1140850755 3
51118080 1140850881 3
51118080 1140854849 2
51118080 1141899329 5
51118080 1275068481 3
51118080 3288334401 5
51118080 69860327489 3
50593792 3221225537 4
117702656 3221225539 4
117702656 3221225665 4
117702656 3221229633 4
117702656 3221749825 4
117702656 3355443265 5
117702656 7516192833 4
117702656 71940702273 4
50593792 69793218625 4
117702656 69793218627 4
117702656 69793218753 4
117702656 69793222721 4
117702656 69793742913 4
117702656 69927436353 1
117702656 71940702273 4
117702656 207232172097 4
50331648 1073742016 5
2197815296 1073742017 2
2197819392 1073742019 5
2197819392 1073742273 1
2197819392 1073750209 1
2197819392 1074004161 2
2197819392 1140850881 2
2197819392 5368709313 5
2197819392 69793218753 4
2197815296 1073742272 1
2197815808 1073742273 4
2197815808 1073743296 4
2197815808 1073746368 3
2197815808 1074004416 3
2197815808 1140851136 5
2197815808 5368709568 6
2197815808 69793219008 4
2197815296 1073746112 3
2198077440 1073746113 4
2198077440 1073746368 1
2198077440 1073754304 2
2198077440 1074270400 4
2198077440 1140854976 3
2198077440 5368713408 4
2198077440 69793222848 3
2197815296 1074004160 4
2264924160 1074004161 4
2264924160 1074004416 4
2264924160 1074008256 4
2264924160 1074528448 4
2264924160 1208221888 3
2264924160 5368971456 4
2264924160 69793480896 4
2197815296 1140850880 4
2332033024 1140850881 2
2332033024 1140851136 1
2332033024 1140854976 0
2332033024 1141113024 3
2332033024 1409286336 5
2332033024 5435818176 1
2332033024 69860327616 1
2197815296 5368709312 1
2197815552 5368709313 4
2197815552 5368709824 4
2197815552 5368713408 3
2197815552 5368971456 3
2197815552 5435818176 0
2197815552 13958643904 3
2197815552 74088186048 4
2197815296 69793218752 4
2264924160 69793218753 4
2264924160 69793219008 4
2264924160 69793222848 4
2264924160 69793480896 4
2264924160 69927436480 5
2264924160 74088186048 4
2264924160 207232172224 4
50331648 1073745984 2
50339840 1073745985 3
50601984 1073745987 3
50601984 1073746113 4
50601984 1073762369 3
50601984 1074270273 4
50601984 1140854849 3
50601984 3221229633 4
50601984 69793222721 3
50339840 1073746112 0
50339841 1073746114 1
50339841 1073746368 1
50339841 1073762496 5
50339841 1074008256 3
50339841 1140854976 5
50339841 3221229760 4
50339841 69793222848 1
50339840 1073762368 5
2197823488 1073762369 3
2197823488 1073762496 4
2197823488 1073795136 4
2197823488 1074024512 5
2197823488 1140871232 0
2197823488 5368729664 0
2197823488 69793239104 4
50339840 1074008128 0
50339841 1074008130 3
50339841 1074008256 3
50339841 1074024512 3
50339841 1074532416 4
50339841 1141116992 3
50339841 3221491776 3
50339841 69793484864 3
50339840 1140854848 0
50339841 1140854850 2
50339841 1140854976 5
50339841 1140871232 6
50339841 1141116992 3
50339841 1275072576 2
50339841 3288338496 1
50339841 69860331584 2
50339840 3221229632 0
50339841 3221229634 4
50339841 3221229760 4
50339841 3221246016 4
50339841 3221491776 3
50339841 3288338496 1
50339841 7516196928 5
50339841 71940706368 4
50339840 69793222720 4
117448704 69793222721 4
117448704 69793222848 4
117448704 69793239104 4
117448704 69793484864 4
117448704 69927440448 2
117448704 71940706368 4
117448704 207232176192 4
50331648 1074004032 3
50855936 1074004033 2
50860032 1074004035 2
50860032 1074004161 4
50860032 1074012225 4
50860032 1075052609 2
50860032 1141112897 2
50860032 3221487681 4
50860032 69793480769 5
50855936 1074004160 4
117964800 1074004161 4
117964800 1074004416 4
117964800 1074008256 4
117964800 1075052736 4
117964800 1208221888 5
117964800 3221487808 4
117964800 69793480896 4
50855936 1074008128 0
50855937 1074008130 2
50855937 1074008256 5
50855937 1074016320 2
50855937 1075056704 2
50855937 1141116992 2
50855937 3221491776 1
50855937 69793484864 5
50855936 1075052608 5
2198339584 1075052609 2
2198339584 1075052736 6
2198339584 1075056704 5
2198339584 1077149760 4
2198339584 1142161472 0
2198339584 5370019904 6
2198339584 69794529344 5
50855936 1141112896 3
51904512 1141112897 2
51904512 1141113024 5
51904512 1141116992 0
51904512 1143210048 5
51904512 1275330624 0
51904512 3288596544 3
51904512 69860589632 6
50855936 3221487680 3
51904512 3221487681 2
51904512 3221487808 3
51904512 3221491776 0
51904512 3223584832 4
51904512 3288596544 3
51904512 7516454976 5
51904512 71940964416 4
50855936 69793480768 2
50860032 69793480769 2
50860032 69793480896 5
50860032 69793488960 4
50860032 69794529344 5
50860032 69860589632 5
50860032 71940964416 2
50860032 207232434240 2
50331648 1140850752 4
184549376 1140850753 2
184553472 1140850755 2
184553472 1140850881 1
184553472 1140858945 2
184553472 1141112897 3
184553472 1409286209 2
184553472 3288334401 5
184553472 69860327489 2
184549376 1140850880 1
184549632 1140850881 2
184549632 1140851392 5
184549632 1140854976 0
184549632 1141113024 3
184549632 1409286336 5
184549632 3288334528 5
184549632 69860327616 5
184549376 1140854848 0
184549377 1140854850 2
184549377 1140854976 1
184549377 1140863040 2
184549377 1141116992 3
184549377 1409290304 0
184549377 3288338496 5
184549377 69860331584 0
184549376 1141112896 3
185073664 1141112897 2
185073664 1141113024 5
185073664 1141116992 0
185073664 1142161472 5
185073664 1409548352 0
185073664 3288596544 5
185073664 69860589632 5
184549376 1409286208 5
2332033024 1409286209 2
2332033024 1409286336 5
2332033024 1409290304 0
2332033024 1409548352 3
2332033024 1946157120 1
2332033024 5704253504 5
2332033024 70128762944 5
184549376 3288334400 5
4479516672 3288334401 3
4479516672 3288334528 1
4479516672 3288338496 3
4479516672 3288596544 3
4479516672 3556769856 0
4479516672 11878268992 2
4479516672 72007811136 3
184549376 69860327488 2
184553472 69860327489 2
184553472 69860327616 2
184553472 69860335680 2
184553472 69860589632 3
184553472 70128762944 2
184553472 72007811136 2
184553472 207299280960 2
50331648 3221225536 4
117440512 3221225537 4
117440512 3221225664 4
117440512 3221229632 4
117440512 3221487680 4
117440512 3355443264 5
4412407808 3355443265 5
4412407808 3355443392 5
4412407808 3355447360 5
4412407808 3355705408 5
4412407808 3623878720 1
4412407808 11945377856 3
4412407808 72074920000 5
117440512 7516192832 4
117440512 71940702272 4
50331648 69793218624 4
117440512 69793218625 4
117440512 69793218752 4
117440512 69793222720 4
117440512 69793480768 4
117440512 69927436352 1
117440640 69927436353 3
117440640 69927436608 0
117440640 69927440448 1
117440640 69927698496 3
117440640 70195871808 1
117440640 72074920000 5
117440640 207366389824 3
117440512 71940702272 4
117440512 207232172096 4
16777216 1073745920 4
50331648 1073745921 4
117440512 1073745923 4
117440512 1073745985 4
117440512 1073754113 4
117440512 1074008065 4
117440512 1207963649 2
117448704 1207963651 3
117448704 1207963713 3
117448704 1207980033 1
117448704 1208225793 1
117448704 1476399105 2
117448704 3355447297 1
117448704 69927440385 3
117440512 3221229569 4
117440512 69793222657 4
50331648 1073745984 0
50331649 1073745986 6
68769808385 1073745990 4
68769808385 1073746114 5
68769808385 1073754178 2
68769808385 1074008130 3
68769808385 1140854850 5
68769808385 3221229634 1
68769808385 138512699458 4
50331649 1073746112 4
117440513 1073746114 4
117440513 1073746368 4
117440513 1073754304 4
117440513 1074008256 4
117440513 1207963840 2
117440513 3221229760 4
117440513 69793222848 4
50331649 1073754176 2
50348033 1073754178 2
50348033 1073754304 5
50348033 1073786944 5
50348033 1074016320 5
50348033 1140863040 4
50348033 3221237824 5
50348033 69793230912 1
50331649 1074008128 3
50855937 1074008130 2
50855937 1074008256 5
50855937 1074016320 2
50855937 1075056704 2
50855937 1141116992 2
50855937 3221491776 1
50855937 69793484864 5
50331649 1140854848 2
50339841 1140854850 2
50339841 1140854976 5
50339841 1140871232 5
50339841 1141116992 3
50339841 1275072576 0
50339841 3288338496 1
50339841 69860331584 2
50331649 3221229632 1
50331777 3221229634 5
50331777 3221229888 5
50331777 3221237824 2
50331777 3221491776 3
50331777 3288338496 2
50331777 7516196928 5
50331777 71940706368 1
50331649 69793222720 2
50339841 69793222722 3
50339841 69793222848 1
50339841 69793239104 2
50339841 69793484864 3
50339841 69860331584 2
50339841 71940706368 4
50339841 207232176192 4
50331648 1073754112 2
50348032 1073754113 1
50348096 1073754115 4
50348096 1073754241 4
50348096 1073786881 4
50348096 1074016257 4
50348096 1140862977 4
50348096 3221237761 2
50348096 69793230849 4
50348032 1073754176 0
50348033 1073754178 2
50348033 1073754304 5
50348033 1073786944 2
50348033 1074016320 5
50348033 1140863040 4
50348033 3221237824 5
50348033 69793230912 0
50348032 1073786880 0
50348033 1073786882 4
50348033 1073786944 5
50348033 1073852416 4
50348033 1074049024 3
50348033 1140895744 4
50348033 3221270528 5
50348033 69793263616 6
50348032 1074016256 5
2197831680 1074016257 1
2197831680 1074016320 0
2197831680 1074049024 4
2197831680 1074540544 4
2197831680 1141125120 3
2197831680 5368983552 3
2197831680 69793492992 4
50348032 1140862976 4
184565760 1140862977 1
184565760 1140863040 0
184565760 1140895744 4
184565760 1141125120 3
184565760 1409298432 0
184565760 3288346624 2
184565760 69860339712 1
50348032 3221237760 5
4345315328 3221237761 4
4345315328 3221237824 4
4345315328 3221270528 4
4345315328 3221499904 4
4345315328 3288346624 4
4345315328 11811172352 5
4345315328 71940714496 4
50348032 69793230848 4
117456896 69793230849 4
117456896 69793230912 4
117456896 69793263616 4
117456896 69793492992 4
117456896 69927448576 1
117456896 71940714496 4
117456896 207232184320 4
50331648 1074008064 3
50855936 1074008065 1
50856000 1074008067 2
50856000 1074008193 4
50856000 1074016257 2
50856000 1075056641 2
50856000 1141116929 2
50856000 3221491713 1
50856000 69793484801 2
50855936 1074008128 0
50855937 1074008130 2
50855937 1074008256 5
50855937 1074016320 2
50855937 1075056704 2
50855937 1141116992 2
50855937 3221491776 1
50855937 69793484864 5
50855936 1074016256 2
50872320 1074016257 1
50872320 1074016320 0
50872320 1074049024 4
50872320 1075064832 5
50872320 1141125120 5
50872320 3221499904 4
50872320 69793492992 4
50855936 1075056640 5
2198339584 1075056641 5
2198339584 1075056704 5
2198339584 1075064832 6
2198339584 1077153792 5
2198339584 1142165504 5
2198339584 5370023936 5
2198339584 69794533376 5
50855936 1141116928 5
2198339584 1141116929 5
2198339584 1141116992 5
2198339584 1141125120 2
2198339584 1142165504 5
2198339584 1275334656 5
2198339584 5436084224 5
2198339584 69860593664 5
50855936 3221491712 4
117964800 3221491713 4
117964800 3221491776 4
117964800 3221499904 4
117964800 3222540288 4
117964800 3355709440 3
117964800 7516459008 4
117964800 71940968448 4
50855936 69793484800 5
2198339584 69793484801 5
2198339584 69793484864 5
2198339584 69793492992 5
2198339584 69794533376 5
2198339584 69860593664 5
2198339584 74088452096 5
2198339584 207232438272 5
50331648 1140854784 2
50339840 1140854785 1
50339904 1140854787 4
50339904 1140854913 5
50339904 1140871169 4
50339904 1141116929 3
50339904 1275072513 5
50339904 3288338433 1
50339904 69860331521 4
50339840 1140854848 0
50339841 1140854850 4
50339841 1140854976 5
50339841 1140871232 2
50339841 1141116992 3
50339841 1275072576 1
50339841 3288338496 1
50339841 69860331584 2
50339840 1140871168 5
2197823488 1140871169 1
2197823488 1140871232 0
2197823488 1140903936 5
2197823488 1141133312 5
2197823488 1275088896 5
2197823488 5435838464 1
2197823488 69860347904 5
50339840 1141116928 3
50864128 1141116929 4
50864128 1141116992 4
50864128 1141133312 4
50864128 1142165504 4
50864128 1275334656 4
50864128 3288600576 1
50864128 69860593664 4
50339840 1275072512 1
50339904 1275072513 5
50339904 1275072640 5
50339904 1275088896 4
50339904 1275334656 3
50339904 1543507968 5
50339904 3422556160 1
50339904 69994549248 5
50339840 3288338432 5
4345307136 3288338433 3
4345307136 3288338496 1
4345307136 3288354816 0
4345307136 3288600576 5
4345307136 3422556160 4
4345307136 11878273024 5
4345307136 72007815168 4
50339840 69860331520 0
50339841 69860331522 4
50339841 69860331584 2
50339841 69860347904 2
50339841 69860593664 4
50339841 69994549248 5
50339841 72007815168 5
50339841 207299284992 4
50331648 3221229568 4
117440512 3221229569 4
117440512 3221229632 4
117440512 3221237760 4
117440512 3221491712 4
117440512 3355447296 2
117448704 3355447297 1
117448704 3355447360 1
117448704 3355463680 0
117448704 3355709440 3
117448704 3623882752 0
117448704 7650414592 5
117448704 72074924032 5
117440512 7516196864 4
117440512 71940706304 4
50331648 69793222656 2
50339840 69793222657 3
50601984 69793222659 3
50601984 69793222721 3
50601984 69793239041 3
50601984 69793746945 3
50601984 69860331521 3
50601984 71940706305 4
50601984 207232176129 4
50339840 69793222720 4
117448704 69793222721 4
117448704 69793222848 4
117448704 69793239104 4
117448704 69793484864 4
117448704 69927440448 2
117448704 71940706368 4
117448704 207232176192 4
50339840 69793239040 5
2197823488 69793239041 4
2197823488 69793239104 4
2197823488 69793271808 4
2197823488 69793501184 5
2197823488 69860347904 5
2197823488 74088206336 1
2197823488 207232192512 4
50339840 69793484800 3
50864128 69793484801 4
50864128 69793484864 4
50864128 69793501184 4
50864128 69794533376 4
50864128 69860593664 4
50864128 71940968448 3
50864128 207232438272 4
50339840 69860331520 2
50356224 69860331521 2
50356224 69860331584 1
50356224 69860364288 4
50356224 69860593664 1
50356224 69994549248 1
50356224 72007815168 4
50356224 207299284992 2
50339840 71940706304 1
50339904 71940706305 4
50339904 71940706432 4
50339904 71940722688 1
50339904 71940968448 1
50339904 72007815168 1
50339904 76235673600 5
50339904 209379659776 4
50339840 207232176128 3
50601984 207232176129 3
50601984 207232176192 3
50601984 207232192512 4
50601984 207232700416 3
50601984 207299284992 3
50601984 209379659776 4
50601984 482110083072 6
16777216 1074003968 3
17301504 1074003969 4
50855936 1074003971 4
117964800 1074003975 4
117964800 1074004035 4
117964800 1074008067 4
117964800 1075052547 4
117964800 1208221699 5
117964800 3221487619 4
117964800 69793480707 4
50855936 1074004033 2
50860032 1074004035 2
50860032 1074004161 2
50860032 1074012225 4
50860032 1075052609 2
50860032 1141112897 2
50860032 3221487681 4
50860032 69793480769 5
50855936 1074008065 1
50856000 1074008067 2
50856000 1074008193 5
50856000 1074016257 2
50856000 1075056641 2
50856000 1141116929 2
50856000 3221491713 1
50856000 69793484801 5
50855936 1075052545 5
2198339584 1075052547 4
2198339584 1075052609 2
2198339584 1075056641 5
2198339584 1077149697 4
2198339584 1142161409 1
2198339584 5370019841 6
2198339584 69794529281 5
50855936 1141112833 5
2198339584 1141112835 4
2198339584 1141112897 2
2198339584 1141116929 5
2198339584 1142161409 1
2198339584 1275330561 1
2198339584 5436080129 4
2198339584 69860589569 5
50855936 3221487617 4
117964800 3221487619 4
117964800 3221487681 4
117964800 3221491713 4
117964800 3222536193 4
117964800 3355705345 2
117964800 7516454913 4
117964800 71940964353 4
50855936 69793480705 4
117964800 69793480707 4
117964800 69793480769 4
117964800 69793484801 4
117964800 69794529281 4
117964800 69927698433 5
117964800 71940964353 4
117964800 207232434177 4
17301504 1074004032 4
50855936 1074004033 2
50860032 1074004035 2
50860032 1074004161 2
50860032 1074012225 4
50860032 1075052609 2
50860032 1141112897 2
50860032 3221487681 2
50860032 69793480769 5
50855936 1074004160 4
117964800 1074004161 4
117964800 1074004416 4
117964800 1074008256 4
117964800 1075052736 4
117964800 1208221888 5
117964800 3221487808 4
117964800 69793480896 4
50855936 1074008128 0
50855937 1074008130 2
50855937 1074008256 5
50855937 1074016320 2
50855937 1075056704 2
50855937 1141116992 2
50855937 3221491776 1
50855937 69793484864 5
50855936 1075052608 5
2198339584 1075052609 2
2198339584 1075052736 6
2198339584 1075056704 5
2198339584 1077149760 4
2198339584 1142161472 0
2198339584 5370019904 6
2198339584 69794529344 5
50855936 1141112896 5
2198339584 1141112897 2
2198339584 1141113024 0
2198339584 1141116992 5
2198339584 1142161472 0
2198339584 1275330624 0
2198339584 5436080192 4
2198339584 69860589632 5
50855936 3221487680 3
51904512 3221487681 2
51904512 3221487808 4
51904512 3221491776 0
51904512 3223584832 4
51904512 3288596544 3
51904512 7516454976 5
51904512 71940964416 4
50855936 69793480768 2
50860032 69793480769 5
50860032 69793480896 5
50860032 69793488960 4
50860032 69794529344 5
50860032 69860589632 5
50860032 71940964416 4
50860032 207232434240 2
17301504 1074008064 3
18350080 1074008065 1
18350144 1074008067 2
18350144 1074008193 2
18350144 1074016257 3
18350144 1076105217 4
18350144 1107562497 2
18350144 3221491713 2
18350144 69793484801 2
18350080 1074008128 0
18350081 1074008130 3
18350081 1074008256 5
18350081 1074016320 3
18350081 1076105280 4
18350081 1107562560 1
18350081 3221491776 3
18350081 69793484864 3
18350080 1074016256 3
20447232 1074016257 3
20447232 1074016320 3
20447232 1074032640 3
20447232 1078210560 5
20447232 1107570688 3
20447232 3221499904 3
20447232 69793492992 3
18350080 1076105216 4
51904512 1076105217 1
51904512 1076105280 0
51904512 1076113408 4
51904512 1080299520 2
51904512 1143214080 5
51904512 3223588864 4
51904512 69795581952 5
18350080 1107562496 3
20447232 1107562497 3
20447232 1107562560 3
20447232 1107570688 3
20447232 1111756800 0
20447232 1174671360 3
20447232 3255046144 3
20447232 69827039232 3
18350080 3221491712 2
18358272 3221491713 1
18358272 3221491776 0
18358272 3221508096 3
18358272 3223588864 2
18358272 3255046144 3
18358272 7516459008 5
18358272 71940968448 2
18350080 69793484800 2
18358272 69793484801 1
18358272 69793484864 0
18358272 69793501184 3
18358272 69795581952 4
18358272 69827039232 2
18358272 71940968448 2
18358272 207232438272 4
17301504 1075052544 4
50855936 1075052545 5
2198339584 1075052547 6
2198339584 1075052609 2
2198339584 1075056641 5
2198339584 1077149697 4
2198339584 1142161409 1
2198339584 5370019841 4
2198339584 69794529281 5
50855936 1075052608 5
2198339584 1075052609 2
2198339584 1075052736 6
2198339584 1075056704 5
2198339584 1077149760 4
2198339584 1142161472 0
2198339584 5370019904 6
2198339584 69794529344 5
50855936 1075056640 5
2198339584 1075056641 5
2198339584 1075056704 5
2198339584 1075064832 6
2198339584 1077153792 5
2198339584 1142165504 5
2198339584 5370023936 5
2198339584 69794533376 5
50855936 1077149696 4
117964800 1077149697 4
117964800 1077149760 4
117964800 1077153792 4
117964800 1081344000 4
117964800 1211367424 5
117964800 3224633344 4
117964800 69796626432 4
50855936 1142161408 5
2198339584 1142161409 1
2198339584 1142161472 0
2198339584 1142165504 5
2198339584 1144258560 0
2198339584 1276379136 5
2198339584 5437128704 5
2198339584 69861638144 5
50855936 3222536192 4
117964800 3222536193 4
117964800 3222536256 4
117964800 3222540288 4
117964800 3224633344 4
117964800 3356753920 0
117964800 7517503488 4
117964800 71942012928 4
50855936 69794529280 3
52953088 69794529281 2
52953088 69794529344 3
52953088 69794533376 5
52953088 69798723584 2
52953088 69861638144 4
52953088 71942012928 5
52953088 207233482752 4
17301504 1107558400 3
18350080 1107558401 1
18350144 1107558403 3
18350144 1107558529 4
18350144 1107562497 3
18350144 1109655553 4
18350144 1174667265 3
18350144 3255042049 4
18350144 69827035137 4
18350080 1107558464 0
18350081 1107558466 3
18350081 1107558592 3
18350081 1107562560 3
18350081 1109655616 4
18350081 1174667328 3
18350081 3255042112 3
18350081 69827035200 4
18350080 1107562496 4
85458944 1107562497 1
85458944 1107562560 0
85458944 1107570688 2
85458944 1109659648 4
85458944 1241780224 5
85458944 3255046144 3
85458944 69827039232 3
18350080 1109655552 4
85458944 1109655553 4
85458944 1109655616 2
85458944 1109659648 4
85458944 1113849856 4
85458944 1243873280 2
85458944 3257139200 4
85458944 69829132288 4
18350080 1174667264 3
20447232 1174667265 3
20447232 1174667328 3
20447232 1174671360 3
20447232 1178861568 4
20447232 1308884992 3
20447232 3322150912 3
20447232 69894144000 3
18350080 3255042048 3
20447232 3255042049 3
20447232 3255042112 3
20447232 3255046144 3
20447232 3259236352 4
20447232 3322150912 3
20447232 7550009344 3
20447232 71974518784 3
18350080 69827035136 4
85458944 69827035137 4
85458944 69827035200 3
85458944 69827039232 3
85458944 69829132288 4
85458944 69961252864 3
85458944 71974518784 4
85458944 207265988608 4
17301504 3221487616 3
18350080 3221487617 1
18350144 3221487619 3
18350144 3221487745 3
18350144 3221491713 2
18350144 3223584769 1
18350144 3255042049 4
18350144 7516454913 5
18350144 71940964353 1
18350080 3221487680 3
20447232 3221487681 3
20447232 3221487808 3
20447232 3221491776 3
20447232 3225681984 1
20447232 3255042112 3
20447232 7516454976 3
20447232 71940964416 3
18350080 3221491712 3
20447232 3221491713 3
20447232 3221491776 3
20447232 3221499904 3
20447232 3225686016 5
20447232 3255046144 3
20447232 7516459008 3
20447232 71940968448 3
18350080 3223584768 6
68737826816 3223584769 2
68737826816 3223584832 5
68737826816 3223588864 5
68737826816 3227779072 5
68737826816 3257139200 4
68737826816 7518552064 5
68737826816 140662538240 5
18350080 3255042048 4
85458944 3255042049 4
85458944 3255042112 3
85458944 3255046144 3
85458944 3257139200 4
85458944 3389259776 3
85458944 7550009344 5
85458944 71974518784 4
18350080 7516454912 5
8608284672 7516454913 1
8608284672 7516454976 3
8608284672 7516459008 3
8608284672 7518552064 2
8608284672 7550009344 4
8608284672 24696324096 3
8608284672 76235931648 3
18350080 71940964352 3
20447232 71940964353 3
20447232 71940964416 3
20447232 71940968448 3
20447232 71945158656 2
20447232 71974518784 3
20447232 76235931648 3
20447232 209379917824 3
17301504 69793480704 3
18350080 69793480705 6
137457303552 69793480707 4
137457303552 69793480769 2
137457303552 69793484801 1
137457303552 69795577857 4
137457303552 69827035137 4
137457303552 71940964353 3
137457303552 344671387649 2
18350080 69793480768 4
51904512 69793480769 2
51904512 69793480896 5
51904512 69793484864 0
51904512 69795577920 2
51904512 69860589632 3
51904512 71940964416 4
51904512 207232434240 2
18350080 69793484800 2
18358272 69793484801 1
18358272 69793484864 0
18358272 69793501184 3
18358272 69795581952 1
18358272 69827039232 3
18358272 71940968448 2
18358272 207232438272 4
18350080 69795577856 5
2165833728 69795577857 4
2165833728 69795577920 4
2165833728 69795581952 4
2165833728 69799772160 4
2165833728 69829132288 4
2165833728 74090545152 4
2165833728 207234531328 3
18350080 69827035136 4
85458944 69827035137 4
85458944 69827035200 3
85458944 69827039232 3
85458944 69829132288 4
85458944 69961252864 3
85458944 71974518784 4
85458944 207265988608 4
18350080 71940964352 3
20447232 71940964353 3
20447232 71940964416 3
20447232 71940968448 3
20447232 71945158656 0
20447232 71974518784 3
20447232 76235931648 3
20447232 209379917824 3
18350080 207232434176 3
20447232 207232434177 3
20447232 207232434240 3
20447232 207232438272 3
20447232 207236628480 2
20447232 207265988608 3
20447232 209379917824 3
20447232 482110341120 3
16777216 1107296256 4
83886080 1107296257 4
218103808 1107296259 3
218365952 1107296263 0
218365952 1107296323 6
218365952 1107300355 0
218365952 1107820547 4
218365952 1375731715 1
218365952 3254779907 1
218365952 69826772995 5
218103808 1107296321 3
218365952 1107296323 5
218365952 1107296449 4
218365952 1107300417 1
218365952 1107820609 5
218365952 1375731777 6
218365952 3254779969 3
218365952 69826773057 1
218103808 1107300353 4
486539264 1107300355 4
486539264 1107300417 4
486539264 1107308545 4
486539264 1107562497 4
486539264 1644171265 2
486539264 3254784001 4
486539264 69826777089 4
218103808 1107558401 1
218103872 1107558403 0
218103872 1107558529 5
218103872 1107562497 2
218103872 1108082689 5
218103872 1375993857 1
218103872 3255042049 4
218103872 69827035137 5
218103808 1375731713 5
2365587456 1375731715 5
2365587456 1375731777 1
2365587456 1375735809 5
2365587456 1375993857 5
2365587456 1912602625 5
2365587456 5670699009 1
2365587456 70095208449 3
218103808 3254779905 1
218103872 3254779907 3
218103872 3254780033 1
218103872 3254784001 4
218103872 3255042049 0
218103872 3523215361 5
218103872 7549747201 5
218103872 71974256641 6
218103808 69826772993 3
218365952 69826772995 5
218365952 69826773057 4
218365952 69826777089 3
218365952 69827297281 4
218365952 70095208449 3
218365952 71974256641 3
218365952 207265726465 3
83886080 1107296320 5
2231369728 1107296321 3
2231631872 1107296323 5
2231631872 1107296449 1
2231631872 1107300417 2
2231631872 1107820609 5
2231631872 1241514049 6
2231631872 5402263617 1
2231631872 69826773057 4
2231369728 1107296448 1
2231369984 1107296449 3
2231369984 1107296960 3
2231369984 1107300544 2
2231369984 1107558592 3
2231369984 1241514176 0
2231369984 5402263744 3
2231369984 69826773184 2
2231369728 1107300416 2
2231377920 1107300417 3
2231377920 1107300544 1
2231377920 1107316800 2
2231377920 1107562560 0
2231377920 1241518144 6
2231377920 5402267712 3
2231377920 69826777152 3
2231369728 1107558464 3
2231894016 1107558465 2
2231894016 1107558592 6
2231894016 1107562560 0
2231894016 1108607040 3
2231894016 1241776192 3
2231894016 5402525760 3
2231894016 69827035200 3
2231369728 1241514048 1
2231369856 1241514049 3
2231369856 1241514304 0
2231369856 1241518144 1
2231369856 1241776192 0
2231369856 1509949504 5
2231369856 5536481344 3
2231369856 69960990784 1
2231369728 5402263616 1
2231369856 5402263617 3
2231369856 5402263872 2
2231369856 5402267712 1
2231369856 5402525760 2
2231369856 5536481344 3
2231369856 13992198208 1
2231369856 74121740352 4
2231369728 69826773056 4
2365587456 69826773057 3
2365587456 69826773184 1
2365587456 69826777152 1
2365587456 69827035200 4
2365587456 70095208512 1
2365587456 74121740352 4
2365587456 207265726528 3
83886080 1107300352 4
218103808 1107300353 2
218112000 1107300355 3
218112000 1107300417 3
218112000 1107316737 2
218112000 1107562497 1
218112000 1375735809 5
218112000 3254784001 0
218112000 69826777089 4
218103808 1107300416 5
2365587456 1107300417 3
2365587456 1107300544 2
2365587456 1107308608 0
2365587456 1107562560 0
2365587456 1375735872 1
2365587456 5402267712 3
2365587456 69826777152 0
218103808 1107308544 3
218365952 1107308545 4
218365952 1107308608 4
218365952 1107324928 2
218365952 1107832832 5
218365952 1375744000 5
218365952 3254792192 3
218365952 69826785280 5
218103808 1107562496 1
218103872 1107562497 4
218103872 1107562624 2
218103872 1107570688 4
218103872 1108086784 4
218103872 1375997952 2
218103872 3255046144 4
218103872 69827039232 4
218103808 1375735808 2
218112000 1375735809 0
218112000 1375735872 3
218112000 1375752192 2
218112000 1375997952 1
218112000 1912606720 3
218112000 3523219456 5
218112000 70095212544 3
218103808 3254784000 4
486539264 3254784001 4
486539264 3254784064 4
486539264 3254792192 4
486539264 3255046144 4
486539264 3791654912 2
486539264 7549751296 4
486539264 71974260736 4
218103808 69826777088 2
218112000 69826777089 4
218112000 69826777152 3
218112000 69826793472 2
218112000 69827039232 1
218112000 70095212544 3
218112000 71974260736 4
218112000 207265730560 4
83886080 1107558400 4
218103808 1107558401 1
218103872 1107558403 4
218103872 1107558529 5
218103872 1107562497 3
218103872 1108082689 4
218103872 1375993857 5
218103872 3255042049 4
218103872 69827035137 4
218103808 1107558464 4
486539264 1107558465 4
486539264 1107558592 4
486539264 1107562560 4
486539264 1108082752 4
486539264 1644429376 3
486539264 3255042112 4
486539264 69827035200 4
218103808 1107562496 5
2365587456 1107562497 1
2365587456 1107562560 0
2365587456 1107570688 4
2365587456 1108086784 4
2365587456 1375997952 5
2365587456 5402529792 4
2365587456 69827039232 4
218103808 1108082688 3
219152384 1108082689 2
219152384 1108082752 5
219152384 1108086784 2
219152384 1110179840 4
219152384 1376518144 3
219152384 3255566336 5
219152384 69827559424 5
218103808 1375993856 6
68937580544 1375993857 3
68937580544 1375993920 3
68937580544 1375997952 3
68937580544 1376518144 5
68937580544 1912864768 5
68937580544 3523477504 3
68937580544 138814947328 5
218103808 3255042048 3
218628096 3255042049 3
218628096 3255042112 4
218628096 3255046144 3
218628096 3256090624 4
218628096 3523477504 3
218628096 7550009344 5
218628096 71974518784 3
218103808 69827035136 3
218628096 69827035137 3
218628096 69827035200 4
218628096 69827039232 4
218628096 69828083712 4
218628096 70095470592 3
218628096 71974518784 3
218628096 207265988608 3
83886080 1241513984 5
2231369728 1241513985 3
2231631872 1241513987 5
2231631872 1241514049 6
2231631872 1241518081 5
2231631872 1242038273 3
2231631872 1509949441 6
2231631872 5536481281 3
2231631872 69960990721 5
2231369728 1241514048 1
2231369856 1241514049 3
2231369856 1241514304 0
2231369856 1241518144 5
2231369856 1241776192 0
2231369856 1509949504 5
2231369856 5536481344 1
2231369856 69960990784 3
2231369728 1241518080 5
6526337024 1241518081 5
6526337024 1241518144 5
6526337024 1241526272 5
6526337024 1241780224 5
6526337024 1509953536 5
6526337024 9831452672 2
6526337024 69960994816 5
2231369728 1241776128 3
2231894016 1241776129 3
2231894016 1241776192 3
2231894016 1241780224 3
2231894016 1242824704 3
2231894016 1510211584 3
2231894016 5536743424 6
2231894016 69961252864 5
2231369728 1509949440 5
6526337024 1509949441 5
6526337024 1509949504 5
6526337024 1509953536 5
6526337024 1510211584 3
6526337024 2046820352 5
6526337024 10099884032 6
6526337024 70229426176 5
2231369728 5536481280 6
70950846464 5536481281 0
70950846464 5536481344 1
70950846464 5536485376 2
70950846464 5536743424 3
70950846464 5804916736 2
70950846464 14126415872 0
70950846464 142975434752 2
2231369728 69960990720 5
6526337024 69960990721 5
6526337024 69960990784 5
6526337024 69960994816 5
6526337024 69961252864 5
6526337024 70229426176 5
6526337024 78550925312 4
6526337024 207399944192 5
83886080 3254779904 4
218103808 3254779905 4
486539264 3254779907 4
486539264 3254779969 4
486539264 3254784001 4
486539264 3255042049 4
486539264 3791650817 1
486539264 7549747201 4
486539264 71974256641 4
218103808 3254779968 4
486539264 3254779969 4
486539264 3254780096 4
486539264 3254784064 4
486539264 3255042112 4
486539264 3791650880 1
486539264 7549747264 4
486539264 71974256704 4
218103808 3254784000 4
486539264 3254784001 4
486539264 3254784064 4
486539264 3254792192 4
486539264 3255046144 4
486539264 3791654912 2
486539264 7549751296 4
486539264 71974260736 4
218103808 3255042048 3
218628096 3255042049 3
218628096 3255042112 4
218628096 3255046144 3
218628096 3256090624 4
218628096 3523477504 3
218628096 7550009344 5
218628096 71974518784 3
218103808 3523215360 1
218103872 3523215361 3
218103872 3523215488 3
218103872 3523219456 2
218103872 3523477504 3
218103872 4060086272 1
218103872 7818182656 5
218103872 72242692096 3
218103808 7549747200 5
8808038400 7549747201 1
8808038400 7549747264 1
8808038400 7549751296 2
8808038400 7550009344 3
8808038400 7818182656 1
8808038400 24729616384 4
8808038400 76269223936 4
218103808 71974256640 4
486539264 71974256641 4
486539264 71974256704 4
486539264 71974260736 4
486539264 71974518784 4
486539264 72511127552 6
486539264 76269223936 4
486539264 209413210112 4
83886080 69826772992 4
218103808 69826772993 3
218365952 69826772995 4
218365952 69826773057 3
218365952 69826777089 2
218365952 69827297281 3
218365952 70095208449 3
218365952 71974256641 3
218365952 207265726465 3
218103808 69826773056 4
486539264 69826773057 4
486539264 69826773184 4
486539264 69826777152 4
486539264 69827035200 4
486539264 70363643968 1
486539264 71974256704 4
486539264 207265726528 4
218103808 69826777088 2
218112000 69826777089 4
218112000 69826777152 3
218112000 69826793472 4
218112000 69827039232 4
218112000 70095212544 3
218112000 71974260736 4
218112000 207265730560 3
218103808 69827035136 4
486539264 69827035137 4
486539264 69827035200 4
486539264 69827039232 4
486539264 69827559424 4
486539264 70363906048 3
486539264 71974518784 4
486539264 207265988608 4
218103808 70095208448 1
218103872 70095208449 1
218103872 70095208576 2
218103872 70095212544 2
218103872 70095470592 1
218103872 70632079360 1
218103872 72242692096 3
218103872 207534161920 3
218103808 71974256640 4
486539264 71974256641 4
486539264 71974256704 4
486539264 71974260736 4
486539264 71974518784 4
486539264 72511127552 6
486539264 76269223936 4
486539264 209413210112 4
218103808 207265726464 4
486539264 207265726465 4
486539264 207265726528 4
486539264 207265730560 4
486539264 207265988608 4
486539264 207802597376 3
486539264 209413210112 4
486539264 482143633408 4
16777216 3221225472 5
4311744512 3221225473 0
4311744514 3221225477 4
4345298946 3221225485 4
4345298946 3221225541 4
4345298946 3221229573 4
4345298946 3221487621 4
4345298946 3288334341 3
4345298946 11811160069 4
4345298946 71940702213 4
4311744514 3221225537 2
4311748610 3221225541 2
4311748610 3221225665 1
4311748610 3221233729 5
4311748610 3221487681 3
4311748610 3254779969 1
4311748610 11811160129 2
4311748610 71940702273 5
4311744514 3221229569 1
4311744578 3221229573 1
4311744578 3221229697 0
4311744578 3221237761 2
4311744578 3221491713 3
4311744578 3254784001 2
4311744578 11811164161 2
4311744578 71940706305 5
4311744514 3221487617 3
4312268802 3221487621 5
4312268802 3221487681 2
4312268802 3221491713 1
4312268802 3222536193 3
4312268802 3255042049 3
4312268802 11811422209 1
4312268802 71940964353 1
4311744514 3254779905 4
4378853378 3254779909 4
4378853378 3254779969 3
4378853378 3254784001 2
4378853378 3255042049 3
4378853378 3388997633 2
4378853378 11844714497 1
4378853378 71974256641 6
4311744514 11811160065 2
4311748610 11811160069 2
4311748610 11811160129 2
4311748610 11811168257 2
4311748610 11811422209 2
4311748610 11844714497 2
4311748610 28991029249 3
4311748610 80530636801 2
4311744514 71940702209 1
4311744578 71940702213 5
4311744578 71940702337 1
4311744578 71940706305 5
4311744578 71940964353 3
4311744578 71974256641 0
4311744578 80530636801 1
4311744578 209379655681 3
4311744512 3221225536 5
12901679104 3221225537 3
12901941248 3221225539 1
12901941248 3221225665 1
12901941248 3221229633 4
12901941248 3221749825 4
12901941248 3254779969 5
12901941248 20401094721 3
12901941248 71940702273 5
12901679104 3221225664 5
30081548288 3221225665 5
30081548288 3221225920 5
30081548288 3221229760 5
30081548288 3221487808 5
30081548288 3254780096 5
30081548288 37580964032 1
30081548288 71940702400 5
12901679104 3221229632 5
30081548288 3221229633 5
30081548288 3221229760 5
30081548288 3221237824 5
30081548288 3221491776 5
30081548288 3254784064 5
30081548288 37580968000 2
30081548288 71940706368 5
12901679104 3221487680 5
30081548288 3221487681 5
30081548288 3221487808 5
30081548288 3221491776 5
30081548288 3222011968 5
30081548288 3255042112 5
30081548288 37581226048 3
30081548288 71940964416 5
12901679104 3254779968 5
30081548288 3254779969 5
30081548288 3254780096 5
30081548288 3254784064 5
30081548288 3255042112 5
30081548288 3321888832 5
30081548288 37614518336 0
30081548288 71974256704 5
12901679104 20401094720 2
12901683200 20401094721 2
12901683200 20401094848 6
12901683200 20401102912 0
12901683200 20401356864 3
12901683200 20434649152 4
12901683200 54760833088 2
12901683200 89120571456 4
12901679104 71940702272 5
30081548288 71940702273 5
30081548288 71940702400 5
30081548288 71940706368 5
30081548288 71940964416 5
30081548288 71974256704 5
30081548288 106300440640 0
30081548288 209379655744 5
4311744512 3221229568 4
4345298944 3221229569 4
4412407808 3221229571 4
4412407808 3221229633 4
4412407808 3221237761 4
4412407808 3221491713 4
4412407808 3355447297 3
4412407808 11811164161 4
4412407808 71940706305 4
4345298944 3221229632 4
4412407808 3221229633 4
4412407808 3221229760 4
4412407808 3221237824 4
4412407808 3221491776 4
4412407808 3355447360 5
4412407808 11811164224 4
4412407808 71940706368 4
4345298944 3221237760 2
4345315328 3221237761 4
4345315328 3221237824 4
4345315328 3221270528 4
4345315328 3221499904 4
4345315328 3288346624 4
4345315328 11811172352 5
4345315328 71940714496 4
4345298944 3221491712 3
4345823232 3221491713 1
4345823232 3221491776 0
4345823232 3221499904 2
4345823232 3222540288 3
4345823232 3288600576 4
4345823232 11811426304 4
4345823232 71940968448 4
4345298944 3288338432 4
4479516672 3288338433 1
4479516672 3288338496 3
4479516672 3288346624 2
4479516672 3288600576 3
4479516672 3556773888 0
4479516672 11878273024 0
4479516672 72007815168 3
4345298944 11811164160 4
4412407808 11811164161 4
4412407808 11811164224 4
4412407808 11811172352 4
4412407808 11811426304 4
4412407808 11945381888 2
4412407808 28991033344 4
4412407808 80530640896 4
4345298944 71940706304 4
4412407808 71940706305 4
4412407808 71940706368 4
4412407808 71940714496 4
4412407808 71940968448 4
4412407808 72074924032 3
4412407808 80530640896 4
4412407808 209379659776 4
4311744512 3221487616 3
4312268800 3221487617 3
4313317376 3221487619 3
4313317376 3221487681 2
4313317376 3221491713 1
4313317376 3223584769 6
4313317376 3255042049 2
4313317376 11811422209 3
4313317376 71940964353 3
4312268800 3221487680 3
4313317376 3221487681 2
4313317376 3221487808 5
4313317376 3221491776 0
4313317376 3223584832 1
4313317376 3255042112 5
4313317376 11811422272 3
4313317376 71940964416 4
4312268800 3221491712 3
4313317376 3221491713 1
4313317376 3221491776 0
4313317376 3221499904 2
4313317376 3223588864 1
4313317376 3255046144 4
4313317376 11811426304 3
4313317376 71940968448 1
4312268800 3222536192 3
4314365952 3222536193 1
4314365952 3222536256 2
4314365952 3222540288 4
4314365952 3226730496 0
4314365952 3256090624 4
4314365952 11812470784 0
4314365952 71942012928 0
4312268800 3255042048 3
4313317376 3255042049 5
4313317376 3255042112 5
4313317376 3255046144 1
4313317376 3257139200 4
4313317376 3322150912 3
4313317376 11844976640 3
4313317376 71974518784 4
4312268800 11811422208 3
4313317376 11811422209 3
4313317376 11811422272 3
4313317376 11811426304 3
4313317376 11813519360 1
4313317376 11844976640 4
4313317376 28991291392 6
4313317376 80530898944 3
4312268800 71940964352 5
12902203392 71940964353 5
12902203392 71940964416 5
12902203392 71940968448 5
12902203392 71942012928 3
12902203392 71974518784 4
12902203392 89120833536 2
12902203392 209379917824 3
4311744512 3254779904 4
4378853376 3254779905 2
4378857472 3254779907 5
4378857472 3254779969 5
4378857472 3254788097 5
4378857472 3255042049 3
4378857472 3388997633 3
4378857472 11844714497 2
4378857472 71974256641 3
4378853376 3254779968 3
4379115520 3254779969 5
4379115520 3254780096 1
4379115520 3254784064 3
4379115520 3255304256 4
4379115520 3388997696 3
4379115520 11844714560 3
4379115520 71974256704 3
4378853376 3254784000 4
4513071104 3254784001 2
4513071104 3254784064 4
4513071104 3254792192 5
4513071104 3255046144 3
4513071104 3523219456 5
4513071104 11844718592 4
4513071104 71974260736 0
4378853376 3255042048 3
4379377664 3255042049 3
4379377664 3255042112 5
4379377664 3255046144 4
4379377664 3256090624 2
4379377664 3389259776 2
4379377664 11844976640 3
4379377664 71974518784 5
4378853376 3388997632 1
4378853440 3388997633 2
4378853440 3388997760 2
4378853440 3389001728 2
4378853440 3389259776 3
4378853440 3657433088 2
4378853440 11978932224 4
4378853440 72108474368 2
4378853376 11844714496 3
4379115520 11844714497 3
4379115520 11844714560 3
4379115520 11844718592 3
4379115520 11845238784 4
4379115520 11978932224 3
4379115520 29024583680 3
4379115520 80564191232 3
4378853376 71974256640 5
12968787968 71974256641 1
12968787968 71974256704 6
12968787968 71974260736 2
12968787968 71974518784 3
12968787968 72108474368 2
12968787968 89154125824 6
12968787968 209413210112 2
4311744512 11811160064 4
4345298944 11811160065 4
4412407808 11811160067 4
4412407808 11811160129 4
4412407808 11811164161 4
4412407808 11811422209 4
4412407808 11945377793 3
4412407808 28991029249 4
4412407808 80530636801 4
4345298944 11811160128 4
4412407808 11811160129 4
4412407808 11811160256 4
4412407808 11811164224 4
4412407808 11811422272 4
4412407808 11945377856 3
4412407808 28991029312 4
4412407808 80530636864 4
4345298944 11811164160 4
4412407808 11811164161 4
4412407808 11811164224 4
4412407808 11811172352 4
4412407808 11811426304 4
4412407808 11945381888 2
4412407808 28991033344 4
4412407808 80530640896 4
4345298944 11811422208 4
4412407808 11811422209 4
4412407808 11811422272 4
4412407808 11811426304 4
4412407808 11811946496 4
4412407808 11945639936 3
4412407808 28991291392 4
4412407808 80530898944 4
4345298944 11878268928 4
4479516672 11878268929 2
4479516672 11878268992 2
4479516672 11878273024 0
4479516672 11878531072 3
4479516672 12146704384 5
4479516672 29058138112 4
4479516672 80597745664 3
4345298944 28991029248 3
4345561088 28991029249 3
4345561088 28991029312 1
4345561088 28991033344 4
4345561088 28991553536 4
4345561088 29058138112 3
4345561088 63350767616 1
4345561088 97710505984 3
4345298944 80530636800 3
4345561088 80530636801 4
4345561088 80530636864 4
4345561088 80530640896 3
4345561088 80531161088 4
4345561088 80597745664 3
4345561088 97710505984 2
4345561088 217969590272 4
4311744512 71940702208 0
4311744513 71940702210 4
4345298945 71940702214 4
4345298945 71940702274 4
4345298945 71940706306 4
4345298945 71940964354 4
4345298945 72007811074 6
4345298945 80530636802 3
4345298945 209379655682 4
4311744513 71940702272 1
4311744641 71940702274 4
4311744641 71940702528 4
4311744641 71940706368 2
4311744641 71940964416 3
4311744641 71974256704 1
4311744641 80530636864 4
4311744641 209379655744 4
4311744513 71940706304 2
4311752705 71940706306 4
4311752705 71940706368 4
4311752705 71940722688 2
4311752705 71940968448 2
4311752705 71974260736 0
4311752705 80530640896 2
4311752705 209379659776 4
4311744513 71940964352 4
4345298945 71940964354 4
4345298945 71940964416 4
4345298945 71940968448 5
4345298945 71941488640 4
4345298945 72008073216 3
4345298945 80530898944 4
4345298945 209379917824 6
4311744513 71974256640 0
4311744515 71974256644 4
4311744515 71974256704 0
4311744515 71974260736 0
4311744515 71974518784 0
4311744515 72041365504 0
4311744515 80564191232 5
4311744515 209413210112 6
4311744513 80530636800 5
21491613697 80530636802 4
21491613697 80530636864 4
21491613697 80530640896 2
21491613697 80530898944 4
21491613697 80564191232 0
21491613697 114890375168 6
21491613697 217969590272 6
4311744513 209379655680 5
12901679105 209379655682 4
12901679105 209379655744 5
12901679105 209379659776 5
12901679105 209379917824 5
12901679105 209413210112 5
12901679105 226559524864 4
12901679105 484257562624 6
16777216 69793218560 4
50331648 69793218561 2
50335744 69793218563 3
50597888 69793218567 4
50597888 69793218627 4
50597888 69793226755 4
50597888 69793742851 4
50597888 69860327427 4
50597888 71940702211 4
50597888 207232172035 4
50335744 69793218625 4
117444608 69793218627 4
117444608 69793218753 4
117444608 69793226817 4
117444608 69793480769 4
117444608 69927436353 2
117444608 71940702273 4
117444608 207232172097 4
50335744 69793226753 1
50335808 69793226755 4
50335808 69793226881 4
50335808 69793243137 4
50335808 69793488897 4
50335808 69860335617 4
50335808 71940710401 4
50335808 207232180225 4
50335744 69793480705 4
117444608 69793480707 4
117444608 69793480769 4
117444608 69793488897 4
117444608 69794004993 4
117444608 69927698433 3
117444608 71940964353 4
117444608 207232434177 4
50335744 69860327425 5
2197819392 69860327427 1
2197819392 69860327489 5
2197819392 69860335617 6
2197819392 69860589569 3
2197819392 69994545153 1
2197819392 74155294721 3
2197819392 207299280897 3
50335744 71940702209 3
50597888 71940702211 4
50597888 71940702273 4
50597888 71940710401 4
50597888 71941226497 4
50597888 72007811073 4
50597888 76235669505 4
50597888 209379655681 4
50335744 207232172033 4
117444608 207232172035 4
117444608 207232172097 4
117444608 207232180225 4
117444608 207232434177 4
117444608 207366389761 3
117444608 209379655681 4
117444608 482110078977 4
50331648 69793218624 4
117440512 69793218625 4
117440512 69793218752 4
117440512 69793222720 4
117440512 69793480768 4
117440512 69927436352 6
137556393984 69927436353 5
137556393984 69927436480 5
137556393984 69927440448 0
137556393984 69927698496 3
137556393984 70195871808 5
137556393984 72074920000 1
137556393984 344805343296 4
117440512 71940702272 4
117440512 207232172096 4
50331648 69793222656 5
2197815296 69793222657 4
2264924160 69793222659 4
2264924160 69793222721 4
2264924160 69793230849 4
2264924160 69793484801 4
2264924160 69927440385 5
2264924160 74088189953 4
2264924160 207232176129 4
2197815296 69793222720 4
2264924160 69793222721 4
2264924160 69793222848 4
2264924160 69793230912 4
2264924160 69793484864 4
2264924160 69927440448 5
2264924160 74088190016 4
2264924160 207232176192 4
2197815296 69793230848 4
2264924160 69793230849 4
2264924160 69793230912 4
2264924160 69793247232 4
2264924160 69793492992 4
2264924160 69927448576 5
2264924160 74088198144 4
2264924160 207232184320 4
2197815296 69793484800 3
2198339584 69793484801 5
2198339584 69793484864 5
2198339584 69793492992 5
2198339584 69794533376 5
2198339584 69860593664 5
2198339584 74088452096 5
2198339584 207232438272 5
2197815296 69860331520 5
6492782592 69860331521 5
6492782592 69860331584 2
6492782592 69860339712 2
6492782592 69860593664 3
6492782592 69994549248 6
6492782592 78450266112 1
6492782592 207299284992 4
2197815296 74088189952 6
139636768768 74088189953 1
139636768768 74088190016 0
139636768768 74088198144 4
139636768768 74088452096 6
139636768768 74155298816 5
139636768768 82678124544 5
139636768768 348966096896 5
2197815296 207232176128 4
2264924160 207232176129 4
2264924160 207232176192 4
2264924160 207232184320 4
2264924160 207232438272 4
2264924160 207366393856 5
2264924160 211527143424 4
2264924160 482110083072 4
50331648 69793480704 4
117440512 69793480705 4
117440512 69793480768 4
117440512 69793484800 4
117440512 69794004992 4
117440512 69927698432 3
117964800 69927698433 5
117964800 69927698496 2
117964800 69927702528 5
117964800 69928747008 5
117964800 70196133888 5
117964800 72075182080 2
117964800 207366651904 3
117440512 71940964352 4
117440512 207232434176 4
50331648 69860327424 4
184549376 69860327425 5
2332033024 69860327427 5
2332033024 69860327489 5
2332033024 69860331521 5
2332033024 69860589569 3
2332033024 70128762881 3
2332033024 74155294721 5
2332033024 207299280897 3
184549376 69860327488 0
184549377 69860327490 1
184549377 69860327616 5
184549377 69860331584 2
184549377 69860589632 3
184549377 70128762944 1
184549377 72007811136 1
184549377 207299280960 1
184549376 69860331520 1
184549440 69860331521 2
184549440 69860331648 2
184549440 69860339712 2
184549440 69860593664 2
184549440 70128766976 2
184549440 72007815168 2
184549440 207299284992 2
184549376 69860589568 3
185073664 69860589569 5
185073664 69860589632 5
185073664 69860593664 5
185073664 69861638144 5
185073664 70129025024 5
185073664 72008073216 5
185073664 207299543040 3
184549376 70128762880 0
184549377 70128762882 5
184549377 70128762944 5
184549377 70128766976 5
184549377 70129025024 3
184549377 70665633792 5
184549377 72276246528 5
184549377 207567716352 3
184549376 72007811072 5
4479516672 72007811073 1
4479516672 72007811136 3
4479516672 72007815168 5
4479516672 72008073216 3
4479516672 72276246528 5
4479516672 80597745664 3
4479516672 209446764544 4
184549376 207299280896 6
275062456320 207299280897 1
275062456320 207299280960 6
275062456320 207299284992 1
275062456320 207299543040 5
275062456320 207567716352 1
275062456320 209446764544 5
275062456320 757055094784 5
50331648 71940702208 5
4345298944 71940702209 4
4412407808 71940702211 4
4412407808 71940702273 4
4412407808 71940706305 4
4412407808 71940964353 4
4412407808 72074919937 2
4412407808 80530636801 4
4412407808 209379655681 4
4345298944 71940702272 4
4412407808 71940702273 4
4412407808 71940702400 4
4412407808 71940706368 4
4412407808 71940964416 4
4412407808 72074920000 5
4412407808 80530636864 4
4412407808 209379655744 4
4345298944 71940706304 4
4412407808 71940706305 4
4412407808 71940706368 4
4412407808 71940714496 4
4412407808 71940968448 4
4412407808 72074924032 3
4412407808 80530640896 4
4412407808 209379659776 4
4345298944 71940964352 5
12935233536 71940964353 4
12935233536 71940964416 5
12935233536 71940968448 5
12935233536 71941488640 5
12935233536 72008073216 5
12935233536 89120833536 4
12935233536 209379917824 5
4345298944 72007811072 5
12935233536 72007811073 5
12935233536 72007811136 4
12935233536 72007815168 5
12935233536 72008073216 3
12935233536 72142028800 5
12935233536 89187680256 4
12935233536 209446764544 3
4345298944 80530636800 3
4345561088 80530636801 2
4345561088 80530636864 3
4345561088 80530640896 2
4345561088 80531161088 4
4345561088 80597745664 3
4345561088 97710505984 3
4345561088 217969590272 2
4345298944 209379655680 4
4412407808 209379655681 4
4412407808 209379655744 4
4412407808 209379659776 4
4412407808 209379917824 4
4412407808 209513873408 3
4412407808 217969590272 4
4412407808 484257562624 4
50331648 207232172032 4
117440512 207232172033 4
117440512 207232172096 4
117440512 207232176128 4
117440512 207232434176 4
117440512 207366389760 1
117440576 207366389761 0
117440576 207366389888 3
117440576 207366393856 2
117440576 207366651904 3
117440576 207634825216 3
117440576 209513873408 3
117440576 482244296704 6
117440512 209379655680 4
117440512 482110078976 4
0 68719476736 3
262144 68719476737 2
266240 68719476739 4
17043456 68719476743 4
17043456 68719476803 4
17043456 68719484931 4
17043456 68720001027 4
17043456 68753031171 4
17043456 69793218563 4
17043456 206158430211 4
266240 68719476801 3
790528 68719476803 3
1839104 68719476807 3
1839104 68719476931 3
1839104 68719484995 3
1839104 68721573955 5
1839104 68736254019 3
1839104 69793218627 3
1839104 206158430275 3
790528 68719476929 3
1839104 68719476931 3
1839104 68719477185 3
1839104 68719485121 3
1839104 68721574081 5
1839104 68736254145 3
1839104 69793218753 3
1839104 206158430401 3
790528 68719484993 3
1839104 68719484995 3
1839104 68719485121 3
1839104 68719501377 3
1839104 68721582145 2
1839104 68736262209 3
1839104 69793226817 3
1839104 206158438465 3
790528 68720525377 2
798720 68720525379 5
798720 68720525505 4
798720 68720541761 1
798720 68722622529 5
798720 68737302593 1
798720 69794267201 6
798720 206159478849 1
790528 68736254017 2
798720 68736254019 3
798720 68736254145 2
798720 68736270401 1
798720 68737302593 1
798720 68769808449 3
798720 69809995841 1
798720 206175207489 1
790528 69793218625 3
1839104 69793218627 3
1839104 69793218753 3
1839104 69793226817 3
1839104 69795315777 1
1839104 69809995841 3
1839104 71940702273 3
1839104 207232172097 3
790528 206158430273 5
1074532352 206158430275 5
1074532352 206158430401 5
1074532352 206158438465 5
1074532352 206159478849 5
1074532352 206175207489 4
1074532352 208305913921 5
1074532352 481036337217 5
266240 68719484929 4
17043456 68719484931 4
17043456 68719484993 4
17043456 68719501313 4
17043456 68720009217 4
17043456 68753039361 4
17043456 69793226753 4
17043456 206158438401 4
266240 68720001025 4
17043456 68720001027 4
17043456 68720001089 4
17043456 68720009217 4
17043456 68721049601 4
17043456 68753555457 4
17043456 69793742849 4
17043456 206158954497 4
266240 68736253953 2
274432 68736253955 3
798720 68736253959 0
798720 68736254019 4
798720 68736270339 3
798720 68737302531 2
798720 68769808387 2
798720 69809995779 5
798720 206175207427 3
274432 68736254017 2
290816 68736254019 2
290816 68736254145 2
290816 68736286785 3
290816 68736778305 2
290816 68769808449 2
290816 69809995841 2
290816 206175207489 2
274432 68736270337 3
798720 68736270339 3
798720 68736270401 1
798720 68736303105 3
798720 68737318913 4
798720 68769824769 4
798720 69810012161 4
798720 206175223809 3
274432 68736778241 2
290816 68736778243 2
290816 68736778305 2
290816 68736811009 3
290816 68737826817 2
290816 68770332673 2
290816 69810520065 2
290816 206175731713 2
274432 68769808385 4
67383296 68769808387 2
67383296 68769808449 2
67383296 68769824769 3
67383296 68770332673 2
67383296 68904026113 0
67383296 69843550209 3
67383296 206208761857 4
274432 69809995777 3
798720 69809995779 4
798720 69809995841 1
798720 69810012161 4
798720 69811044353 2
798720 69843550209 2
798720 71957479425 1
798720 207248949249 2
274432 206175207425 4
33828864 206175207427 3
33828864 206175207489 2
33828864 206175223809 4
33828864 206175731713 3
33828864 206242316289 3
33828864 207248949249 2
33828864 481053114369 6
266240 69793218561 3
790528 69793218563 4
17567744 69793218567 4
17567744 69793218627 2
17567744 69793226755 4
17567744 69794267139 4
17567744 69826772995 4
17567744 71940702211 4
17567744 207232172035 4
790528 69793218625 3
1839104 69793218627 3
1839104 69793218753 3
1839104 69793226817 3
1839104 69795315777 4
1839104 69809995841 3
1839104 71940702273 3
1839104 207232172097 3
790528 69793226753 4
17567744 69793226755 4
17567744 69793226817 3
17567744 69793243137 4
17567744 69794275329 4
17567744 69826781185 4
17567744 71940710401 4
17567744 207232180225 4
790528 69794267137 2
798720 69794267139 1
798720 69794267201 2
798720 69794283521 4
798720 69796364289 4
798720 69811044353 4
798720 71941750785 1
798720 207233220609 1
790528 69809995777 3
1839104 69809995779 3
1839104 69809995841 3
1839104 69810003969 3
1839104 69812092929 4
1839104 69843550209 3
1839104 71957479425 3
1839104 207248949249 3
790528 71940702209 2
798720 71940702211 0
798720 71940702273 1
798720 71940718593 1
798720 71941750785 1
798720 71957479425 3
798720 76235669505 5
798720 209379655681 4
790528 207232172033 2
798720 207232172035 4
798720 207232172097 0
798720 207232188417 4
798720 207233220609 1
798720 207248949249 5
798720 209379655681 1
798720 482110078977 6
266240 206158430209 4
17043456 206158430211 4
17043456 206158430273 4
17043456 206158438401 4
17043456 206158954497 4
17043456 206191984641 4
17043456 207232172033 4
17043456 481036337153 4
262144 68719476800 3
786432 68719476801 3
1835008 68719476803 0
1835008 68719476807 3
1835008 68719476929 3
1835008 68719480897 3
1835008 68721573953 0
1835008 68736254017 3
1835008 69793218625 3
1835008 206158430273 3
786432 68719476928 3
1835008 68719476929 3
1835008 68719477184 3
1835008 68719481024 3
1835008 68721574080 4
1835008 68736254144 3
1835008 69793218752 3
1835008 206158430400 3
786432 68719480896 1
786560 68719480897 3
786560 68719481152 2
786560 68719489088 1
786560 68720529472 2
786560 68736258112 3
786560 69793222720 5
786560 206158434368 3
786432 68720525376 1
786560 68720525377 5
786560 68720525632 3
786560 68720529472 2
786560 68722622528 6
786560 68737302592 4
786560 69794267200 4
786560 206159478848 3
786432 68736254016 4
34340864 68736254017 3
34340864 68736254144 3
34340864 68736258112 5
34340864 68737302592 1
34340864 68803362880 6
34340864 69809995840 2
34340864 206175207488 3
786432 69793218624 1
786560 69793218625 1
786560 69793218880 3
786560 69793222720 2
786560 69794267200 0
786560 69809995840 5
786560 71940702272 3
786560 207232172096 2
786432 206158430272 2
790528 206158430273 2
790528 206158430400 4
790528 206158438464 3
790528 206159478848 2
790528 206175207488 2
790528 207232172096 0
790528 481036337216 6
262144 68719476800 3
786432 68719476801 3
1835008 68719476803 3
1835008 68719476929 3
1835008 68719480897 3
1835008 68721573953 4
1835008 68736254017 3
1835008 69793218625 3
1835008 206158430273 3
786432 68719476928 3
1835008 68719476929 3
1835008 68719477184 3
1835008 68719481024 3
1835008 68721574080 4
1835008 68736254144 3
1835008 69793218752 3
1835008 206158430400 3
786432 68719480896 3
1835008 68719480897 3
1835008 68719481024 3
1835008 68719489088 3
1835008 68721578048 2
1835008 68736258112 3
1835008 69793222720 3
1835008 206158434368 3
786432 68720525376 1
786560 68720525377 5
786560 68720525632 6
786560 68720529472 1
786560 68722622528 6
786560 68737302592 4
786560 69794267200 3
786560 206159478848 3
786432 68736254016 4
34340864 68736254017 3
34340864 68736254144 3
34340864 68736258112 5
34340864 68737302592 1
34340864 68803362880 1
34340864 69809995840 3
34340864 206175207488 3
786432 69793218624 5
2148270080 69793218625 3
2148270080 69793218752 4
2148270080 69793222720 1
2148270080 69794267200 1
2148270080 69809995840 3
2148270080 74088185920 2
2148270080 207232172096 3
786432 206158430272 2
790528 206158430273 2
790528 206158430400 4
790528 206158438464 4
790528 206159478848 2
790528 206175207488 2
790528 207232172096 2
790528 481036337216 6
262144 68719480832 3
786432 68719480833 3
1835008 68719480835 3
1835008 68719480897 3
1835008 68719489025 3
1835008 68721577985 2
1835008 68736258049 3
1835008 69793222657 3
1835008 206158434305 0
786432 68719480896 3
1835008 68719480897 3
1835008 68719481024 3
1835008 68719489088 3
1835008 68721578048 2
1835008 68736258112 3
1835008 69793222720 3
1835008 206158434368 3
786432 68719489024 3
1835008 68719489025 3
1835008 68719489088 3
1835008 68719505408 3
1835008 68721586176 2
1835008 68736266240 3
1835008 69793230848 3
1835008 206158442496 3
786432 68720529408 2
794624 68720529409 2
794624 68720529472 2
794624 68720545792 6
794624 68722626560 2
794624 68737306624 4
794624 69794271232 3
794624 206159482880 2
786432 68736258048 3
1835008 68736258049 3
1835008 68736258112 3
1835008 68736266240 3
1835008 68738355200 4
1835008 68769812480 3
1835008 69809999872 3
1835008 206175211520 3
786432 69793222656 2
794624 69793222657 3
794624 69793222720 3
794624 69793239040 5
794624 69794271232 5
794624 69809999872 4
794624 71940706304 3
794624 207232176128 3
786432 206158434304 3
1835008 206158434305 3
1835008 206158434368 3
1835008 206158442496 3
1835008 206160531456 2
1835008 206175211520 3
1835008 207232176128 3
1835008 481036341248 3
262144 68720001024 3
1310720 68720001025 2
1314816 68720001027 4
1314816 68720001089 3
1314816 68720009217 4
1314816 68722098177 4
1314816 68736778241 3
1314816 69793742849 1
1314816 206158954497 4
1310720 68720001088 3
3407872 68720001089 6
3407872 68720001216 3
3407872 68720005184 2
3407872 68724195392 4
3407872 68736778304 4
3407872 69793742912 3
3407872 206158954560 0
1310720 68720005120 3
3407872 68720005121 2
3407872 68720005184 3
3407872 68720013312 3
3407872 68724199424 2
3407872 68736782336 3
3407872 69793746944 4
3407872 206158958592 3
1310720 68722098176 1
1310784 68722098177 2
1310784 68722098304 2
1310784 68722102272 2
1310784 68726292480 2
1310784 68738875392 1
1310784 69795840000 2
1310784 206161051648 2
1310720 68736778240 4
34865152 68736778241 4
34865152 68736778304 4
34865152 68736782336 4
34865152 68738875392 4
34865152 68803887104 3
34865152 69810520064 3
34865152 206175731712 2
1310720 69793742848 1
1310784 69793742849 3
1310784 69793742976 2
1310784 69793746944 3
1310784 69795840000 2
1310784 69810520064 5
1310784 71941226496 2
1310784 207232696320 2
1310720 206158954496 2
1314816 206158954497 4
1314816 206158954560 3
1314816 206158962688 4
1314816 206161051648 1
1314816 206175731712 4
1314816 207232696320 1
1314816 481036861440 6
262144 68736253952 3
786432 68736253953 3
1835008 68736253955 3
1835008 68736254017 3
1835008 68736258049 3
1835008 68738351105 6
1835008 68769808385 3
1835008 69809995777 3
1835008 206175207425 3
786432 68736254016 1
786560 68736254017 3
786560 68736254272 3
786560 68736258112 3
786560 68737302592 4
786560 68769808448 3
786560 69809995840 4
786560 206175207488 3
786432 68736258048 3
1835008 68736258049 3
1835008 68736258112 3
1835008 68736266240 3
1835008 68738355200 4
1835008 68769812480 3
1835008 69809999872 3
1835008 206175211520 3
786432 68737302528 4
34340864 68737302529 4
34340864 68737302592 1
34340864 68737306624 2
34340864 68739399680 6
34340864 68804411392 6
34340864 69811044352 0
34340864 206176256000 4
786432 68769808384 3
1835008 68769808385 3
1835008 68769808448 3
1835008 68769812480 3
1835008 68771905536 4
1835008 68836917248 3
1835008 69843550208 3
1835008 206208761856 3
786432 69809995776 5
2148270080 69809995777 4
2148270080 69809995840 4
2148270080 69809999872 4
2148270080 69811044352 4
2148270080 69843550208 3
2148270080 74104963072 1
2148270080 207248949248 3
786432 206175207424 2
790528 206175207425 3
790528 206175207488 2
790528 206175215616 3
790528 206176256000 2
790528 206208761856 1
790528 207248949248 3
790528 481053114368 6
262144 69793218560 3
786432 69793218561 3
1835008 69793218563 0
1835008 69793218625 0
1835008 69793222657 3
1835008 69795315713 0
1835008 69809995777 3
1835008 71940702209 3
1835008 207232172033 0
786432 69793218624 2
790528 69793218625 3
790528 69793218752 3
790528 69793226816 3
790528 69794267200 2
790528 69809995840 4
790528 71940702272 3
790528 207232172096 0
786432 69793222656 2
794624 69793222657 3
794624 69793222720 3
794624 69793239040 5
794624 69794271232 5
794624 69809999872 4
794624 71940706304 3
794624 207232176128 0
786432 69794267136 5
2148270080 69794267137 0
2148270080 69794267200 0
2148270080 69794271232 2
2148270080 69796364288 0
2148270080 69811044352 4
2148270080 74089234432 0
2148270080 207233220608 0
786432 69809995776 5
2148270080 69809995777 3
2148270080 69809995840 3
2148270080 69809999872 4
2148270080 69811044352 4
2148270080 69843550208 3
2148270080 74104963072 1
2148270080 207248949248 5
786432 71940702208 2
790528 71940702209 1
790528 71940702272 3
790528 71940710400 1
790528 71941750784 1
790528 71957479424 2
790528 76235669504 5
790528 209379655680 1
786432 207232172032 2
786432 207232172033 1
786496 207232172160 2
786496 207232176128 2
786496 207233220608 2
786496 207248949248 4
786496 209379655680 2
786496 482110078976 6
262144 206158430208 3
786432 206158430209 2
790528 206158430211 4
790528 206158430273 3
790528 206158438401 4
790528 206159478785 4
790528 206175207425 3
790528 207232172033 3
790528 481036337153 6
786432 206158430272 2
790528 206158430273 5
790528 206158430400 4
790528 206158438464 3
790528 206159478848 2
790528 206175207488 2
790528 207232172096 0
790528 481036337216 6
786432 206158434304 2
794624 206158434305 0
794624 206158434368 0
794624 206158450688 2
794624 206159482880 3
794624 206175211520 3
794624 207232176128 3
794624 481036341248 6
786432 206159478784 2
790528 206159478785 4
790528 206159478848 2
790528 206159486976 4
790528 206161575936 4
790528 206176256000 2
790528 207233220608 1
790528 481037385728 6
786432 206175207424 3
1835008 206175207425 3
1835008 206175207488 3
1835008 206175211520 3
1835008 206177304576 0
1835008 206208761856 3
1835008 207248949248 3
1835008 481053114368 3
786432 207232172032 1
786496 207232172033 3
786496 207232172160 2
786496 207232176128 3
786496 207233220608 2
786496 207248949248 2
786496 209379655680 2
786496 482110078976 6
786432 481036337152 6
549756600320 481036337153 2
549756600320 481036337216 2
549756600320 481036341248 3
549756600320 481037385728 2
549756600320 481053114368 2
549756600320 482110078976 2
549756600320 1580547964928 2
0 4096 5
1073741824 4097 1
1073741888 4099 5
3221225536 4103 0
3221225536 4227 1
3221225536 12291 2
3221225536 266243 2
3221225536 16781315 5
3221225536 4294971395 2
3221225536 68719480835 5
1073741888 4225 5
3221225536 4227 1
3221225536 4481 5
3221225536 12417 2
3221225536 266369 3
3221225536 16781441 5
3221225536 4294971521 2
3221225536 68719480961 5
1073741888 12289 2
1073758272 12291 2
1073758272 12417 2
1073758272 45057 5
1073758272 274433 2
1073758272 16789505 4
1073758272 2147495937 2
1073758272 68719489025 2
1073741888 266241 3
1074266176 266243 2
1074266176 266369 5
1074266176 274433 3
1074266176 1314817 2
1074266176 17043457 2
1074266176 2147749889 3
1074266176 68719742977 2
1073741888 16781313 2
1073750080 16781315 4
1073750080 16781441 2
1073750080 16797697 4
1073750080 17043457 4
1073750080 50335745 2
1073750080 2164264961 4
1073750080 68736258049 4
1073741888 2147487745 2
1073750080 2147487747 2
1073750080 2147487873 2
1073750080 2147504129 1
1073750080 2147749889 1
1073750080 2164264961 4
1073750080 6442455041 1
1073750080 70866964481 2
1073741888 68719480833 2
1073750080 68719480835 2
1073750080 68719480961 2
1073750080 68719497217 1
1073750080 68719742977 2
1073750080 68736258049 4
1073750080 70866964481 1
1073750080 206158434305 0
1073741824 4160 3
1074003968 4161 3
1074528256 4163 3
1074528256 4289 4
1074528256 12353 4
1074528256 1052737 2
1074528256 16781377 4
1074528256 2147487809 3
1074528256 68719480897 5
1074003968 4288 3
1074528256 4289 4
1074528256 4544 1
1074528256 12480 4
1074528256 1052864 5
1074528256 16781504 3
1074528256 2147487936 3
1074528256 68719481024 3
1074003968 12352 2
1074020352 12353 2
1074020352 12480 2
1074020352 45120 3
1074020352 536640 3
1074020352 16789568 1
1074020352 2147496000 2
1074020352 68719489088 2
1074003968 528448 3
1075052544 528449 6
1075052544 528576 3
1075052544 536640 4
1075052544 2625600 0
1075052544 17305664 3
1075052544 2148012096 3
1075052544 68720005184 3
1074003968 16781376 1
1074004096 16781377 3
1074004096 16781632 3
1074004096 16789568 2
1074004096 17305664 3
1074004096 50335808 4
1074004096 2164265024 2
1074004096 68736258112 3
1074003968 2147487808 2
1074012160 2147487809 3
1074012160 2147487936 2
1074012160 2147504192 2
1074012160 2148012096 3
1074012160 2164265024 2
1074012160 6442455104 3
1074012160 70866964544 3
1074003968 68719480896 3
1074528256 68719480897 1
1074528256 68719481024 3
1074528256 68719489088 3
1074528256 68720529472 2
1074528256 68736258112 4
1074528256 70866964544 3
1074528256 206158434368 3
1073741824 12288 2
1073758208 12289 2
1073790976 12291 2
1073790976 12353 3
1073790976 77825 5
1073790976 274433 1
1073790976 16789505 4
1073790976 2147495937 3
1073790976 68719489025 2
1073758208 12352 3
1074020352 12353 3
1074020352 12480 2
1074020352 45120 3
1074020352 536640 3
1074020352 16789568 4
1074020352 2147496000 2
1074020352 68719489088 3
1073758208 45056 1
1073758272 45057 5
1073758272 45184 5
1073758272 110592 4
1073758272 307200 3
1073758272 16822272 5
1073758272 2147528704 5
1073758272 68719521792 4
1073758208 274432 1
1073758272 274433 2
1073758272 274560 2
1073758272 307200 3
1073758272 798720 3
1073758272 17051648 1
1073758272 2147758080 2
1073758272 68719751168 3
1073758208 16789504 2
1073790976 16789505 4
1073790976 16789568 3
1073790976 16855040 4
1073790976 17051648 1
1073790976 50343936 2
1073790976 2164273152 4
1073790976 68736266240 4
1073758208 2147495936 2
1073790976 2147495937 1
1073790976 2147496000 3
1073790976 2147561472 1
1073790976 2147758080 2
1073790976 2164273152 4
1073790976 6442463232 2
1073790976 70866972672 1
1073758208 68719489024 2
1073790976 68719489025 6
1073790976 68719489088 2
1073790976 68719554560 1
1073790976 68719751168 2
1073790976 68736266240 4
1073790976 70866972672 1
1073790976 206158442496 6
1073741824 266240 1
1073741888 266241 1
1073742016 266243 1
1073742016 266497 3
1073742016 274433 2
1073742016 790529 3
1073742016 17043457 3
1073742016 2147749889 3
1073742016 68719742977 3
1073741888 266368 5
3221225536 266369 5
3221225536 266624 3
3221225536 274560 2
3221225536 790656 3
3221225536 17043584 4
3221225536 4295233664 3
3221225536 68719743104 2
1073741888 274432 2
1073758272 274433 1
1073758272 274560 2
1073758272 307200 3
1073758272 798720 3
1073758272 17051648 1
1073758272 2147758080 2
1073758272 68719751168 2
1073741888 790528 3
1074790464 790529 3
1074790464 790656 3
1074790464 798720 3
1074790464 2887680 2
1074790464 17567744 3
1074790464 2148274176 3
1074790464 68720267264 3
1073741888 17043456 3
1074266176 17043457 2
1074266176 17043584 3
1074266176 17051648 3
1074266176 18092032 3
1074266176 50597888 3
1074266176 2164527104 3
1074266176 68736520192 4
1073741888 2147749888 2
1073750080 2147749889 3
1073750080 2147750016 2
1073750080 2147766272 1
1073750080 2148274176 3
1073750080 2164527104 2
1073750080 6442717184 3
1073750080 70867226624 3
1073741888 68719742976 3
1074266176 68719742977 2
1074266176 68719743104 1
1074266176 68719751168 2
1074266176 68720791552 3
1074266176 68736520192 4
1074266176 70867226624 1
1074266176 206158696448 1
1073741824 16781312 2
1073750016 16781313 2
1073766400 16781315 2
1073766400 16781377 3
1073766400 16814081 3
1073766400 17043457 1
1073766400 50335745 4
1073766400 2164264961 5
1073766400 68736258049 4
1073750016 16781376 3
1074012160 16781377 4
1074012160 16781504 1
1074012160 16797760 3
1074012160 17305664 3
1074012160 50335808 4
1074012160 2164265024 2
1074012160 68736258112 3
1073750016 16797696 2
1073782784 16797697 4
1073782784 16797760 3
1073782784 16863232 4
1073782784 17059840 1
1073782784 50352128 4
1073782784 2164281344 0
1073782784 68736274432 4
1073750016 17043456 1
1073750080 17043457 4
1073750080 17043584 5
1073750080 17059840 2
1073750080 17567744 3
1073750080 50597888 2
1073750080 2164527104 2
1073750080 68736520192 4
1073750016 50335744 4
1140858880 50335745 2
1140858880 50335808 3
1140858880 50352128 2
1140858880 50597888 1
1140858880 184553472 2
1140858880 2197819392 4
1140858880 68769812480 4
1073750016 2164264960 2
1073766400 2164264961 5
1073766400 2164265024 3
1073766400 2164297728 5
1073766400 2164527104 1
1073766400 2197819392 2
1073766400 6459232256 2
1073766400 70883741696 2
1073750016 68736258048 1
1073750080 68736258049 4
1073750080 68736258176 4
1073750080 68736274432 4
1073750080 68736520192 4
1073750080 68769812480 2
1073750080 70883741696 2
1073750080 206175211520 4
1073741824 2147487744 2
1073750016 2147487745 2
1073766400 2147487747 2
1073766400 2147487809 3
1073766400 2147520513 1
1073766400 2147749889 1
1073766400 2164264961 2
1073766400 6442455041 1
1073766400 70866964481 1
1073750016 2147487808 3
1074012160 2147487809 3
1074012160 2147487936 2
1074012160 2147504192 2
1074012160 2148012096 3
1074012160 2164265024 2
1074012160 6442455104 3
1074012160 70866964544 3
1073750016 2147504128 2
1073782784 2147504129 3
1073782784 2147504192 3
1073782784 2147569664 4
1073782784 2147766272 0
1073782784 2164281344 0
1073782784 6442471424 0
1073782784 70866980864 6
1073750016 2147749888 1
1073750080 2147749889 3
1073750080 2147750016 2
1073750080 2147766272 1
1073750080 2148274176 3
1073750080 2164527104 2
1073750080 6442717184 3
1073750080 70867226624 3
1073750016 2164264960 2
1073766400 2164264961 2
1073766400 2164265024 3
1073766400 2164297728 5
1073766400 2164527104 1
1073766400 2197819392 3
1073766400 6459232256 2
1073766400 70883741696 2
1073750016 6442455040 5
9663684608 6442455041 2
9663684608 6442455104 3
9663684608 6442471424 2
9663684608 6442717184 1
9663684608 6459232256 2
9663684608 23622324224 1
9663684608 75161931776 1
1073750016 70866964480 2
1073766400 70866964481 1
1073766400 70866964544 2
1073766400 70866997248 1
1073766400 70867226624 2
1073766400 70883741696 2
1073766400 75161931776 2
1073766400 208305917952 1
1073741824 68719480832 1
1073741888 68719480833 2
1073750080 68719480835 2
1073750080 68719480961 2
1073750080 68719497217 5
1073750080 68719742977 3
1073750080 68736258049 4
1073750080 70866964481 1
1073750080 206158434305 2
1073741888 68719480960 1
1073742144 68719480961 1
1073742144 68719481472 5
1073742144 68719489152 5
1073742144 68719743104 3
1073742144 68736258176 4
1073742144 70866964608 5
1073742144 206158434432 1
1073741888 68719489024 2
1073758272 68719489025 2
1073758272 68719489152 2
1073758272 68719521792 4
1073758272 68719751168 2
1073758272 68736266240 5
1073758272 70866972672 2
1073758272 206158442496 2
1073741888 68719742976 3
1074266176 68719742977 2
1074266176 68719743104 1
1074266176 68719751168 2
1074266176 68720791552 3
1074266176 68736520192 4
1074266176 70867226624 1
1074266176 206158696448 2
1073741888 68736258048 2
1073750080 68736258049 4
1073750080 68736258176 2
1073750080 68736274432 4
1073750080 68736520192 4
1073750080 68769812480 2
1073750080 70883741696 2
1073750080 206175211520 4
1073741888 70866964480 5
5368709184 70866964481 5
5368709184 70866964608 1
5368709184 70866972672 2
5368709184 70867226624 3
5368709184 70883741696 2
5368709184 79456899072 1
5368709184 208305917952 2
1073741888 206158434304 2
1073750080 206158434305 2
1073750080 206158434432 2
1073750080 206158450688 5
1073750080 206158696448 3
1073750080 206175211520 4
1073750080 208305917952 2
1073750080 481036341248 6
0 262144 3
524288 262145 2
528384 262147 3
1576960 262151 0
1576960 262211 3
1576960 270339 2
1576960 2359299 3
1576960 17039363 3
1576960 1074003971 3
1576960 68719738883 6
528384 262209 3
1576960 262211 3
1576960 262337 3
1576960 270401 3
1576960 2359361 1
1576960 17039425 4
1576960 1074004033 4
1576960 68719738945 0
528384 270337 3
1576960 270339 3
1576960 270401 2
1576960 286721 3
1576960 2367489 2
1576960 17047553 6
1576960 1074012161 6
1576960 68719747073 5
528384 1310721 2
536576 1310723 2
536576 1310785 1
536576 1327105 3
536576 3407873 0
536576 18087937 2
536576 1075052545 5
536576 68720787457 4
528384 17039361 2
536576 17039363 2
536576 17039425 1
536576 17055745 4
536576 18087937 4
536576 50593793 2
536576 1090781185 6
536576 68736516097 5
528384 1074003969 3
1576960 1074003971 4
1576960 1074004033 3
1576960 1074012161 6
1576960 1076101121 6
1576960 1090781185 6
1576960 3221487617 2
1576960 69793480705 4
528384 68719738881 2
536576 68719738883 2
536576 68719738945 1
536576 68719755265 3
536576 68720787457 4
536576 68736516097 5
536576 69793480705 4
536576 206158692353 2
524288 262208 2
528384 262209 3
1576960 262211 3
1576960 262337 3
1576960 270401 2
1576960 2359361 1
1576960 17039425 4
1576960 1074004033 3
1576960 68719738945 1
528384 262336 3
1576960 262337 3
1576960 262592 1
1576960 270528 3
1576960 2359488 0
1576960 17039552 3
1576960 1074004160 3
1576960 68719739072 4
528384 270400 3
1576960 270401 3
1576960 270528 2
1576960 286784 3
1576960 2367552 2
1576960 17047616 3
1576960 1074012224 3
1576960 68719747136 2
528384 1310784 2
536576 1310785 1
536576 1310912 2
536576 1327168 1
536576 3407936 2
536576 18088000 1
536576 1075052608 1
536576 68720787520 1
528384 17039424 3
1576960 17039425 4
1576960 17039552 4
1576960 17047616 3
1576960 19136576 2
1576960 50593856 4
1576960 1090781248 6
1576960 68736516160 5
528384 1074004032 2
536576 1074004033 4
536576 1074004160 3
536576 1074020416 1
536576 1075052608 1
536576 1090781248 6
536576 3221487680 2
536576 69793480768 4
528384 68719738944 3
1576960 68719738945 3
1576960 68719739072 1
1576960 68719747136 5
1576960 68721836096 5
1576960 68736516160 5
1576960 69793480768 4
1576960 206158692416 3
524288 266240 1
524352 266241 2
532544 266243 3
532544 266369 3
532544 282625 3
532544 1314817 1
532544 17043457 5
532544 1074008065 4
532544 68719742977 1
524352 266368 3
1572928 266369 2
1572928 266624 3
1572928 274560 3
1572928 2363520 4
1572928 17043584 5
1572928 1074008192 4
1572928 68719743104 3
524352 274432 3
1572928 274433 3
1572928 274560 2
1572928 290816 2
1572928 2371584 5
1572928 17051648 5
1572928 1074016256 4
1572928 68719751168 3
524352 1314816 3
2621504 1314817 5
2621504 1314944 1
2621504 1323008 2
2621504 5509120 4
2621504 18092032 5
2621504 1075056640 4
2621504 68720791552 1
524352 17043456 5
1074266176 17043457 2
1074266176 17043584 4
1074266176 17051648 3
1074266176 18092032 3
1074266176 50597888 3
1074266176 2164527104 2
1074266176 68736520192 4
524352 1074008064 4
17301568 1074008065 2
17301568 1074008192 5
17301568 1074016256 2
17301568 1075056640 3
17301568 1107562496 3
17301568 3221491712 3
17301568 69793484800 4
524352 68719742976 3
1572928 68719742977 3
1572928 68719743104 3
1572928 68719751168 3
1572928 68721840128 2
1572928 68736520192 5
1572928 69793484800 4
1572928 206158696448 2
524288 1310720 3
2621440 1310721 1
2621504 1310723 0
2621504 1310849 1
2621504 1314817 2
2621504 5505025 4
2621504 18087937 5
2621504 1075052545 4
2621504 68720787457 3
2621440 1310784 2
2625536 1310785 2
2625536 1310912 1
2625536 1318976 2
2625536 5505088 2
2625536 18088000 2
2625536 1075052608 1
2625536 68720787520 2
2621440 1314816 1
2621504 1314817 5
2621504 1314944 1
2621504 1323008 2
2621504 5509120 1
2621504 18092032 5
2621504 1075056640 4
2621504 68720791552 1
2621440 5505024 4
11010048 5505025 1
11010048 5505088 2
11010048 5509120 1
11010048 22282240 5
11010048 1079246848 4
11010048 68724981760 5
2621440 18087936 5
1076363264 18087937 5
1076363264 18088000 2
1076363264 18092032 1
1076363264 22282240 5
1076363264 51642368 4
1076363264 2165571584 5
1076363264 68737564672 3
2621440 1075052544 4
19398656 1075052545 4
19398656 1075052608 4
19398656 1075056640 4
19398656 1079246848 4
19398656 1108606976 4
19398656 3222536192 5
19398656 69794529280 4
2621440 68720787456 3
6815744 68720787457 6
6815744 68720787520 4
6815744 68720791552 1
6815744 68729176064 6
6815744 68737564672 5
6815744 69794529280 4
6815744 206159740928 1
524288 17039360 2
528384 17039361 2
536576 17039363 2
536576 17039425 1
536576 17055745 4
536576 18087937 2
536576 50593793 2
536576 1090781185 6
536576 68736516097 5
528384 17039424 3
1576960 17039425 4
1576960 17039552 1
1576960 17047616 2
1576960 19136576 2
1576960 50593856 4
1576960 1090781248 6
1576960 68736516160 5
528384 17047552 2
544768 17047553 2
544768 17047616 3
544768 17080320 5
544768 18096128 3
544768 50601984 4
544768 1090789376 6
544768 68736524288 5
528384 18087936 2
536576 18087937 4
536576 18088000 1
536576 18104320 4
536576 20185088 4
536576 51642368 4
536576 1091829760 6
536576 68737564672 5
528384 50593792 4
67637248 50593793 3
67637248 50593856 3
67637248 50601984 3
67637248 51642368 2
67637248 184811520 3
67637248 1124335616 6
67637248 68770070528 5
528384 1090781184 6
68720005120 1090781185 5
68720005120 1090781248 5
68720005120 1090789376 3
68720005120 1091829760 2
68720005120 1124335616 4
68720005120 3238264832 3
68720005120 138529734656 3
528384 68736516096 5
1074270208 68736516097 2
1074270208 68736516160 4
1074270208 68736524288 3
1074270208 68737564672 2
1074270208 68770070528 4
1074270208 70883999744 3
1074270208 206175469568 2
524288 1074003968 4
17301504 1074003969 3
18350080 1074003971 2
18350080 1074004033 2
18350080 1074008065 1
18350080 1076101121 1
18350080 1107558401 3
18350080 3221487617 2
18350080 69793480705 4
17301504 1074004032 4
50855936 1074004033 2
50855936 1074004160 4
50855936 1074008128 0
50855936 1075052608 5
50855936 1141112896 5
50855936 3221487680 3
50855936 69793480768 4
17301504 1074008064 3
18350080 1074008065 1
18350080 1074008128 0
18350080 1074016256 2
18350080 1076105216 4
18350080 1107562496 4
18350080 3221491712 5
18350080 69793484800 3
17301504 1075052544 4
50855936 1075052545 5
50855936 1075052608 5
50855936 1075056640 5
50855936 1077149696 4
50855936 1142161408 5
50855936 3222536192 4
50855936 69794529280 3
17301504 1107558400 3
18350080 1107558401 4
18350080 1107558464 3
18350080 1107562496 3
18350080 1109655552 4
18350080 1174667264 3
18350080 3255042048 3
18350080 69827035136 4
17301504 3221487616 3
18350080 3221487617 1
18350080 3221487680 3
18350080 3221491712 3
18350080 3223584768 6
18350080 3255042048 3
18350080 7516454912 5
18350080 71940964352 3
17301504 69793480704 3
18350080 69793480705 3
18350080 69793480768 4
18350080 69793484800 2
18350080 69795577856 5
18350080 69827035136 4
18350080 71940964352 3
18350080 207232434176 3
524288 68719738880 4
17301504 68719738881 3
18350080 68719738883 3
18350080 68719738945 2
18350080 68719742977 1
18350080 68721836033 2
18350080 68753293313 3
18350080 69793480705 4
18350080 206158692353 0
17301504 68719738944 3
18350080 68719738945 2
18350080 68719739072 3
18350080 68719743040 0
18350080 68721836096 4
18350080 68753293376 0
18350080 69793480768 2
18350080 206158692416 1
17301504 68719742976 4
50855936 68719742977 1
50855936 68719743040 0
50855936 68719751168 4
50855936 68720791552 4
50855936 68786851840 2
50855936 69793484800 5
50855936 206158696448 4
17301504 68720787456 4
50855936 68720787457 2
50855936 68720787520 1
50855936 68720791552 2
50855936 68722884608 6
50855936 68787896320 6
50855936 69794529280 3
50855936 206159740928 4
17301504 68753293312 3
18350080 68753293313 1
18350080 68753293376 0
18350080 68753297408 0
18350080 68755390464 4
18350080 68820402176 3
18350080 69827035136 3
18350080 206192246784 2
17301504 69793480704 3
18350080 69793480705 6
18350080 69793480768 4
18350080 69793484800 2
18350080 69795577856 5
18350080 69827035136 4
18350080 71940964352 3
18350080 207232434176 3
17301504 206158692352 3
18350080 206158692353 0
18350080 206158692416 3
18350080 206158696448 3
18350080 206160789504 2
18350080 206192246784 2
18350080 207232434176 3
18350080 481036599296 6
0 16777216 4
33554432 16777217 4
100663296 16777219 4
234881024 16777223 4
234881024 16777283 4
234881024 16781315 4
234881024 17039363 4
234881024 285212675 0
234881024 1090519043 4
234881024 68736253955 4
100663296 16777281 5
1174405120 16777283 2
1174405120 16777409 5
1174405120 16781377 3
1174405120 17039425 2
1174405120 150995009 3
1174405120 2164260929 4
1174405120 68736254017 3
100663296 16781313 4
234881024 16781315 4
234881024 16781377 4
234881024 16789505 4
234881024 17043457 4
234881024 285216769 5
234881024 1090523137 4
234881024 68736258049 4
100663296 17039361 5
1174405120 17039363 4
1174405120 17039425 2
1174405120 17043457 1
1174405120 17563649 3
1174405120 151257089 3
1174405120 2164523009 4
1174405120 68736516097 5
100663296 150994945 5
1174405120 150994947 1
1174405120 150995009 3
1174405120 150999041 2
1174405120 151257089 3
1174405120 419430401 3
1174405120 2298478593 5
1174405120 68870471681 3
100663296 1090519041 2
100667392 1090519043 3
100667392 1090519105 2
100667392 1090527233 5
100667392 1090781185 6
100667392 1224736769 2
100667392 3238002689 4
100667392 69809995777 3
100663296 68736253953 3
100925440 68736253955 4
100925440 68736254017 4
100925440 68736258049 4
100925440 68736778241 3
100925440 68870471681 3
100925440 69809995777 3
100925440 206175207425 3
33554432 16777280 4
100663296 16777281 2
100667392 16777283 4
100667392 16777409 2
100667392 16785473 4
100667392 17039425 4
100667392 150995009 2
100667392 1090519105 4
100667392 68736254017 4
100663296 16777408 4
234881024 16777409 4
234881024 16777664 4
234881024 16781504 4
234881024 17039552 4
234881024 285212864 1
234881024 1090519232 4
234881024 68736254144 4
100663296 16781376 3
100925440 16781377 2
100925440 16781504 1
100925440 16789568 4
100925440 17305664 4
100925440 150999104 2
100925440 1090523200 3
100925440 68736258112 2
100663296 17039424 2
100667392 17039425 5
100667392 17039552 4
100667392 17047616 4
100667392 17563712 4
100667392 151257152 3
100667392 1090781248 6
100667392 68736516160 5
100663296 150995008 3
100925440 150995009 1
100925440 150995136 1
100925440 150999104 2
100925440 151519296 3
100925440 419430464 1
100925440 1224736832 3
100925440 68870471744 5
100663296 1090519104 3
100925440 1090519105 5
100925440 1090519232 5
100925440 1090523200 4
100925440 1091043392 5
100925440 1224736832 3
100925440 3238002752 3
100925440 69809995840 3
100663296 68736254016 3
100925440 68736254017 3
100925440 68736254144 1
100925440 68736258112 4
100925440 68736778304 3
100925440 68870471744 4
100925440 69809995840 3
100925440 206175207488 4
33554432 16781312 3
33816576 16781313 3
34340864 16781315 3
34340864 16781377 2
34340864 16789505 3
34340864 17829889 2
34340864 83890177 3
34340864 1090523137 2
34340864 68736258049 3
33816576 16781376 2
33824768 16781377 3
33824768 16781504 1
33824768 16797760 3
33824768 17305664 2
33824768 83890240 2
33824768 1090523200 3
33824768 68736258112 3
33816576 16789504 2
33832960 16789505 2
33832960 16789568 2
33832960 16822272 3
33832960 17313792 3
33832960 83898368 3
33832960 1090531328 3
33832960 68736266240 6
33816576 17305600 4
100925440 17305601 4
100925440 17305664 3
100925440 17313792 3
100925440 18354176 4
100925440 151523328 3
100925440 1091047424 2
100925440 68736782336 3
33816576 83890176 3
34340864 83890177 3
34340864 83890240 2
34340864 83898368 2
34340864 84938752 2
34340864 218107904 3
34340864 1157632000 2
34340864 68803366912 3
33816576 1090523136 2
33824768 1090523137 3
33824768 1090523200 3
33824768 1090539520 4
33824768 1091047424 3
33824768 1157632000 3
33824768 3238006784 5
33824768 69809999872 3
33816576 68736258048 3
34340864 68736258049 3
34340864 68736258112 5
34340864 68736266240 3
34340864 68737306624 2
34340864 68803366912 3
34340864 69809999872 5
34340864 206175211520 3
33554432 17039360 5
1107296256 17039361 3
1107820544 17039363 4
1107820544 17039425 2
1107820544 17043457 1
1107820544 18087937 5
1107820544 84148225 5
1107820544 2164523009 3
1107820544 68736516097 4
1107296256 17039424 2
1107300352 17039425 2
1107300352 17039552 3
1107300352 17047616 2
1107300352 17563712 3
1107300352 84148288 3
1107300352 2164523072 2
1107300352 68736516160 3
1107296256 17043456 1
1107296320 17043457 2
1107296320 17043584 5
1107296320 17051648 4
1107296320 17567744 3
1107296320 84152320 1
1107296320 2164527104 1
1107296320 68736520192 2
1107296256 17563648 3
1108344832 17563649 4
1108344832 17563712 2
1108344832 17567744 1
1108344832 19660800 4
1108344832 84672512 3
1108344832 2165047296 2
1108344832 68737040384 4
1107296256 84148224 4
1241513984 84148225 5
1241513984 84148288 2
1241513984 84152320 1
1241513984 84672512 3
1241513984 352583680 5
1241513984 2231631872 5
1241513984 68803624960 5
1107296256 2164523008 4
1174405120 2164523009 4
1174405120 2164523072 2
1174405120 2164527104 1
1174405120 2165047296 3
1174405120 2298740736 1
1174405120 6459490304 4
1174405120 70883999744 1
1107296256 68736516096 3
1107820544 68736516097 4
1107820544 68736516160 2
1107820544 68736520192 1
1107820544 68737564672 4
1107820544 68803624960 5
1107820544 70883999744 3
1107820544 206175469568 3
33554432 83886080 3
33816576 83886081 3
34340864 83886083 0
34340864 83886145 1
34340864 83890177 3
34340864 84934657 3
34340864 218103809 4
34340864 1157627905 3
34340864 68803362817 6
33816576 83886144 3
34340864 83886145 1
34340864 83886272 1
34340864 83890240 2
34340864 84934720 1
34340864 218103872 3
34340864 1157627968 3
34340864 68803362880 4
33816576 83890176 3
34340864 83890177 3
34340864 83890240 2
34340864 83898368 2
34340864 84938752 2
34340864 218107904 3
34340864 1157632000 2
34340864 68803366912 3
33816576 84410368 3
34865152 84410369 3
34865152 84410432 3
34865152 84414464 3
34865152 86507520 3
34865152 218628096 4
34865152 1158152192 3
34865152 68803887104 3
33816576 218103808 3
34340864 218103809 0
34340864 218103872 3
34340864 218107904 3
34340864 219152384 3
34340864 486539264 5
34340864 1291845632 3
34340864 68937580544 3
33816576 1157627904 3
34340864 1157627905 3
34340864 1157627968 5
34340864 1157632000 2
34340864 1158676480 5
34340864 1291845632 3
34340864 3305111552 5
34340864 69877104640 5
33816576 68803362816 3
34340864 68803362817 3
34340864 68803362880 6
34340864 68803366912 3
34340864 68804411392 6
34340864 68937580544 3
34340864 69877104640 0
34340864 206242316288 1
33554432 1090519040 6
68753031168 1090519041 2
68753035264 1090519043 2
68753035264 1090519105 2
68753035264 1090527233 5
68753035264 1090781185 5
68753035264 1157627905 5
68753035264 3238002689 5
68753035264 138529472513 2
68753031168 1090519104 4
68820140032 1090519105 1
68820140032 1090519232 4
68820140032 1090523200 3
68820140032 1090781248 2
68820140032 1224736832 5
68820140032 3238002752 3
68820140032 138529472576 2
68753031168 1090523136 3
68753293312 1090523137 2
68753293312 1090523200 3
68753293312 1090531328 5
68753293312 1091047424 4
68753293312 1157632000 2
68753293312 3238006784 5
68753293312 138529476608 4
68753031168 1090781184 2
68753035264 1090781185 5
68753035264 1090781248 3
68753035264 1090789376 4
68753035264 1091305472 3
68753035264 1157890048 2
68753035264 3238264832 4
68753035264 138529734656 3
68753031168 1157627904 4
68887248896 1157627905 3
68887248896 1157627968 2
68887248896 1157632000 3
68887248896 1157890048 2
68887248896 1426063360 3
68887248896 3305111552 5
68887248896 138596581376 3
68753031168 3238002688 4
68820140032 3238002689 3
68820140032 3238002752 4
68820140032 3238006784 3
68820140032 3238264832 2
68820140032 3372220416 5
68820140032 7532969984 5
68820140032 140676956160 3
68753031168 138529472512 4
68820140032 138529472513 4
68820140032 138529472576 4
68820140032 138529476608 3
68820140032 138529734656 2
68820140032 138663690240 2
68820140032 140676956160 3
68820140032 413407379456 3
33554432 68736253952 3
33816576 68736253953 3
34340864 68736253955 3
34340864 68736254017 3
34340864 68736258049 5
34340864 68737302529 4
34340864 68803362817 6
34340864 69809995777 3
34340864 206175207425 3
33816576 68736254016 3
34340864 68736254017 3
34340864 68736254144 3
34340864 68736258112 5
34340864 68737302592 1
34340864 68803362880 4
34340864 69809995840 2
34340864 206175207488 3
33816576 68736258048 3
34340864 68736258049 3
34340864 68736258112 5
34340864 68736266240 3
34340864 68737306624 2
34340864 68803366912 3
34340864 69809999872 5
34340864 206175211520 3
33816576 68736778240 3
34865152 68736778241 4
34865152 68736778304 4
34865152 68736782336 4
34865152 68738875392 4
34865152 68803887104 3
34865152 69810520064 3
34865152 206175731712 4
33816576 68803362816 3
34340864 68803362817 3
34340864 68803362880 4
34340864 68803366912 3
34340864 68804411392 6
34340864 68937580544 6
34340864 69877104640 4
34340864 206242316288 1
33816576 69809995776 4
100925440 69809995777 3
100925440 69809995840 4
100925440 69809999872 3
100925440 69810520064 4
100925440 69944213504 3
100925440 71957479424 3
100925440 207248949248 3
33816576 206175207424 4
100925440 206175207425 4
100925440 206175207488 4
100925440 206175211520 4
100925440 206175731712 3
100925440 206309425152 4
100925440 207248949248 3
100925440 481053114368 6
0 1073741824 4
16777216 1073741825 5
2164260864 1073741827 5
6459228160 1073741831 0
6459228160 1073741891 2
6459228160 1073745923 4
6459228160 1074003971 3
6459228160 1107296259 5
6459228160 9663676419 4
6459228160 69793218563 4
2164260864 1073741889 2
2164264960 1073741891 5
2164264960 1073742017 4
2164264960 1073750081 5
2164264960 1074004033 4
2164264960 1107296321 4
2164264960 5368709185 5
2164264960 69793218625 4
2164260864 1073745921 2
2164269056 1073745923 2
2164269056 1073745985 3
2164269056 1073762305 4
2164269056 1074008065 1
2164269056 1107300353 4
2164269056 5368713217 1
2164269056 69793222657 4
2164260864 1074003969 3
2164785152 1074003971 4
2164785152 1074004033 2
2164785152 1074008065 1
2164785152 1075052545 4
2164785152 1107558401 3
2164785152 5368971265 3
2164785152 69793480705 4
2164260864 1107296257 5
6459228160 1107296259 5
6459228160 1107296321 5
6459228160 1107300353 2
6459228160 1107558401 4
6459228160 1174405121 5
6459228160 9697230849 4
6459228160 69826772993 5
2164260864 5368709121 4
2197815296 5368709123 1
2197815296 5368709185 2
2197815296 5368713217 4
2197815296 5368971265 4
2197815296 5435817985 1
2197815296 13958643713 1
2197815296 74088185857 6
2164260864 69793218561 5
6459228160 69793218563 5
6459228160 69793218625 4
6459228160 69793222657 5
6459228160 69793480705 3
6459228160 69826772993 5
6459228160 78383153153 4
6459228160 207232172033 3
16777216 1073741888 4
50331648 1073741889 4
117440512 1073741891 4
117440512 1073742017 4
117440512 1073745985 4
117440512 1074004033 4
117440512 1207959617 3
117440512 3221225537 4
117440512 69793218625 4
50331648 1073742016 1
50331904 1073742017 3
50331904 1073742528 4
50331904 1073746112 4
50331904 1074004160 3
50331904 1140850880 5
50331904 3221225664 5
50331904 69793218752 4
50331648 1073745984 2
50339840 1073745985 3
50339840 1073746112 0
50339840 1073762368 4
50339840 1074008128 0
50339840 1140854848 0
50339840 3221229632 0
50339840 69793222720 3
50331648 1074004032 3
50855936 1074004033 2
50855936 1074004160 4
50855936 1074008128 0
50855936 1075052608 5
50855936 1141112896 5
50855936 3221487680 3
50855936 69793480768 2
50331648 1140850752 4
184549376 1140850753 2
184549376 1140850880 1
184549376 1140854848 0
184549376 1141112896 3
184549376 1409286208 5
184549376 3288334400 1
184549376 69860327488 0
50331648 3221225536 4
117440512 3221225537 4
117440512 3221225664 4
117440512 3221229632 4
117440512 3221487680 4
117440512 3355443264 5
117440512 7516192832 4
117440512 71940702272 4
50331648 69793218624 1
50331776 69793218625 4
50331776 69793218880 6
50331776 69793222720 4
50331776 69793480768 1
50331776 69860327488 0
50331776 71940702272 4
50331776 207232172096 4
16777216 1073745920 4
50331648 1073745921 2
50339840 1073745923 3
50339840 1073745985 3
50339840 1073762305 5
50339840 1074008065 1
50339840 1140854785 1
50339840 3221229569 1
50339840 69793222657 3
50331648 1073745984 0
50331649 1073745986 4
50331649 1073746112 4
50331649 1073754176 2
50331649 1074008128 3
50331649 1140854848 2
50331649 3221229632 4
50331649 69793222720 2
50331648 1073754112 2
50348032 1073754113 4
50348032 1073754176 0
50348032 1073786880 0
50348032 1074016256 3
50348032 1140862976 4
50348032 3221237760 5
50348032 69793230848 4
50331648 1074008064 3
50855936 1074008065 1
50855936 1074008128 0
50855936 1074016256 2
50855936 1075056640 5
50855936 1141116928 5
50855936 3221491712 4
50855936 69793484800 5
50331648 1140854784 4
184549376 1140854785 1
184549376 1140854848 0
184549376 1140862976 2
184549376 1141116928 3
184549376 1409290240 5
184549376 3288338432 5
184549376 69860331520 1
50331648 3221229568 4
117440512 3221229569 4
117440512 3221229632 4
117440512 3221237760 4
117440512 3221491712 4
117440512 3355447296 2
117440512 7516196864 4
117440512 71940706304 4
50331648 69793222656 2
50339840 69793222657 4
50339840 69793222720 3
50339840 69793239040 6
50339840 69793484800 3
50339840 69860331520 5
50339840 71940706304 2
50339840 207232176128 4
16777216 1074003968 3
17301504 1074003969 4
50855936 1074003971 4
50855936 1074004033 2
50855936 1074008065 1
50855936 1075052545 5
50855936 1141112833 5
50855936 3221487617 4
50855936 69793480705 4
17301504 1074004032 3
18350080 1074004033 2
18350080 1074004160 3
18350080 1074008128 0
18350080 1076101184 2
18350080 1107558464 3
18350080 3221487680 3
18350080 69793480768 2
17301504 1074008064 3
18350080 1074008065 1
18350080 1074008128 0
18350080 1074016256 2
18350080 1076105216 4
18350080 1107562496 3
18350080 3221491712 3
18350080 69793484800 2
17301504 1075052544 4
50855936 1075052545 5
50855936 1075052608 5
50855936 1075056640 5
50855936 1077149696 4
50855936 1142161408 5
50855936 3222536192 4
50855936 69794529280 4
17301504 1107558400 3
18350080 1107558401 3
18350080 1107558464 3
18350080 1107562496 4
18350080 1109655552 4
18350080 1174667264 3
18350080 3255042048 4
18350080 69827035136 4
17301504 3221487616 3
18350080 3221487617 3
18350080 3221487680 3
18350080 3221491712 3
18350080 3223584768 6
18350080 3255042048 3
18350080 7516454912 5
18350080 71940964352 3
17301504 69793480704 3
18350080 69793480705 2
18350080 69793480768 4
18350080 69793484800 3
18350080 69795577856 5
18350080 69827035136 3
18350080 71940964352 3
18350080 207232434176 3
16777216 1107296256 4
83886080 1107296257 4
218103808 1107296259 3
218103808 1107296321 4
218103808 1107300353 4
218103808 1107558401 1
218103808 1375731713 0
218103808 3254779905 3
218103808 69826772993 3
83886080 1107296320 1
83886208 1107296321 3
83886208 1107296576 5
83886208 1107300416 1
83886208 1107558464 5
83886208 1241514048 1
83886208 3254779968 4
83886208 69826773056 1
83886080 1107300352 4
218103808 1107300353 2
218103808 1107300416 1
218103808 1107308544 4
218103808 1107562496 4
218103808 1375735808 2
218103808 3254784000 4
218103808 69826777088 4
83886080 1107558400 5
2231369728 1107558401 1
2231369728 1107558464 3
2231369728 1107562496 4
2231369728 1108082688 5
2231369728 1241776128 5
2231369728 5402525696 1
2231369728 69827035136 1
83886080 1241513984 5
2231369728 1241513985 3
2231369728 1241514048 1
2231369728 1241518080 2
2231369728 1241776128 3
2231369728 1509949440 5
2231369728 5536481280 3
2231369728 69960990720 5
83886080 3254779904 4
218103808 3254779905 1
218103808 3254779968 1
218103808 3254784000 2
218103808 3255042048 3
218103808 3523215360 3
218103808 7549747200 5
218103808 71974256640 3
83886080 69826772992 4
218103808 69826772993 3
218103808 69826773056 4
218103808 69826777088 4
218103808 69827035136 3
218103808 70095208448 1
218103808 71974256640 4
218103808 207265726464 4
16777216 3221225472 5
4311744512 3221225473 4
4345298944 3221225475 3
4345298944 3221225537 4
4345298944 3221229569 4
4345298944 3221487617 4
4345298944 3288334337 4
4345298944 11811160065 3
4345298944 71940702209 4
4311744512 3221225536 1
4311744640 3221225537 3
4311744640 3221225792 4
4311744640 3221229632 4
4311744640 3221487680 3
4311744640 3254779968 1
4311744640 11811160128 1
4311744640 71940702272 5
4311744512 3221229568 4
4345298944 3221229569 4
4345298944 3221229632 4
4345298944 3221237760 2
4345298944 3221491712 3
4345298944 3288338432 5
4345298944 11811164160 4
4345298944 71940706304 4
4311744512 3221487616 3
4312268800 3221487617 3
4312268800 3221487680 3
4312268800 3221491712 3
4312268800 3222536192 4
4312268800 3255042048 3
4312268800 11811422208 3
4312268800 71940964352 5
4311744512 3254779904 4
4378853376 3254779905 2
4378853376 3254779968 5
4378853376 3254784000 4
4378853376 3255042048 3
4378853376 3388997632 4
4378853376 11844714496 1
4378853376 71974256640 5
4311744512 11811160064 4
4345298944 11811160065 3
4345298944 11811160128 4
4345298944 11811164160 4
4345298944 11811422208 3
4345298944 11878268928 5
4345298944 28991029248 3
4345298944 80530636800 3
4311744512 71940702208 0
4311744513 71940702210 4
4311744513 71940702272 4
4311744513 71940706304 2
4311744513 71940964352 4
4311744513 71974256640 0
4311744513 80530636800 4
4311744513 209379655680 5
16777216 69793218560 4
50331648 69793218561 2
50335744 69793218563 1
50335744 69793218625 4
50335744 69793226753 4
50335744 69793480705 4
50335744 69860327425 5
50335744 71940702209 3
50335744 207232172033 4
50331648 69793218624 0
50331649 69793218626 3
50331649 69793218752 0
50331649 69793222720 2
50331649 69793480768 4
50331649 69860327488 5
50331649 71940702272 4
50331649 207232172096 5
50331648 69793222656 1
50331712 69793222657 4
50331712 69793222784 4
50331712 69793230848 4
50331712 69793484800 3
50331712 69860331520 2
50331712 71940706304 4
50331712 207232176128 4
50331648 69793480704 4
117440512 69793480705 4
117440512 69793480768 4
117440512 69793484800 4
117440512 69794004992 4
117440512 69927698432 3
117440512 71940964352 4
117440512 207232434176 4
50331648 69860327424 4
184549376 69860327425 3
184549376 69860327488 2
184549376 69860331520 2
184549376 69860589568 5
184549376 70128762880 0
184549376 72007811072 5
184549376 207299280896 3
50331648 71940702208 5
4345298944 71940702209 4
4345298944 71940702272 4
4345298944 71940706304 4
4345298944 71940964352 5
4345298944 72007811072 4
4345298944 80530636800 4
4345298944 209379655680 4
50331648 207232172032 4
117440512 207232172033 4
117440512 207232172096 4
117440512 207232176128 4
117440512 207232434176 4
117440512 207366389760 1
117440512 209379655680 4
117440512 482110078976 4
0 68719476736 3
262144 68719476737 2
266240 68719476739 4
17043456 68719476743 4
17043456 68719476803 4
17043456 68719484931 4
17043456 68720001027 4
17043456 68753031171 4
17043456 69793218563 4
17043456 206158430211 4
266240 68719476801 3
790528 68719476803 5
790528 68719476929 3
790528 68719484993 4
790528 68720525377 2
790528 68736254017 2
790528 69793218625 3
790528 206158430273 5
266240 68719484929 4
17043456 68719484931 4
17043456 68719484993 4
17043456 68719501313 4
17043456 68720009217 4
17043456 68753039361 4
17043456 69793226753 4
17043456 206158438401 4
266240 68720001025 4
17043456 68720001027 4
17043456 68720001089 4
17043456 68720009217 4
17043456 68721049601 4
17043456 68753555457 4
17043456 69793742849 4
17043456 206158954497 4
266240 68736253953 2
274432 68736253955 2
274432 68736254017 3
274432 68736270337 3
274432 68736778241 2
274432 68769808385 4
274432 69809995777 3
274432 206175207425 3
266240 69793218561 3
790528 69793218563 4
790528 69793218625 3
790528 69793226753 3
790528 69794267137 2
790528 69809995777 3
790528 71940702209 3
790528 207232172033 2
266240 206158430209 4
17043456 206158430211 4
17043456 206158430273 4
17043456 206158438401 4
17043456 206158954497 4
17043456 206191984641 4
17043456 207232172033 4
17043456 481036337153 4
262144 68719476800 3
786432 68719476801 3
1835008 68719476803 0
1835008 68719476929 3
1835008 68719480897 3
1835008 68721573953 0
1835008 68736254017 3
1835008 69793218625 0
1835008 206158430273 3
786432 68719476928 3
1835008 68719476929 3
1835008 68719477184 3
1835008 68719481024 3
1835008 68721574080 4
1835008 68736254144 3
1835008 69793218752 3
1835008 206158430400 3
786432 68719480896 3
1835008 68719480897 3
1835008 68719481024 3
1835008 68719489088 3
1835008 68721578048 2
1835008 68736258112 3
1835008 69793222720 3
1835008 206158434368 3
786432 68720525376 1
786560 68720525377 6
786560 68720525632 3
786560 68720529472 1
786560 68722622528 6
786560 68737302592 4
786560 69794267200 0
786560 206159478848 3
786432 68736254016 3
1835008 68736254017 3
1835008 68736254144 3
1835008 68736258112 3
1835008 68738351168 6
1835008 68769808448 3
1835008 69809995840 3
1835008 206175207488 3
786432 69793218624 2
790528 69793218625 3
790528 69793218752 3
790528 69793226816 3
790528 69794267200 2
790528 69809995840 4
790528 71940702272 2
790528 207232172096 0
786432 206158430272 2
790528 206158430273 5
790528 206158430400 4
790528 206158438464 4
790528 206159478848 2
790528 206175207488 2
790528 207232172096 2
790528 481036337216 6
262144 68719480832 3
786432 68719480833 3
1835008 68719480835 3
1835008 68719480897 3
1835008 68719489025 3
1835008 68721577985 0
1835008 68736258049 3
1835008 69793222657 3
1835008 206158434305 3
786432 68719480896 3
1835008 68719480897 3
1835008 68719481024 3
1835008 68719489088 3
1835008 68721578048 2
1835008 68736258112 3
1835008 69793222720 3
1835008 206158434368 3
786432 68719489024 3
1835008 68719489025 3
1835008 68719489088 3
1835008 68719505408 3
1835008 68721586176 2
1835008 68736266240 3
1835008 69793230848 3
1835008 206158442496 3
786432 68720529408 2
794624 68720529409 2
794624 68720529472 1
794624 68720545792 2
794624 68722626560 6
794624 68737306624 4
794624 69794271232 3
794624 206159482880 6
786432 68736258048 4
34340864 68736258049 5
34340864 68736258112 5
34340864 68736266240 3
34340864 68737306624 2
34340864 68803366912 3
34340864 69809999872 5
34340864 206175211520 3
786432 69793222656 2
794624 69793222657 3
794624 69793222720 3
794624 69793239040 5
794624 69794271232 5
794624 69809999872 4
794624 71940706304 3
794624 207232176128 3
786432 206158434304 3
1835008 206158434305 3
1835008 206158434368 3
1835008 206158442496 3
1835008 206160531456 2
1835008 206175211520 3
1835008 207232176128 3
1835008 481036341248 3
262144 68720001024 1
262208 68720001025 3
1310784 68720001027 4
1310784 68720001153 3
1310784 68720005121 3
1310784 68722098177 4
1310784 68736778241 3
1310784 69793742849 2
1310784 206158954497 3
262208 68720001152 2
266304 68720001153 3
266304 68720001408 3
266304 68720009344 3
266304 68721049728 3
266304 68736778368 3
266304 69793742976 3
266304 206158954624 3
262208 68720005120 3
1310784 68720005121 3
1310784 68720005248 3
1310784 68720013312 3
1310784 68722102272 2
1310784 68736782336 4
1310784 69793746944 3
1310784 206158958592 3
262208 68721049600 2
266304 68721049601 3
266304 68721049728 3
266304 68721057792 3
266304 68723146752 3
266304 68737826816 3
266304 69794791424 3
266304 206160003072 3
262208 68736778240 2
266304 68736778241 3
266304 68736778368 3
266304 68736786432 3
266304 68737826816 3
266304 68770332672 3
266304 69810520064 3
266304 206175731712 3
262208 69793742848 2
266304 69793742849 3
266304 69793742976 3
266304 69793751040 3
266304 69794791424 3
266304 69810520064 3
266304 71941226496 3
266304 207232696320 3
262208 206158954496 2
266304 206158954497 3
266304 206158954624 3
266304 206158962688 3
266304 206160003072 3
266304 206175731712 3
266304 207232696320 3
266304 481036861440 3
262144 68736253952 3
786432 68736253953 0
34340864 68736253955 3
34340864 68736254017 3
34340864 68736258049 3
34340864 68737302529 6
34340864 68803362817 3
34340864 69809995777 5
34340864 206175207425 3
786432 68736254016 4
34340864 68736254017 3
34340864 68736254144 3
34340864 68736258112 5
34340864 68737302592 1
34340864 68803362880 6
34340864 69809995840 5
34340864 206175207488 3
786432 68736258048 4
34340864 68736258049 3
34340864 68736258112 5
34340864 68736266240 3
34340864 68737306624 2
34340864 68803366912 3
34340864 69809999872 5
34340864 206175211520 3
786432 68737302528 4
34340864 68737302529 6
34340864 68737302592 3
34340864 68737306624 2
34340864 68739399680 6
34340864 68804411392 6
34340864 69811044352 5
34340864 206176256000 4
786432 68769808384 4
67895296 68769808385 3
67895296 68769808448 3
67895296 68769812480 3
67895296 68770856960 4
67895296 68904026112 3
67895296 69843550208 3
67895296 206208761856 3
786432 69809995776 4
34340864 69809995777 5
34340864 69809995840 5
34340864 69809999872 5
34340864 69811044352 1
34340864 69877104640 3
34340864 71957479424 3
34340864 207248949248 3
786432 206175207424 3
1835008 206175207425 3
1835008 206175207488 3
1835008 206175211520 3
1835008 206177304576 3
1835008 206208761856 3
1835008 207248949248 3
1835008 481053114368 3
262144 69793218560 3
786432 69793218561 3
1835008 69793218563 3
1835008 69793218625 0
1835008 69793222657 3
1835008 69795315713 0
1835008 69809995777 3
1835008 71940702209 3
1835008 207232172033 3
786432 69793218624 1
786560 69793218625 1
786560 69793218880 4
786560 69793222720 1
786560 69794267200 0
786560 69809995840 3
786560 71940702272 1
786560 207232172096 1
786432 69793222656 3
1835008 69793222657 3
1835008 69793222720 3
1835008 69793230848 3
1835008 69795319808 5
1835008 69809999872 3
1835008 71940706304 3
1835008 207232176128 3
786432 69794267136 5
2148270080 69794267137 1
2148270080 69794267200 1
2148270080 69794271232 2
2148270080 69796364288 5
2148270080 69811044352 4
2148270080 74089234432 2
2148270080 207233220608 3
786432 69809995776 3
1835008 69809995777 3
1835008 69809995840 3
1835008 69809999872 3
1835008 69812092928 5
1835008 69843550208 3
1835008 71957479424 3
1835008 207248949248 3
786432 71940702208 2
790528 71940702209 2
790528 71940702272 3
790528 71940710400 1
790528 71941750784 1
790528 71957479424 1
790528 76235669504 5
790528 209379655680 1
786432 207232172032 1
786496 207232172033 3
786496 207232172160 2
786496 207232176128 2
786496 207233220608 2
786496 207248949248 4
786496 209379655680 2
786496 482110078976 6
262144 206158430208 3
786432 206158430209 4
17563648 206158430211 2
17563648 206158430273 4
17563648 206158434305 3
17563648 206159478785 2
17563648 206191984641 2
17563648 207232172033 2
17563648 481036337153 6
786432 206158430272 2
790528 206158430273 3
790528 206158430400 4
790528 206158438464 3
790528 206159478848 2
790528 206175207488 2
790528 207232172096 2
790528 481036337216 6
786432 206158434304 3
1835008 206158434305 3
1835008 206158434368 3
1835008 206158442496 3
1835008 206160531456 2
1835008 206175211520 3
1835008 207232176128 3
1835008 481036341248 3
786432 206159478784 2
790528 206159478785 4
790528 206159478848 2
790528 206159486976 1
790528 206161575936 4
790528 206176256000 2
790528 207233220608 1
790528 481037385728 6
786432 206175207424 3
1835008 206175207425 3
1835008 206175207488 3
1835008 206175211520 3
1835008 206177304576 2
1835008 206208761856 3
1835008 207248949248 3
1835008 481053114368 3
786432 207232172032 1
786496 207232172033 3
786496 207232172160 2
786496 207232176128 2
786496 207233220608 2
786496 207248949248 0
786496 209379655680 2
786496 482110078976 6
786432 481036337152 6
549756600320 481036337153 2
549756600320 481036337216 3
549756600320 481036341248 3
549756600320 481037385728 2
549756600320 481053114368 2
549756600320 482110078976 2
549756600320 1580547964928 2